<?xml version="1.0" encoding="UTF-8"?>
<!DOCTYPE mapper PUBLIC "-//mybatis.org//DTD Mapper 3.0//EN" "http://mybatis.org/dtd/mybatis-3-mapper.dtd">
<mapper namespace="com.wuage.order.dao.AttachmentMapper">
  <resultMap id="BaseResultMap" type="com.wuage.order.entity.Attachment">
    <id column="id" jdbcType="BIGINT" property="id" />
    <result column="source_id" jdbcType="VARCHAR" property="sourceId" />
    <result column="source_type" jdbcType="VARCHAR" property="sourceType" />
    <result column="url" jdbcType="VARCHAR" property="url" />
    <result column="gmt_create" jdbcType="TIMESTAMP" property="gmtCreate" />
    <result column="gmt_modified" jdbcType="TIMESTAMP" property="gmtModified" />
  </resultMap>
  <sql id="Example_Where_Clause">
    <where>
      <foreach collection="oredCriteria" item="criteria" separator="or">
        <if test="criteria.valid">
          <trim prefix="(" prefixOverrides="and" suffix=")">
            <foreach collection="criteria.criteria" item="criterion">
              <choose>
                <when test="criterion.noValue">
                  and ${criterion.condition}
                </when>
                <when test="criterion.singleValue">
                  and ${criterion.condition} #{criterion.value}
                </when>
                <when test="criterion.betweenValue">
                  and ${criterion.condition} #{criterion.value} and #{criterion.secondValue}
                </when>
                <when test="criterion.listValue">
                  and ${criterion.condition}
                  <foreach close=")" collection="criterion.value" item="listItem" open="(" separator=",">
                    #{listItem}
                  </foreach>
                </when>
              </choose>
            </foreach>
          </trim>
        </if>
      </foreach>
    </where>
  </sql>
  <sql id="Update_By_Example_Where_Clause">
    <where>
      <foreach collection="example.oredCriteria" item="criteria" separator="or">
        <if test="criteria.valid">
          <trim prefix="(" prefixOverrides="and" suffix=")">
            <foreach collection="criteria.criteria" item="criterion">
              <choose>
                <when test="criterion.noValue">
                  and ${criterion.condition}
                </when>
                <when test="criterion.singleValue">
                  and ${criterion.condition} #{criterion.value}
                </when>
                <when test="criterion.betweenValue">
                  and ${criterion.condition} #{criterion.value} and #{criterion.secondValue}
                </when>
                <when test="criterion.listValue">
                  and ${criterion.condition}
                  <foreach close=")" collection="criterion.value" item="listItem" open="(" separator=",">
                    #{listItem}
                  </foreach>
                </when>
              </choose>
            </foreach>
          </trim>
        </if>
      </foreach>
    </where>
  </sql>
  <sql id="Base_Column_List">
    id, source_id, source_type, url, gmt_create, gmt_modified
  </sql>
  <select id="selectByExample" parameterType="com.wuage.order.entity.AttachmentExample" resultMap="BaseResultMap">
    select
    <if test="distinct">
      distinct
    </if>
    <include refid="Base_Column_List" />
    from tc_attachment
    <if test="_parameter != null">
      <include refid="Example_Where_Clause" />
    </if>
    <if test="orderByClause != null">
      order by ${orderByClause}
    </if>
    <if test="limitStart &gt;= 0">
       limit ${limitStart} , ${pageSize}
    </if>
  </select>
  <select id="selectByPrimaryKey" parameterType="java.lang.Long" resultMap="BaseResultMap">
    select 
    <include refid="Base_Column_List" />
    from tc_attachment
    where id = #{id,jdbcType=BIGINT}
  </select>
  <delete id="deleteByPrimaryKey" parameterType="java.lang.Long">
    delete from tc_attachment
    where id = #{id,jdbcType=BIGINT}
  </delete>
  <delete id="deleteByExample" parameterType="com.wuage.order.entity.AttachmentExample">
    delete from tc_attachment
    <if test="_parameter != null">
      <include refid="Example_Where_Clause" />
    </if>
  </delete>
  <insert id="insert" parameterType="com.wuage.order.entity.Attachment">
    insert into tc_attachment (id, source_id, source_type, 
      url, gmt_create, gmt_modified
      )
    values (#{id,jdbcType=BIGINT}, #{sourceId,jdbcType=VARCHAR}, #{sourceType,jdbcType=VARCHAR}, 
      #{url,jdbcType=VARCHAR}, #{gmtCreate,jdbcType=TIMESTAMP}, #{gmtModified,jdbcType=TIMESTAMP}
      )
  </insert>
  <insert id="insertSelective" parameterType="com.wuage.order.entity.Attachment">
    insert into tc_attachment
    <trim prefix="(" suffix=")" suffixOverrides=",">
      <if test="id != null">
        id,
      </if>
      <if test="sourceId != null">
        source_id,
      </if>
      <if test="sourceType != null">
        source_type,
      </if>
      <if test="url != null">
        url,
      </if>
      <if test="gmtCreate != null">
        gmt_create,
      </if>
      <if test="gmtModified != null">
        gmt_modified,
      </if>
    </trim>
    <trim prefix="values (" suffix=")" suffixOverrides=",">
      <if test="id != null">
        #{id,jdbcType=BIGINT},
      </if>
      <if test="sourceId != null">
        #{sourceId,jdbcType=VARCHAR},
      </if>
      <if test="sourceType != null">
        #{sourceType,jdbcType=VARCHAR},
      </if>
      <if test="url != null">
        #{url,jdbcType=VARCHAR},
      </if>
      <if test="gmtCreate != null">
        #{gmtCreate,jdbcType=TIMESTAMP},
      </if>
      <if test="gmtModified != null">
        #{gmtModified,jdbcType=TIMESTAMP},
      </if>
    </trim>
  </insert>
  <select id="countByExample" parameterType="com.wuage.order.entity.AttachmentExample" resultType="java.lang.Long">
    select count(*) from tc_attachment
    <if test="_parameter != null">
      <include refid="Example_Where_Clause" />
    </if>
  </select>
  <update id="updateByExampleSelective" parameterType="map">
    update tc_attachment
    <set>
      <if test="record.id != null">
        id = #{record.id,jdbcType=BIGINT},
      </if>
      <if test="record.sourceId != null">
        source_id = #{record.sourceId,jdbcType=VARCHAR},
      </if>
      <if test="record.sourceType != null">
        source_type = #{record.sourceType,jdbcType=VARCHAR},
      </if>
      <if test="record.url != null">
        url = #{record.url,jdbcType=VARCHAR},
      </if>
      <if test="record.gmtCreate != null">
        gmt_create = #{record.gmtCreate,jdbcType=TIMESTAMP},
      </if>
      <if test="record.gmtModified != null">
        gmt_modified = #{record.gmtModified,jdbcType=TIMESTAMP},
      </if>
    </set>
    <if test="_parameter != null">
      <include refid="Update_By_Example_Where_Clause" />
    </if>
  </update>
  <update id="updateByExample" parameterType="map">
    update tc_attachment
    set id = #{record.id,jdbcType=BIGINT},
      source_id = #{record.sourceId,jdbcType=VARCHAR},
      source_type = #{record.sourceType,jdbcType=VARCHAR},
      url = #{record.url,jdbcType=VARCHAR},
      gmt_create = #{record.gmtCreate,jdbcType=TIMESTAMP},
      gmt_modified = #{record.gmtModified,jdbcType=TIMESTAMP}
    <if test="_parameter != null">
      <include refid="Update_By_Example_Where_Clause" />
    </if>
  </update>
  <update id="updateByPrimaryKeySelective" parameterType="com.wuage.order.entity.Attachment">
    update tc_attachment
    <set>
      <if test="sourceId != null">
        source_id = #{sourceId,jdbcType=VARCHAR},
      </if>
      <if test="sourceType != null">
        source_type = #{sourceType,jdbcType=VARCHAR},
      </if>
      <if test="url != null">
        url = #{url,jdbcType=VARCHAR},
      </if>
      <if test="gmtCreate != null">
        gmt_create = #{gmtCreate,jdbcType=TIMESTAMP},
      </if>
      <if test="gmtModified != null">
        gmt_modified = #{gmtModified,jdbcType=TIMESTAMP},
      </if>
    </set>
    where id = #{id,jdbcType=BIGINT}
  </update>
  <update id="updateByPrimaryKey" parameterType="com.wuage.order.entity.Attachment">
    update tc_attachment
    set source_id = #{sourceId,jdbcType=VARCHAR},
      source_type = #{sourceType,jdbcType=VARCHAR},
      url = #{url,jdbcType=VARCHAR},
      gmt_create = #{gmtCreate,jdbcType=TIMESTAMP},
      gmt_modified = #{gmtModified,jdbcType=TIMESTAMP}
    where id = #{id,jdbcType=BIGINT}
  </update>
  <resultMap id="BaseResultMap" type="com.wuage.order.entity.Attachment">
    <id column="id" jdbcType="BIGINT" property="id" />
    <result column="source_id" jdbcType="VARCHAR" property="sourceId" />
    <result column="source_type" jdbcType="VARCHAR" property="sourceType" />
    <result column="url" jdbcType="VARCHAR" property="url" />
    <result column="gmt_create" jdbcType="TIMESTAMP" property="gmtCreate" />
    <result column="gmt_modified" jdbcType="TIMESTAMP" property="gmtModified" />
  </resultMap>
  <sql id="Example_Where_Clause">
    <where>
      <foreach collection="oredCriteria" item="criteria" separator="or">
        <if test="criteria.valid">
          <trim prefix="(" prefixOverrides="and" suffix=")">
            <foreach collection="criteria.criteria" item="criterion">
              <choose>
                <when test="criterion.noValue">
                  and ${criterion.condition}
                </when>
                <when test="criterion.singleValue">
                  and ${criterion.condition} #{criterion.value}
                </when>
                <when test="criterion.betweenValue">
                  and ${criterion.condition} #{criterion.value} and #{criterion.secondValue}
                </when>
                <when test="criterion.listValue">
                  and ${criterion.condition}
                  <foreach close=")" collection="criterion.value" item="listItem" open="(" separator=",">
                    #{listItem}
                  </foreach>
                </when>
              </choose>
            </foreach>
          </trim>
        </if>
      </foreach>
    </where>
  </sql>
  <sql id="Update_By_Example_Where_Clause">
    <where>
      <foreach collection="example.oredCriteria" item="criteria" separator="or">
        <if test="criteria.valid">
          <trim prefix="(" prefixOverrides="and" suffix=")">
            <foreach collection="criteria.criteria" item="criterion">
              <choose>
                <when test="criterion.noValue">
                  and ${criterion.condition}
                </when>
                <when test="criterion.singleValue">
                  and ${criterion.condition} #{criterion.value}
                </when>
                <when test="criterion.betweenValue">
                  and ${criterion.condition} #{criterion.value} and #{criterion.secondValue}
                </when>
                <when test="criterion.listValue">
                  and ${criterion.condition}
                  <foreach close=")" collection="criterion.value" item="listItem" open="(" separator=",">
                    #{listItem}
                  </foreach>
                </when>
              </choose>
            </foreach>
          </trim>
        </if>
      </foreach>
    </where>
  </sql>
  <sql id="Base_Column_List">
    id, source_id, source_type, url, gmt_create, gmt_modified
  </sql>
  <select id="selectByExample" parameterType="com.wuage.order.entity.AttachmentExample" resultMap="BaseResultMap">
    select
    <if test="distinct">
      distinct
    </if>
    <include refid="Base_Column_List" />
    from tc_attachment
    <if test="_parameter != null">
      <include refid="Example_Where_Clause" />
    </if>
    <if test="orderByClause != null">
      order by ${orderByClause}
    </if>
    <if test="limitStart &gt;= 0">
       limit ${limitStart} , ${pageSize}
    </if>
  </select>
  <select id="selectByPrimaryKey" parameterType="java.lang.Long" resultMap="BaseResultMap">
    select 
    <include refid="Base_Column_List" />
    from tc_attachment
    where id = #{id,jdbcType=BIGINT}
  </select>
  <delete id="deleteByPrimaryKey" parameterType="java.lang.Long">
    delete from tc_attachment
    where id = #{id,jdbcType=BIGINT}
  </delete>
  <delete id="deleteByExample" parameterType="com.wuage.order.entity.AttachmentExample">
    delete from tc_attachment
    <if test="_parameter != null">
      <include refid="Example_Where_Clause" />
    </if>
  </delete>
  <insert id="insert" parameterType="com.wuage.order.entity.Attachment">
    insert into tc_attachment (id, source_id, source_type, 
      url, gmt_create, gmt_modified
      )
    values (#{id,jdbcType=BIGINT}, #{sourceId,jdbcType=VARCHAR}, #{sourceType,jdbcType=VARCHAR}, 
      #{url,jdbcType=VARCHAR}, #{gmtCreate,jdbcType=TIMESTAMP}, #{gmtModified,jdbcType=TIMESTAMP}
      )
  </insert>
  <insert id="insertSelective" parameterType="com.wuage.order.entity.Attachment">
    insert into tc_attachment
    <trim prefix="(" suffix=")" suffixOverrides=",">
      <if test="id != null">
        id,
      </if>
      <if test="sourceId != null">
        source_id,
      </if>
      <if test="sourceType != null">
        source_type,
      </if>
      <if test="url != null">
        url,
      </if>
      <if test="gmtCreate != null">
        gmt_create,
      </if>
      <if test="gmtModified != null">
        gmt_modified,
      </if>
    </trim>
    <trim prefix="values (" suffix=")" suffixOverrides=",">
      <if test="id != null">
        #{id,jdbcType=BIGINT},
      </if>
      <if test="sourceId != null">
        #{sourceId,jdbcType=VARCHAR},
      </if>
      <if test="sourceType != null">
        #{sourceType,jdbcType=VARCHAR},
      </if>
      <if test="url != null">
        #{url,jdbcType=VARCHAR},
      </if>
      <if test="gmtCreate != null">
        #{gmtCreate,jdbcType=TIMESTAMP},
      </if>
      <if test="gmtModified != null">
        #{gmtModified,jdbcType=TIMESTAMP},
      </if>
    </trim>
  </insert>
  <select id="countByExample" parameterType="com.wuage.order.entity.AttachmentExample" resultType="java.lang.Long">
    select count(*) from tc_attachment
    <if test="_parameter != null">
      <include refid="Example_Where_Clause" />
    </if>
  </select>
  <update id="updateByExampleSelective" parameterType="map">
    update tc_attachment
    <set>
      <if test="record.id != null">
        id = #{record.id,jdbcType=BIGINT},
      </if>
      <if test="record.sourceId != null">
        source_id = #{record.sourceId,jdbcType=VARCHAR},
      </if>
      <if test="record.sourceType != null">
        source_type = #{record.sourceType,jdbcType=VARCHAR},
      </if>
      <if test="record.url != null">
        url = #{record.url,jdbcType=VARCHAR},
      </if>
      <if test="record.gmtCreate != null">
        gmt_create = #{record.gmtCreate,jdbcType=TIMESTAMP},
      </if>
      <if test="record.gmtModified != null">
        gmt_modified = #{record.gmtModified,jdbcType=TIMESTAMP},
      </if>
    </set>
    <if test="_parameter != null">
      <include refid="Update_By_Example_Where_Clause" />
    </if>
  </update>
  <update id="updateByExample" parameterType="map">
    update tc_attachment
    set id = #{record.id,jdbcType=BIGINT},
      source_id = #{record.sourceId,jdbcType=VARCHAR},
      source_type = #{record.sourceType,jdbcType=VARCHAR},
      url = #{record.url,jdbcType=VARCHAR},
      gmt_create = #{record.gmtCreate,jdbcType=TIMESTAMP},
      gmt_modified = #{record.gmtModified,jdbcType=TIMESTAMP}
    <if test="_parameter != null">
      <include refid="Update_By_Example_Where_Clause" />
    </if>
  </update>
  <update id="updateByPrimaryKeySelective" parameterType="com.wuage.order.entity.Attachment">
    update tc_attachment
    <set>
      <if test="sourceId != null">
        source_id = #{sourceId,jdbcType=VARCHAR},
      </if>
      <if test="sourceType != null">
        source_type = #{sourceType,jdbcType=VARCHAR},
      </if>
      <if test="url != null">
        url = #{url,jdbcType=VARCHAR},
      </if>
      <if test="gmtCreate != null">
        gmt_create = #{gmtCreate,jdbcType=TIMESTAMP},
      </if>
      <if test="gmtModified != null">
        gmt_modified = #{gmtModified,jdbcType=TIMESTAMP},
      </if>
    </set>
    where id = #{id,jdbcType=BIGINT}
  </update>
  <update id="updateByPrimaryKey" parameterType="com.wuage.order.entity.Attachment">
    update tc_attachment
    set source_id = #{sourceId,jdbcType=VARCHAR},
      source_type = #{sourceType,jdbcType=VARCHAR},
      url = #{url,jdbcType=VARCHAR},
      gmt_create = #{gmtCreate,jdbcType=TIMESTAMP},
      gmt_modified = #{gmtModified,jdbcType=TIMESTAMP}
    where id = #{id,jdbcType=BIGINT}
  </update>
  <resultMap id="BaseResultMap" type="com.wuage.order.entity.Attachment">
    <id column="id" jdbcType="BIGINT" property="id" />
    <result column="source_id" jdbcType="VARCHAR" property="sourceId" />
    <result column="source_type" jdbcType="VARCHAR" property="sourceType" />
    <result column="url" jdbcType="VARCHAR" property="url" />
    <result column="gmt_create" jdbcType="TIMESTAMP" property="gmtCreate" />
    <result column="gmt_modified" jdbcType="TIMESTAMP" property="gmtModified" />
  </resultMap>
  <sql id="Example_Where_Clause">
    <where>
      <foreach collection="oredCriteria" item="criteria" separator="or">
        <if test="criteria.valid">
          <trim prefix="(" prefixOverrides="and" suffix=")">
            <foreach collection="criteria.criteria" item="criterion">
              <choose>
                <when test="criterion.noValue">
                  and ${criterion.condition}
                </when>
                <when test="criterion.singleValue">
                  and ${criterion.condition} #{criterion.value}
                </when>
                <when test="criterion.betweenValue">
                  and ${criterion.condition} #{criterion.value} and #{criterion.secondValue}
                </when>
                <when test="criterion.listValue">
                  and ${criterion.condition}
                  <foreach close=")" collection="criterion.value" item="listItem" open="(" separator=",">
                    #{listItem}
                  </foreach>
                </when>
              </choose>
            </foreach>
          </trim>
        </if>
      </foreach>
    </where>
  </sql>
  <sql id="Update_By_Example_Where_Clause">
    <where>
      <foreach collection="example.oredCriteria" item="criteria" separator="or">
        <if test="criteria.valid">
          <trim prefix="(" prefixOverrides="and" suffix=")">
            <foreach collection="criteria.criteria" item="criterion">
              <choose>
                <when test="criterion.noValue">
                  and ${criterion.condition}
                </when>
                <when test="criterion.singleValue">
                  and ${criterion.condition} #{criterion.value}
                </when>
                <when test="criterion.betweenValue">
                  and ${criterion.condition} #{criterion.value} and #{criterion.secondValue}
                </when>
                <when test="criterion.listValue">
                  and ${criterion.condition}
                  <foreach close=")" collection="criterion.value" item="listItem" open="(" separator=",">
                    #{listItem}
                  </foreach>
                </when>
              </choose>
            </foreach>
          </trim>
        </if>
      </foreach>
    </where>
  </sql>
  <sql id="Base_Column_List">
    id, source_id, source_type, url, gmt_create, gmt_modified
  </sql>
  <select id="selectByExample" parameterType="com.wuage.order.entity.AttachmentExample" resultMap="BaseResultMap">
    select
    <if test="distinct">
      distinct
    </if>
    <include refid="Base_Column_List" />
    from tc_attachment
    <if test="_parameter != null">
      <include refid="Example_Where_Clause" />
    </if>
    <if test="orderByClause != null">
      order by ${orderByClause}
    </if>
    <if test="limitStart &gt;= 0">
       limit ${limitStart} , ${pageSize}
    </if>
  </select>
  <select id="selectByPrimaryKey" parameterType="java.lang.Long" resultMap="BaseResultMap">
    select 
    <include refid="Base_Column_List" />
    from tc_attachment
    where id = #{id,jdbcType=BIGINT}
  </select>
  <delete id="deleteByPrimaryKey" parameterType="java.lang.Long">
    delete from tc_attachment
    where id = #{id,jdbcType=BIGINT}
  </delete>
  <delete id="deleteByExample" parameterType="com.wuage.order.entity.AttachmentExample">
    delete from tc_attachment
    <if test="_parameter != null">
      <include refid="Example_Where_Clause" />
    </if>
  </delete>
  <insert id="insert" parameterType="com.wuage.order.entity.Attachment">
    insert into tc_attachment (id, source_id, source_type, 
      url, gmt_create, gmt_modified
      )
    values (#{id,jdbcType=BIGINT}, #{sourceId,jdbcType=VARCHAR}, #{sourceType,jdbcType=VARCHAR}, 
      #{url,jdbcType=VARCHAR}, #{gmtCreate,jdbcType=TIMESTAMP}, #{gmtModified,jdbcType=TIMESTAMP}
      )
  </insert>
  <insert id="insertSelective" parameterType="com.wuage.order.entity.Attachment">
    insert into tc_attachment
    <trim prefix="(" suffix=")" suffixOverrides=",">
      <if test="id != null">
        id,
      </if>
      <if test="sourceId != null">
        source_id,
      </if>
      <if test="sourceType != null">
        source_type,
      </if>
      <if test="url != null">
        url,
      </if>
      <if test="gmtCreate != null">
        gmt_create,
      </if>
      <if test="gmtModified != null">
        gmt_modified,
      </if>
    </trim>
    <trim prefix="values (" suffix=")" suffixOverrides=",">
      <if test="id != null">
        #{id,jdbcType=BIGINT},
      </if>
      <if test="sourceId != null">
        #{sourceId,jdbcType=VARCHAR},
      </if>
      <if test="sourceType != null">
        #{sourceType,jdbcType=VARCHAR},
      </if>
      <if test="url != null">
        #{url,jdbcType=VARCHAR},
      </if>
      <if test="gmtCreate != null">
        #{gmtCreate,jdbcType=TIMESTAMP},
      </if>
      <if test="gmtModified != null">
        #{gmtModified,jdbcType=TIMESTAMP},
      </if>
    </trim>
  </insert>
  <select id="countByExample" parameterType="com.wuage.order.entity.AttachmentExample" resultType="java.lang.Long">
    select count(*) from tc_attachment
    <if test="_parameter != null">
      <include refid="Example_Where_Clause" />
    </if>
  </select>
  <update id="updateByExampleSelective" parameterType="map">
    update tc_attachment
    <set>
      <if test="record.id != null">
        id = #{record.id,jdbcType=BIGINT},
      </if>
      <if test="record.sourceId != null">
        source_id = #{record.sourceId,jdbcType=VARCHAR},
      </if>
      <if test="record.sourceType != null">
        source_type = #{record.sourceType,jdbcType=VARCHAR},
      </if>
      <if test="record.url != null">
        url = #{record.url,jdbcType=VARCHAR},
      </if>
      <if test="record.gmtCreate != null">
        gmt_create = #{record.gmtCreate,jdbcType=TIMESTAMP},
      </if>
      <if test="record.gmtModified != null">
        gmt_modified = #{record.gmtModified,jdbcType=TIMESTAMP},
      </if>
    </set>
    <if test="_parameter != null">
      <include refid="Update_By_Example_Where_Clause" />
    </if>
  </update>
  <update id="updateByExample" parameterType="map">
    update tc_attachment
    set id = #{record.id,jdbcType=BIGINT},
      source_id = #{record.sourceId,jdbcType=VARCHAR},
      source_type = #{record.sourceType,jdbcType=VARCHAR},
      url = #{record.url,jdbcType=VARCHAR},
      gmt_create = #{record.gmtCreate,jdbcType=TIMESTAMP},
      gmt_modified = #{record.gmtModified,jdbcType=TIMESTAMP}
    <if test="_parameter != null">
      <include refid="Update_By_Example_Where_Clause" />
    </if>
  </update>
  <update id="updateByPrimaryKeySelective" parameterType="com.wuage.order.entity.Attachment">
    update tc_attachment
    <set>
      <if test="sourceId != null">
        source_id = #{sourceId,jdbcType=VARCHAR},
      </if>
      <if test="sourceType != null">
        source_type = #{sourceType,jdbcType=VARCHAR},
      </if>
      <if test="url != null">
        url = #{url,jdbcType=VARCHAR},
      </if>
      <if test="gmtCreate != null">
        gmt_create = #{gmtCreate,jdbcType=TIMESTAMP},
      </if>
      <if test="gmtModified != null">
        gmt_modified = #{gmtModified,jdbcType=TIMESTAMP},
      </if>
    </set>
    where id = #{id,jdbcType=BIGINT}
  </update>
  <update id="updateByPrimaryKey" parameterType="com.wuage.order.entity.Attachment">
    update tc_attachment
    set source_id = #{sourceId,jdbcType=VARCHAR},
      source_type = #{sourceType,jdbcType=VARCHAR},
      url = #{url,jdbcType=VARCHAR},
      gmt_create = #{gmtCreate,jdbcType=TIMESTAMP},
      gmt_modified = #{gmtModified,jdbcType=TIMESTAMP}
    where id = #{id,jdbcType=BIGINT}
  </update>
  <resultMap id="BaseResultMap" type="com.wuage.order.entity.Attachment">
    <id column="id" jdbcType="BIGINT" property="id" />
    <result column="source_id" jdbcType="VARCHAR" property="sourceId" />
    <result column="source_type" jdbcType="VARCHAR" property="sourceType" />
    <result column="url" jdbcType="VARCHAR" property="url" />
    <result column="gmt_create" jdbcType="TIMESTAMP" property="gmtCreate" />
    <result column="gmt_modified" jdbcType="TIMESTAMP" property="gmtModified" />
  </resultMap>
  <sql id="Example_Where_Clause">
    <where>
      <foreach collection="oredCriteria" item="criteria" separator="or">
        <if test="criteria.valid">
          <trim prefix="(" prefixOverrides="and" suffix=")">
            <foreach collection="criteria.criteria" item="criterion">
              <choose>
                <when test="criterion.noValue">
                  and ${criterion.condition}
                </when>
                <when test="criterion.singleValue">
                  and ${criterion.condition} #{criterion.value}
                </when>
                <when test="criterion.betweenValue">
                  and ${criterion.condition} #{criterion.value} and #{criterion.secondValue}
                </when>
                <when test="criterion.listValue">
                  and ${criterion.condition}
                  <foreach close=")" collection="criterion.value" item="listItem" open="(" separator=",">
                    #{listItem}
                  </foreach>
                </when>
              </choose>
            </foreach>
          </trim>
        </if>
      </foreach>
    </where>
  </sql>
  <sql id="Update_By_Example_Where_Clause">
    <where>
      <foreach collection="example.oredCriteria" item="criteria" separator="or">
        <if test="criteria.valid">
          <trim prefix="(" prefixOverrides="and" suffix=")">
            <foreach collection="criteria.criteria" item="criterion">
              <choose>
                <when test="criterion.noValue">
                  and ${criterion.condition}
                </when>
                <when test="criterion.singleValue">
                  and ${criterion.condition} #{criterion.value}
                </when>
                <when test="criterion.betweenValue">
                  and ${criterion.condition} #{criterion.value} and #{criterion.secondValue}
                </when>
                <when test="criterion.listValue">
                  and ${criterion.condition}
                  <foreach close=")" collection="criterion.value" item="listItem" open="(" separator=",">
                    #{listItem}
                  </foreach>
                </when>
              </choose>
            </foreach>
          </trim>
        </if>
      </foreach>
    </where>
  </sql>
  <sql id="Base_Column_List">
    id, source_id, source_type, url, gmt_create, gmt_modified
  </sql>
  <select id="selectByExample" parameterType="com.wuage.order.entity.AttachmentExample" resultMap="BaseResultMap">
    select
    <if test="distinct">
      distinct
    </if>
    <include refid="Base_Column_List" />
    from tc_attachment
    <if test="_parameter != null">
      <include refid="Example_Where_Clause" />
    </if>
    <if test="orderByClause != null">
      order by ${orderByClause}
    </if>
    <if test="limitStart &gt;= 0">
       limit ${limitStart} , ${pageSize}
    </if>
  </select>
  <select id="selectByPrimaryKey" parameterType="java.lang.Long" resultMap="BaseResultMap">
    select 
    <include refid="Base_Column_List" />
    from tc_attachment
    where id = #{id,jdbcType=BIGINT}
  </select>
  <delete id="deleteByPrimaryKey" parameterType="java.lang.Long">
    delete from tc_attachment
    where id = #{id,jdbcType=BIGINT}
  </delete>
  <delete id="deleteByExample" parameterType="com.wuage.order.entity.AttachmentExample">
    delete from tc_attachment
    <if test="_parameter != null">
      <include refid="Example_Where_Clause" />
    </if>
  </delete>
  <insert id="insert" parameterType="com.wuage.order.entity.Attachment">
    insert into tc_attachment (id, source_id, source_type, 
      url, gmt_create, gmt_modified
      )
    values (#{id,jdbcType=BIGINT}, #{sourceId,jdbcType=VARCHAR}, #{sourceType,jdbcType=VARCHAR}, 
      #{url,jdbcType=VARCHAR}, #{gmtCreate,jdbcType=TIMESTAMP}, #{gmtModified,jdbcType=TIMESTAMP}
      )
  </insert>
  <insert id="insertSelective" parameterType="com.wuage.order.entity.Attachment">
    insert into tc_attachment
    <trim prefix="(" suffix=")" suffixOverrides=",">
      <if test="id != null">
        id,
      </if>
      <if test="sourceId != null">
        source_id,
      </if>
      <if test="sourceType != null">
        source_type,
      </if>
      <if test="url != null">
        url,
      </if>
      <if test="gmtCreate != null">
        gmt_create,
      </if>
      <if test="gmtModified != null">
        gmt_modified,
      </if>
    </trim>
    <trim prefix="values (" suffix=")" suffixOverrides=",">
      <if test="id != null">
        #{id,jdbcType=BIGINT},
      </if>
      <if test="sourceId != null">
        #{sourceId,jdbcType=VARCHAR},
      </if>
      <if test="sourceType != null">
        #{sourceType,jdbcType=VARCHAR},
      </if>
      <if test="url != null">
        #{url,jdbcType=VARCHAR},
      </if>
      <if test="gmtCreate != null">
        #{gmtCreate,jdbcType=TIMESTAMP},
      </if>
      <if test="gmtModified != null">
        #{gmtModified,jdbcType=TIMESTAMP},
      </if>
    </trim>
  </insert>
  <select id="countByExample" parameterType="com.wuage.order.entity.AttachmentExample" resultType="java.lang.Long">
    select count(*) from tc_attachment
    <if test="_parameter != null">
      <include refid="Example_Where_Clause" />
    </if>
  </select>
  <update id="updateByExampleSelective" parameterType="map">
    update tc_attachment
    <set>
      <if test="record.id != null">
        id = #{record.id,jdbcType=BIGINT},
      </if>
      <if test="record.sourceId != null">
        source_id = #{record.sourceId,jdbcType=VARCHAR},
      </if>
      <if test="record.sourceType != null">
        source_type = #{record.sourceType,jdbcType=VARCHAR},
      </if>
      <if test="record.url != null">
        url = #{record.url,jdbcType=VARCHAR},
      </if>
      <if test="record.gmtCreate != null">
        gmt_create = #{record.gmtCreate,jdbcType=TIMESTAMP},
      </if>
      <if test="record.gmtModified != null">
        gmt_modified = #{record.gmtModified,jdbcType=TIMESTAMP},
      </if>
    </set>
    <if test="_parameter != null">
      <include refid="Update_By_Example_Where_Clause" />
    </if>
  </update>
  <update id="updateByExample" parameterType="map">
    update tc_attachment
    set id = #{record.id,jdbcType=BIGINT},
      source_id = #{record.sourceId,jdbcType=VARCHAR},
      source_type = #{record.sourceType,jdbcType=VARCHAR},
      url = #{record.url,jdbcType=VARCHAR},
      gmt_create = #{record.gmtCreate,jdbcType=TIMESTAMP},
      gmt_modified = #{record.gmtModified,jdbcType=TIMESTAMP}
    <if test="_parameter != null">
      <include refid="Update_By_Example_Where_Clause" />
    </if>
  </update>
  <update id="updateByPrimaryKeySelective" parameterType="com.wuage.order.entity.Attachment">
    update tc_attachment
    <set>
      <if test="sourceId != null">
        source_id = #{sourceId,jdbcType=VARCHAR},
      </if>
      <if test="sourceType != null">
        source_type = #{sourceType,jdbcType=VARCHAR},
      </if>
      <if test="url != null">
        url = #{url,jdbcType=VARCHAR},
      </if>
      <if test="gmtCreate != null">
        gmt_create = #{gmtCreate,jdbcType=TIMESTAMP},
      </if>
      <if test="gmtModified != null">
        gmt_modified = #{gmtModified,jdbcType=TIMESTAMP},
      </if>
    </set>
    where id = #{id,jdbcType=BIGINT}
  </update>
  <update id="updateByPrimaryKey" parameterType="com.wuage.order.entity.Attachment">
    update tc_attachment
    set source_id = #{sourceId,jdbcType=VARCHAR},
      source_type = #{sourceType,jdbcType=VARCHAR},
      url = #{url,jdbcType=VARCHAR},
      gmt_create = #{gmtCreate,jdbcType=TIMESTAMP},
      gmt_modified = #{gmtModified,jdbcType=TIMESTAMP}
    where id = #{id,jdbcType=BIGINT}
  </update>
</mapper>