<?xml version="1.0" encoding="UTF-8"?>
<!DOCTYPE mapper PUBLIC "-//mybatis.org//DTD Mapper 3.0//EN" "http://mybatis.org/dtd/mybatis-3-mapper.dtd">
<mapper namespace="com.wuage.order.dao.DriverMapper">
  <resultMap id="BaseResultMap" type="com.wuage.order.entity.Driver">
    <id column="id" jdbcType="BIGINT" property="id" />
    <result column="invoice_id" jdbcType="BIGINT" property="invoiceId" />
    <result column="plate_number" jdbcType="INTEGER" property="plateNumber" />
    <result column="driver_name" jdbcType="VARCHAR" property="driverName" />
    <result column="driver_mobile" jdbcType="VARCHAR" property="driverMobile" />
    <result column="gmt_create" jdbcType="TIMESTAMP" property="gmtCreate" />
    <result column="gmt_modified" jdbcType="TIMESTAMP" property="gmtModified" />
  </resultMap>
  <sql id="Example_Where_Clause">
    <where>
      <foreach collection="oredCriteria" item="criteria" separator="or">
        <if test="criteria.valid">
          <trim prefix="(" prefixOverrides="and" suffix=")">
            <foreach collection="criteria.criteria" item="criterion">
              <choose>
                <when test="criterion.noValue">
                  and ${criterion.condition}
                </when>
                <when test="criterion.singleValue">
                  and ${criterion.condition} #{criterion.value}
                </when>
                <when test="criterion.betweenValue">
                  and ${criterion.condition} #{criterion.value} and #{criterion.secondValue}
                </when>
                <when test="criterion.listValue">
                  and ${criterion.condition}
                  <foreach close=")" collection="criterion.value" item="listItem" open="(" separator=",">
                    #{listItem}
                  </foreach>
                </when>
              </choose>
            </foreach>
          </trim>
        </if>
      </foreach>
    </where>
  </sql>
  <sql id="Update_By_Example_Where_Clause">
    <where>
      <foreach collection="example.oredCriteria" item="criteria" separator="or">
        <if test="criteria.valid">
          <trim prefix="(" prefixOverrides="and" suffix=")">
            <foreach collection="criteria.criteria" item="criterion">
              <choose>
                <when test="criterion.noValue">
                  and ${criterion.condition}
                </when>
                <when test="criterion.singleValue">
                  and ${criterion.condition} #{criterion.value}
                </when>
                <when test="criterion.betweenValue">
                  and ${criterion.condition} #{criterion.value} and #{criterion.secondValue}
                </when>
                <when test="criterion.listValue">
                  and ${criterion.condition}
                  <foreach close=")" collection="criterion.value" item="listItem" open="(" separator=",">
                    #{listItem}
                  </foreach>
                </when>
              </choose>
            </foreach>
          </trim>
        </if>
      </foreach>
    </where>
  </sql>
  <sql id="Base_Column_List">
    id, invoice_id, plate_number, driver_name, driver_mobile, gmt_create, gmt_modified
  </sql>
  <select id="selectByExample" parameterType="com.wuage.order.entity.DriverExample" resultMap="BaseResultMap">
    select
    <if test="distinct">
      distinct
    </if>
    <include refid="Base_Column_List" />
    from tc_driver
    <if test="_parameter != null">
      <include refid="Example_Where_Clause" />
    </if>
    <if test="orderByClause != null">
      order by ${orderByClause}
    </if>
    <if test="limitStart &gt;= 0">
       limit ${limitStart} , ${pageSize}
    </if>
  </select>
  <select id="selectByPrimaryKey" parameterType="java.lang.Long" resultMap="BaseResultMap">
    select 
    <include refid="Base_Column_List" />
    from tc_driver
    where id = #{id,jdbcType=BIGINT}
  </select>
  <delete id="deleteByPrimaryKey" parameterType="java.lang.Long">
    delete from tc_driver
    where id = #{id,jdbcType=BIGINT}
  </delete>
  <delete id="deleteByExample" parameterType="com.wuage.order.entity.DriverExample">
    delete from tc_driver
    <if test="_parameter != null">
      <include refid="Example_Where_Clause" />
    </if>
  </delete>
  <insert id="insert" parameterType="com.wuage.order.entity.Driver">
    insert into tc_driver (id, invoice_id, plate_number, 
      driver_name, driver_mobile, gmt_create, 
      gmt_modified)
    values (#{id,jdbcType=BIGINT}, #{invoiceId,jdbcType=BIGINT}, #{plateNumber,jdbcType=INTEGER}, 
      #{driverName,jdbcType=VARCHAR}, #{driverMobile,jdbcType=VARCHAR}, #{gmtCreate,jdbcType=TIMESTAMP}, 
      #{gmtModified,jdbcType=TIMESTAMP})
  </insert>
  <insert id="insertSelective" parameterType="com.wuage.order.entity.Driver">
    insert into tc_driver
    <trim prefix="(" suffix=")" suffixOverrides=",">
      <if test="id != null">
        id,
      </if>
      <if test="invoiceId != null">
        invoice_id,
      </if>
      <if test="plateNumber != null">
        plate_number,
      </if>
      <if test="driverName != null">
        driver_name,
      </if>
      <if test="driverMobile != null">
        driver_mobile,
      </if>
      <if test="gmtCreate != null">
        gmt_create,
      </if>
      <if test="gmtModified != null">
        gmt_modified,
      </if>
    </trim>
    <trim prefix="values (" suffix=")" suffixOverrides=",">
      <if test="id != null">
        #{id,jdbcType=BIGINT},
      </if>
      <if test="invoiceId != null">
        #{invoiceId,jdbcType=BIGINT},
      </if>
      <if test="plateNumber != null">
        #{plateNumber,jdbcType=INTEGER},
      </if>
      <if test="driverName != null">
        #{driverName,jdbcType=VARCHAR},
      </if>
      <if test="driverMobile != null">
        #{driverMobile,jdbcType=VARCHAR},
      </if>
      <if test="gmtCreate != null">
        #{gmtCreate,jdbcType=TIMESTAMP},
      </if>
      <if test="gmtModified != null">
        #{gmtModified,jdbcType=TIMESTAMP},
      </if>
    </trim>
  </insert>
  <select id="countByExample" parameterType="com.wuage.order.entity.DriverExample" resultType="java.lang.Long">
    select count(*) from tc_driver
    <if test="_parameter != null">
      <include refid="Example_Where_Clause" />
    </if>
  </select>
  <update id="updateByExampleSelective" parameterType="map">
    update tc_driver
    <set>
      <if test="record.id != null">
        id = #{record.id,jdbcType=BIGINT},
      </if>
      <if test="record.invoiceId != null">
        invoice_id = #{record.invoiceId,jdbcType=BIGINT},
      </if>
      <if test="record.plateNumber != null">
        plate_number = #{record.plateNumber,jdbcType=INTEGER},
      </if>
      <if test="record.driverName != null">
        driver_name = #{record.driverName,jdbcType=VARCHAR},
      </if>
      <if test="record.driverMobile != null">
        driver_mobile = #{record.driverMobile,jdbcType=VARCHAR},
      </if>
      <if test="record.gmtCreate != null">
        gmt_create = #{record.gmtCreate,jdbcType=TIMESTAMP},
      </if>
      <if test="record.gmtModified != null">
        gmt_modified = #{record.gmtModified,jdbcType=TIMESTAMP},
      </if>
    </set>
    <if test="_parameter != null">
      <include refid="Update_By_Example_Where_Clause" />
    </if>
  </update>
  <update id="updateByExample" parameterType="map">
    update tc_driver
    set id = #{record.id,jdbcType=BIGINT},
      invoice_id = #{record.invoiceId,jdbcType=BIGINT},
      plate_number = #{record.plateNumber,jdbcType=INTEGER},
      driver_name = #{record.driverName,jdbcType=VARCHAR},
      driver_mobile = #{record.driverMobile,jdbcType=VARCHAR},
      gmt_create = #{record.gmtCreate,jdbcType=TIMESTAMP},
      gmt_modified = #{record.gmtModified,jdbcType=TIMESTAMP}
    <if test="_parameter != null">
      <include refid="Update_By_Example_Where_Clause" />
    </if>
  </update>
  <update id="updateByPrimaryKeySelective" parameterType="com.wuage.order.entity.Driver">
    update tc_driver
    <set>
      <if test="invoiceId != null">
        invoice_id = #{invoiceId,jdbcType=BIGINT},
      </if>
      <if test="plateNumber != null">
        plate_number = #{plateNumber,jdbcType=INTEGER},
      </if>
      <if test="driverName != null">
        driver_name = #{driverName,jdbcType=VARCHAR},
      </if>
      <if test="driverMobile != null">
        driver_mobile = #{driverMobile,jdbcType=VARCHAR},
      </if>
      <if test="gmtCreate != null">
        gmt_create = #{gmtCreate,jdbcType=TIMESTAMP},
      </if>
      <if test="gmtModified != null">
        gmt_modified = #{gmtModified,jdbcType=TIMESTAMP},
      </if>
    </set>
    where id = #{id,jdbcType=BIGINT}
  </update>
  <update id="updateByPrimaryKey" parameterType="com.wuage.order.entity.Driver">
    update tc_driver
    set invoice_id = #{invoiceId,jdbcType=BIGINT},
      plate_number = #{plateNumber,jdbcType=INTEGER},
      driver_name = #{driverName,jdbcType=VARCHAR},
      driver_mobile = #{driverMobile,jdbcType=VARCHAR},
      gmt_create = #{gmtCreate,jdbcType=TIMESTAMP},
      gmt_modified = #{gmtModified,jdbcType=TIMESTAMP}
    where id = #{id,jdbcType=BIGINT}
  </update>
  <resultMap id="BaseResultMap" type="com.wuage.order.entity.Driver">
    <id column="id" jdbcType="BIGINT" property="id" />
    <result column="invoice_id" jdbcType="BIGINT" property="invoiceId" />
    <result column="plate_number" jdbcType="INTEGER" property="plateNumber" />
    <result column="driver_name" jdbcType="VARCHAR" property="driverName" />
    <result column="driver_mobile" jdbcType="VARCHAR" property="driverMobile" />
    <result column="gmt_create" jdbcType="TIMESTAMP" property="gmtCreate" />
    <result column="gmt_modified" jdbcType="TIMESTAMP" property="gmtModified" />
  </resultMap>
  <sql id="Example_Where_Clause">
    <where>
      <foreach collection="oredCriteria" item="criteria" separator="or">
        <if test="criteria.valid">
          <trim prefix="(" prefixOverrides="and" suffix=")">
            <foreach collection="criteria.criteria" item="criterion">
              <choose>
                <when test="criterion.noValue">
                  and ${criterion.condition}
                </when>
                <when test="criterion.singleValue">
                  and ${criterion.condition} #{criterion.value}
                </when>
                <when test="criterion.betweenValue">
                  and ${criterion.condition} #{criterion.value} and #{criterion.secondValue}
                </when>
                <when test="criterion.listValue">
                  and ${criterion.condition}
                  <foreach close=")" collection="criterion.value" item="listItem" open="(" separator=",">
                    #{listItem}
                  </foreach>
                </when>
              </choose>
            </foreach>
          </trim>
        </if>
      </foreach>
    </where>
  </sql>
  <sql id="Update_By_Example_Where_Clause">
    <where>
      <foreach collection="example.oredCriteria" item="criteria" separator="or">
        <if test="criteria.valid">
          <trim prefix="(" prefixOverrides="and" suffix=")">
            <foreach collection="criteria.criteria" item="criterion">
              <choose>
                <when test="criterion.noValue">
                  and ${criterion.condition}
                </when>
                <when test="criterion.singleValue">
                  and ${criterion.condition} #{criterion.value}
                </when>
                <when test="criterion.betweenValue">
                  and ${criterion.condition} #{criterion.value} and #{criterion.secondValue}
                </when>
                <when test="criterion.listValue">
                  and ${criterion.condition}
                  <foreach close=")" collection="criterion.value" item="listItem" open="(" separator=",">
                    #{listItem}
                  </foreach>
                </when>
              </choose>
            </foreach>
          </trim>
        </if>
      </foreach>
    </where>
  </sql>
  <sql id="Base_Column_List">
    id, invoice_id, plate_number, driver_name, driver_mobile, gmt_create, gmt_modified
  </sql>
  <select id="selectByExample" parameterType="com.wuage.order.entity.DriverExample" resultMap="BaseResultMap">
    select
    <if test="distinct">
      distinct
    </if>
    <include refid="Base_Column_List" />
    from tc_driver
    <if test="_parameter != null">
      <include refid="Example_Where_Clause" />
    </if>
    <if test="orderByClause != null">
      order by ${orderByClause}
    </if>
    <if test="limitStart &gt;= 0">
       limit ${limitStart} , ${pageSize}
    </if>
  </select>
  <select id="selectByPrimaryKey" parameterType="java.lang.Long" resultMap="BaseResultMap">
    select 
    <include refid="Base_Column_List" />
    from tc_driver
    where id = #{id,jdbcType=BIGINT}
  </select>
  <delete id="deleteByPrimaryKey" parameterType="java.lang.Long">
    delete from tc_driver
    where id = #{id,jdbcType=BIGINT}
  </delete>
  <delete id="deleteByExample" parameterType="com.wuage.order.entity.DriverExample">
    delete from tc_driver
    <if test="_parameter != null">
      <include refid="Example_Where_Clause" />
    </if>
  </delete>
  <insert id="insert" parameterType="com.wuage.order.entity.Driver">
    insert into tc_driver (id, invoice_id, plate_number, 
      driver_name, driver_mobile, gmt_create, 
      gmt_modified)
    values (#{id,jdbcType=BIGINT}, #{invoiceId,jdbcType=BIGINT}, #{plateNumber,jdbcType=INTEGER}, 
      #{driverName,jdbcType=VARCHAR}, #{driverMobile,jdbcType=VARCHAR}, #{gmtCreate,jdbcType=TIMESTAMP}, 
      #{gmtModified,jdbcType=TIMESTAMP})
  </insert>
  <insert id="insertSelective" parameterType="com.wuage.order.entity.Driver">
    insert into tc_driver
    <trim prefix="(" suffix=")" suffixOverrides=",">
      <if test="id != null">
        id,
      </if>
      <if test="invoiceId != null">
        invoice_id,
      </if>
      <if test="plateNumber != null">
        plate_number,
      </if>
      <if test="driverName != null">
        driver_name,
      </if>
      <if test="driverMobile != null">
        driver_mobile,
      </if>
      <if test="gmtCreate != null">
        gmt_create,
      </if>
      <if test="gmtModified != null">
        gmt_modified,
      </if>
    </trim>
    <trim prefix="values (" suffix=")" suffixOverrides=",">
      <if test="id != null">
        #{id,jdbcType=BIGINT},
      </if>
      <if test="invoiceId != null">
        #{invoiceId,jdbcType=BIGINT},
      </if>
      <if test="plateNumber != null">
        #{plateNumber,jdbcType=INTEGER},
      </if>
      <if test="driverName != null">
        #{driverName,jdbcType=VARCHAR},
      </if>
      <if test="driverMobile != null">
        #{driverMobile,jdbcType=VARCHAR},
      </if>
      <if test="gmtCreate != null">
        #{gmtCreate,jdbcType=TIMESTAMP},
      </if>
      <if test="gmtModified != null">
        #{gmtModified,jdbcType=TIMESTAMP},
      </if>
    </trim>
  </insert>
  <select id="countByExample" parameterType="com.wuage.order.entity.DriverExample" resultType="java.lang.Long">
    select count(*) from tc_driver
    <if test="_parameter != null">
      <include refid="Example_Where_Clause" />
    </if>
  </select>
  <update id="updateByExampleSelective" parameterType="map">
    update tc_driver
    <set>
      <if test="record.id != null">
        id = #{record.id,jdbcType=BIGINT},
      </if>
      <if test="record.invoiceId != null">
        invoice_id = #{record.invoiceId,jdbcType=BIGINT},
      </if>
      <if test="record.plateNumber != null">
        plate_number = #{record.plateNumber,jdbcType=INTEGER},
      </if>
      <if test="record.driverName != null">
        driver_name = #{record.driverName,jdbcType=VARCHAR},
      </if>
      <if test="record.driverMobile != null">
        driver_mobile = #{record.driverMobile,jdbcType=VARCHAR},
      </if>
      <if test="record.gmtCreate != null">
        gmt_create = #{record.gmtCreate,jdbcType=TIMESTAMP},
      </if>
      <if test="record.gmtModified != null">
        gmt_modified = #{record.gmtModified,jdbcType=TIMESTAMP},
      </if>
    </set>
    <if test="_parameter != null">
      <include refid="Update_By_Example_Where_Clause" />
    </if>
  </update>
  <update id="updateByExample" parameterType="map">
    update tc_driver
    set id = #{record.id,jdbcType=BIGINT},
      invoice_id = #{record.invoiceId,jdbcType=BIGINT},
      plate_number = #{record.plateNumber,jdbcType=INTEGER},
      driver_name = #{record.driverName,jdbcType=VARCHAR},
      driver_mobile = #{record.driverMobile,jdbcType=VARCHAR},
      gmt_create = #{record.gmtCreate,jdbcType=TIMESTAMP},
      gmt_modified = #{record.gmtModified,jdbcType=TIMESTAMP}
    <if test="_parameter != null">
      <include refid="Update_By_Example_Where_Clause" />
    </if>
  </update>
  <update id="updateByPrimaryKeySelective" parameterType="com.wuage.order.entity.Driver">
    update tc_driver
    <set>
      <if test="invoiceId != null">
        invoice_id = #{invoiceId,jdbcType=BIGINT},
      </if>
      <if test="plateNumber != null">
        plate_number = #{plateNumber,jdbcType=INTEGER},
      </if>
      <if test="driverName != null">
        driver_name = #{driverName,jdbcType=VARCHAR},
      </if>
      <if test="driverMobile != null">
        driver_mobile = #{driverMobile,jdbcType=VARCHAR},
      </if>
      <if test="gmtCreate != null">
        gmt_create = #{gmtCreate,jdbcType=TIMESTAMP},
      </if>
      <if test="gmtModified != null">
        gmt_modified = #{gmtModified,jdbcType=TIMESTAMP},
      </if>
    </set>
    where id = #{id,jdbcType=BIGINT}
  </update>
  <update id="updateByPrimaryKey" parameterType="com.wuage.order.entity.Driver">
    update tc_driver
    set invoice_id = #{invoiceId,jdbcType=BIGINT},
      plate_number = #{plateNumber,jdbcType=INTEGER},
      driver_name = #{driverName,jdbcType=VARCHAR},
      driver_mobile = #{driverMobile,jdbcType=VARCHAR},
      gmt_create = #{gmtCreate,jdbcType=TIMESTAMP},
      gmt_modified = #{gmtModified,jdbcType=TIMESTAMP}
    where id = #{id,jdbcType=BIGINT}
  </update>
  <resultMap id="BaseResultMap" type="com.wuage.order.entity.Driver">
    <id column="id" jdbcType="BIGINT" property="id" />
    <result column="invoice_id" jdbcType="BIGINT" property="invoiceId" />
    <result column="plate_number" jdbcType="INTEGER" property="plateNumber" />
    <result column="driver_name" jdbcType="VARCHAR" property="driverName" />
    <result column="driver_mobile" jdbcType="VARCHAR" property="driverMobile" />
    <result column="gmt_create" jdbcType="TIMESTAMP" property="gmtCreate" />
    <result column="gmt_modified" jdbcType="TIMESTAMP" property="gmtModified" />
  </resultMap>
  <sql id="Example_Where_Clause">
    <where>
      <foreach collection="oredCriteria" item="criteria" separator="or">
        <if test="criteria.valid">
          <trim prefix="(" prefixOverrides="and" suffix=")">
            <foreach collection="criteria.criteria" item="criterion">
              <choose>
                <when test="criterion.noValue">
                  and ${criterion.condition}
                </when>
                <when test="criterion.singleValue">
                  and ${criterion.condition} #{criterion.value}
                </when>
                <when test="criterion.betweenValue">
                  and ${criterion.condition} #{criterion.value} and #{criterion.secondValue}
                </when>
                <when test="criterion.listValue">
                  and ${criterion.condition}
                  <foreach close=")" collection="criterion.value" item="listItem" open="(" separator=",">
                    #{listItem}
                  </foreach>
                </when>
              </choose>
            </foreach>
          </trim>
        </if>
      </foreach>
    </where>
  </sql>
  <sql id="Update_By_Example_Where_Clause">
    <where>
      <foreach collection="example.oredCriteria" item="criteria" separator="or">
        <if test="criteria.valid">
          <trim prefix="(" prefixOverrides="and" suffix=")">
            <foreach collection="criteria.criteria" item="criterion">
              <choose>
                <when test="criterion.noValue">
                  and ${criterion.condition}
                </when>
                <when test="criterion.singleValue">
                  and ${criterion.condition} #{criterion.value}
                </when>
                <when test="criterion.betweenValue">
                  and ${criterion.condition} #{criterion.value} and #{criterion.secondValue}
                </when>
                <when test="criterion.listValue">
                  and ${criterion.condition}
                  <foreach close=")" collection="criterion.value" item="listItem" open="(" separator=",">
                    #{listItem}
                  </foreach>
                </when>
              </choose>
            </foreach>
          </trim>
        </if>
      </foreach>
    </where>
  </sql>
  <sql id="Base_Column_List">
    id, invoice_id, plate_number, driver_name, driver_mobile, gmt_create, gmt_modified
  </sql>
  <select id="selectByExample" parameterType="com.wuage.order.entity.DriverExample" resultMap="BaseResultMap">
    select
    <if test="distinct">
      distinct
    </if>
    <include refid="Base_Column_List" />
    from tc_driver
    <if test="_parameter != null">
      <include refid="Example_Where_Clause" />
    </if>
    <if test="orderByClause != null">
      order by ${orderByClause}
    </if>
    <if test="limitStart &gt;= 0">
       limit ${limitStart} , ${pageSize}
    </if>
  </select>
  <select id="selectByPrimaryKey" parameterType="java.lang.Long" resultMap="BaseResultMap">
    select 
    <include refid="Base_Column_List" />
    from tc_driver
    where id = #{id,jdbcType=BIGINT}
  </select>
  <delete id="deleteByPrimaryKey" parameterType="java.lang.Long">
    delete from tc_driver
    where id = #{id,jdbcType=BIGINT}
  </delete>
  <delete id="deleteByExample" parameterType="com.wuage.order.entity.DriverExample">
    delete from tc_driver
    <if test="_parameter != null">
      <include refid="Example_Where_Clause" />
    </if>
  </delete>
  <insert id="insert" parameterType="com.wuage.order.entity.Driver">
    insert into tc_driver (id, invoice_id, plate_number, 
      driver_name, driver_mobile, gmt_create, 
      gmt_modified)
    values (#{id,jdbcType=BIGINT}, #{invoiceId,jdbcType=BIGINT}, #{plateNumber,jdbcType=INTEGER}, 
      #{driverName,jdbcType=VARCHAR}, #{driverMobile,jdbcType=VARCHAR}, #{gmtCreate,jdbcType=TIMESTAMP}, 
      #{gmtModified,jdbcType=TIMESTAMP})
  </insert>
  <insert id="insertSelective" parameterType="com.wuage.order.entity.Driver">
    insert into tc_driver
    <trim prefix="(" suffix=")" suffixOverrides=",">
      <if test="id != null">
        id,
      </if>
      <if test="invoiceId != null">
        invoice_id,
      </if>
      <if test="plateNumber != null">
        plate_number,
      </if>
      <if test="driverName != null">
        driver_name,
      </if>
      <if test="driverMobile != null">
        driver_mobile,
      </if>
      <if test="gmtCreate != null">
        gmt_create,
      </if>
      <if test="gmtModified != null">
        gmt_modified,
      </if>
    </trim>
    <trim prefix="values (" suffix=")" suffixOverrides=",">
      <if test="id != null">
        #{id,jdbcType=BIGINT},
      </if>
      <if test="invoiceId != null">
        #{invoiceId,jdbcType=BIGINT},
      </if>
      <if test="plateNumber != null">
        #{plateNumber,jdbcType=INTEGER},
      </if>
      <if test="driverName != null">
        #{driverName,jdbcType=VARCHAR},
      </if>
      <if test="driverMobile != null">
        #{driverMobile,jdbcType=VARCHAR},
      </if>
      <if test="gmtCreate != null">
        #{gmtCreate,jdbcType=TIMESTAMP},
      </if>
      <if test="gmtModified != null">
        #{gmtModified,jdbcType=TIMESTAMP},
      </if>
    </trim>
  </insert>
  <select id="countByExample" parameterType="com.wuage.order.entity.DriverExample" resultType="java.lang.Long">
    select count(*) from tc_driver
    <if test="_parameter != null">
      <include refid="Example_Where_Clause" />
    </if>
  </select>
  <update id="updateByExampleSelective" parameterType="map">
    update tc_driver
    <set>
      <if test="record.id != null">
        id = #{record.id,jdbcType=BIGINT},
      </if>
      <if test="record.invoiceId != null">
        invoice_id = #{record.invoiceId,jdbcType=BIGINT},
      </if>
      <if test="record.plateNumber != null">
        plate_number = #{record.plateNumber,jdbcType=INTEGER},
      </if>
      <if test="record.driverName != null">
        driver_name = #{record.driverName,jdbcType=VARCHAR},
      </if>
      <if test="record.driverMobile != null">
        driver_mobile = #{record.driverMobile,jdbcType=VARCHAR},
      </if>
      <if test="record.gmtCreate != null">
        gmt_create = #{record.gmtCreate,jdbcType=TIMESTAMP},
      </if>
      <if test="record.gmtModified != null">
        gmt_modified = #{record.gmtModified,jdbcType=TIMESTAMP},
      </if>
    </set>
    <if test="_parameter != null">
      <include refid="Update_By_Example_Where_Clause" />
    </if>
  </update>
  <update id="updateByExample" parameterType="map">
    update tc_driver
    set id = #{record.id,jdbcType=BIGINT},
      invoice_id = #{record.invoiceId,jdbcType=BIGINT},
      plate_number = #{record.plateNumber,jdbcType=INTEGER},
      driver_name = #{record.driverName,jdbcType=VARCHAR},
      driver_mobile = #{record.driverMobile,jdbcType=VARCHAR},
      gmt_create = #{record.gmtCreate,jdbcType=TIMESTAMP},
      gmt_modified = #{record.gmtModified,jdbcType=TIMESTAMP}
    <if test="_parameter != null">
      <include refid="Update_By_Example_Where_Clause" />
    </if>
  </update>
  <update id="updateByPrimaryKeySelective" parameterType="com.wuage.order.entity.Driver">
    update tc_driver
    <set>
      <if test="invoiceId != null">
        invoice_id = #{invoiceId,jdbcType=BIGINT},
      </if>
      <if test="plateNumber != null">
        plate_number = #{plateNumber,jdbcType=INTEGER},
      </if>
      <if test="driverName != null">
        driver_name = #{driverName,jdbcType=VARCHAR},
      </if>
      <if test="driverMobile != null">
        driver_mobile = #{driverMobile,jdbcType=VARCHAR},
      </if>
      <if test="gmtCreate != null">
        gmt_create = #{gmtCreate,jdbcType=TIMESTAMP},
      </if>
      <if test="gmtModified != null">
        gmt_modified = #{gmtModified,jdbcType=TIMESTAMP},
      </if>
    </set>
    where id = #{id,jdbcType=BIGINT}
  </update>
  <update id="updateByPrimaryKey" parameterType="com.wuage.order.entity.Driver">
    update tc_driver
    set invoice_id = #{invoiceId,jdbcType=BIGINT},
      plate_number = #{plateNumber,jdbcType=INTEGER},
      driver_name = #{driverName,jdbcType=VARCHAR},
      driver_mobile = #{driverMobile,jdbcType=VARCHAR},
      gmt_create = #{gmtCreate,jdbcType=TIMESTAMP},
      gmt_modified = #{gmtModified,jdbcType=TIMESTAMP}
    where id = #{id,jdbcType=BIGINT}
  </update>
  <resultMap id="BaseResultMap" type="com.wuage.order.entity.Driver">
    <id column="id" jdbcType="BIGINT" property="id" />
    <result column="invoice_id" jdbcType="BIGINT" property="invoiceId" />
    <result column="plate_number" jdbcType="INTEGER" property="plateNumber" />
    <result column="driver_name" jdbcType="VARCHAR" property="driverName" />
    <result column="driver_mobile" jdbcType="VARCHAR" property="driverMobile" />
    <result column="gmt_create" jdbcType="TIMESTAMP" property="gmtCreate" />
    <result column="gmt_modified" jdbcType="TIMESTAMP" property="gmtModified" />
  </resultMap>
  <sql id="Example_Where_Clause">
    <where>
      <foreach collection="oredCriteria" item="criteria" separator="or">
        <if test="criteria.valid">
          <trim prefix="(" prefixOverrides="and" suffix=")">
            <foreach collection="criteria.criteria" item="criterion">
              <choose>
                <when test="criterion.noValue">
                  and ${criterion.condition}
                </when>
                <when test="criterion.singleValue">
                  and ${criterion.condition} #{criterion.value}
                </when>
                <when test="criterion.betweenValue">
                  and ${criterion.condition} #{criterion.value} and #{criterion.secondValue}
                </when>
                <when test="criterion.listValue">
                  and ${criterion.condition}
                  <foreach close=")" collection="criterion.value" item="listItem" open="(" separator=",">
                    #{listItem}
                  </foreach>
                </when>
              </choose>
            </foreach>
          </trim>
        </if>
      </foreach>
    </where>
  </sql>
  <sql id="Update_By_Example_Where_Clause">
    <where>
      <foreach collection="example.oredCriteria" item="criteria" separator="or">
        <if test="criteria.valid">
          <trim prefix="(" prefixOverrides="and" suffix=")">
            <foreach collection="criteria.criteria" item="criterion">
              <choose>
                <when test="criterion.noValue">
                  and ${criterion.condition}
                </when>
                <when test="criterion.singleValue">
                  and ${criterion.condition} #{criterion.value}
                </when>
                <when test="criterion.betweenValue">
                  and ${criterion.condition} #{criterion.value} and #{criterion.secondValue}
                </when>
                <when test="criterion.listValue">
                  and ${criterion.condition}
                  <foreach close=")" collection="criterion.value" item="listItem" open="(" separator=",">
                    #{listItem}
                  </foreach>
                </when>
              </choose>
            </foreach>
          </trim>
        </if>
      </foreach>
    </where>
  </sql>
  <sql id="Base_Column_List">
    id, invoice_id, plate_number, driver_name, driver_mobile, gmt_create, gmt_modified
  </sql>
  <select id="selectByExample" parameterType="com.wuage.order.entity.DriverExample" resultMap="BaseResultMap">
    select
    <if test="distinct">
      distinct
    </if>
    <include refid="Base_Column_List" />
    from tc_driver
    <if test="_parameter != null">
      <include refid="Example_Where_Clause" />
    </if>
    <if test="orderByClause != null">
      order by ${orderByClause}
    </if>
    <if test="limitStart &gt;= 0">
       limit ${limitStart} , ${pageSize}
    </if>
  </select>
  <select id="selectByPrimaryKey" parameterType="java.lang.Long" resultMap="BaseResultMap">
    select 
    <include refid="Base_Column_List" />
    from tc_driver
    where id = #{id,jdbcType=BIGINT}
  </select>
  <delete id="deleteByPrimaryKey" parameterType="java.lang.Long">
    delete from tc_driver
    where id = #{id,jdbcType=BIGINT}
  </delete>
  <delete id="deleteByExample" parameterType="com.wuage.order.entity.DriverExample">
    delete from tc_driver
    <if test="_parameter != null">
      <include refid="Example_Where_Clause" />
    </if>
  </delete>
  <insert id="insert" parameterType="com.wuage.order.entity.Driver">
    insert into tc_driver (id, invoice_id, plate_number, 
      driver_name, driver_mobile, gmt_create, 
      gmt_modified)
    values (#{id,jdbcType=BIGINT}, #{invoiceId,jdbcType=BIGINT}, #{plateNumber,jdbcType=INTEGER}, 
      #{driverName,jdbcType=VARCHAR}, #{driverMobile,jdbcType=VARCHAR}, #{gmtCreate,jdbcType=TIMESTAMP}, 
      #{gmtModified,jdbcType=TIMESTAMP})
  </insert>
  <insert id="insertSelective" parameterType="com.wuage.order.entity.Driver">
    insert into tc_driver
    <trim prefix="(" suffix=")" suffixOverrides=",">
      <if test="id != null">
        id,
      </if>
      <if test="invoiceId != null">
        invoice_id,
      </if>
      <if test="plateNumber != null">
        plate_number,
      </if>
      <if test="driverName != null">
        driver_name,
      </if>
      <if test="driverMobile != null">
        driver_mobile,
      </if>
      <if test="gmtCreate != null">
        gmt_create,
      </if>
      <if test="gmtModified != null">
        gmt_modified,
      </if>
    </trim>
    <trim prefix="values (" suffix=")" suffixOverrides=",">
      <if test="id != null">
        #{id,jdbcType=BIGINT},
      </if>
      <if test="invoiceId != null">
        #{invoiceId,jdbcType=BIGINT},
      </if>
      <if test="plateNumber != null">
        #{plateNumber,jdbcType=INTEGER},
      </if>
      <if test="driverName != null">
        #{driverName,jdbcType=VARCHAR},
      </if>
      <if test="driverMobile != null">
        #{driverMobile,jdbcType=VARCHAR},
      </if>
      <if test="gmtCreate != null">
        #{gmtCreate,jdbcType=TIMESTAMP},
      </if>
      <if test="gmtModified != null">
        #{gmtModified,jdbcType=TIMESTAMP},
      </if>
    </trim>
  </insert>
  <select id="countByExample" parameterType="com.wuage.order.entity.DriverExample" resultType="java.lang.Long">
    select count(*) from tc_driver
    <if test="_parameter != null">
      <include refid="Example_Where_Clause" />
    </if>
  </select>
  <update id="updateByExampleSelective" parameterType="map">
    update tc_driver
    <set>
      <if test="record.id != null">
        id = #{record.id,jdbcType=BIGINT},
      </if>
      <if test="record.invoiceId != null">
        invoice_id = #{record.invoiceId,jdbcType=BIGINT},
      </if>
      <if test="record.plateNumber != null">
        plate_number = #{record.plateNumber,jdbcType=INTEGER},
      </if>
      <if test="record.driverName != null">
        driver_name = #{record.driverName,jdbcType=VARCHAR},
      </if>
      <if test="record.driverMobile != null">
        driver_mobile = #{record.driverMobile,jdbcType=VARCHAR},
      </if>
      <if test="record.gmtCreate != null">
        gmt_create = #{record.gmtCreate,jdbcType=TIMESTAMP},
      </if>
      <if test="record.gmtModified != null">
        gmt_modified = #{record.gmtModified,jdbcType=TIMESTAMP},
      </if>
    </set>
    <if test="_parameter != null">
      <include refid="Update_By_Example_Where_Clause" />
    </if>
  </update>
  <update id="updateByExample" parameterType="map">
    update tc_driver
    set id = #{record.id,jdbcType=BIGINT},
      invoice_id = #{record.invoiceId,jdbcType=BIGINT},
      plate_number = #{record.plateNumber,jdbcType=INTEGER},
      driver_name = #{record.driverName,jdbcType=VARCHAR},
      driver_mobile = #{record.driverMobile,jdbcType=VARCHAR},
      gmt_create = #{record.gmtCreate,jdbcType=TIMESTAMP},
      gmt_modified = #{record.gmtModified,jdbcType=TIMESTAMP}
    <if test="_parameter != null">
      <include refid="Update_By_Example_Where_Clause" />
    </if>
  </update>
  <update id="updateByPrimaryKeySelective" parameterType="com.wuage.order.entity.Driver">
    update tc_driver
    <set>
      <if test="invoiceId != null">
        invoice_id = #{invoiceId,jdbcType=BIGINT},
      </if>
      <if test="plateNumber != null">
        plate_number = #{plateNumber,jdbcType=INTEGER},
      </if>
      <if test="driverName != null">
        driver_name = #{driverName,jdbcType=VARCHAR},
      </if>
      <if test="driverMobile != null">
        driver_mobile = #{driverMobile,jdbcType=VARCHAR},
      </if>
      <if test="gmtCreate != null">
        gmt_create = #{gmtCreate,jdbcType=TIMESTAMP},
      </if>
      <if test="gmtModified != null">
        gmt_modified = #{gmtModified,jdbcType=TIMESTAMP},
      </if>
    </set>
    where id = #{id,jdbcType=BIGINT}
  </update>
  <update id="updateByPrimaryKey" parameterType="com.wuage.order.entity.Driver">
    update tc_driver
    set invoice_id = #{invoiceId,jdbcType=BIGINT},
      plate_number = #{plateNumber,jdbcType=INTEGER},
      driver_name = #{driverName,jdbcType=VARCHAR},
      driver_mobile = #{driverMobile,jdbcType=VARCHAR},
      gmt_create = #{gmtCreate,jdbcType=TIMESTAMP},
      gmt_modified = #{gmtModified,jdbcType=TIMESTAMP}
    where id = #{id,jdbcType=BIGINT}
  </update>
</mapper>