<?xml version="1.0" encoding="UTF-8"?>
<!DOCTYPE mapper PUBLIC "-//mybatis.org//DTD Mapper 3.0//EN" "http://mybatis.org/dtd/mybatis-3-mapper.dtd">
<mapper namespace="com.wuage.order.dao.LogisticsAddressMapper">
  <resultMap id="BaseResultMap" type="com.wuage.order.entity.LogisticsAddress">
    <id column="id" jdbcType="BIGINT" property="id" />
    <result column="logistics_id" jdbcType="BIGINT" property="logisticsId" />
    <result column="address" jdbcType="VARCHAR" property="address" />
    <result column="area_code" jdbcType="VARCHAR" property="areaCode" />
    <result column="area_name" jdbcType="VARCHAR" property="areaName" />
    <result column="city_code" jdbcType="VARCHAR" property="cityCode" />
    <result column="city_name" jdbcType="VARCHAR" property="cityName" />
    <result column="province_name" jdbcType="VARCHAR" property="provinceName" />
    <result column="province_code" jdbcType="VARCHAR" property="provinceCode" />
    <result column="post_code" jdbcType="VARCHAR" property="postCode" />
    <result column="warehouse" jdbcType="VARCHAR" property="warehouse" />
    <result column="gmt_create" jdbcType="TIMESTAMP" property="gmtCreate" />
    <result column="gmt_modified" jdbcType="TIMESTAMP" property="gmtModified" />
  </resultMap>
  <sql id="Example_Where_Clause">
    <where>
      <foreach collection="oredCriteria" item="criteria" separator="or">
        <if test="criteria.valid">
          <trim prefix="(" prefixOverrides="and" suffix=")">
            <foreach collection="criteria.criteria" item="criterion">
              <choose>
                <when test="criterion.noValue">
                  and ${criterion.condition}
                </when>
                <when test="criterion.singleValue">
                  and ${criterion.condition} #{criterion.value}
                </when>
                <when test="criterion.betweenValue">
                  and ${criterion.condition} #{criterion.value} and #{criterion.secondValue}
                </when>
                <when test="criterion.listValue">
                  and ${criterion.condition}
                  <foreach close=")" collection="criterion.value" item="listItem" open="(" separator=",">
                    #{listItem}
                  </foreach>
                </when>
              </choose>
            </foreach>
          </trim>
        </if>
      </foreach>
    </where>
  </sql>
  <sql id="Update_By_Example_Where_Clause">
    <where>
      <foreach collection="example.oredCriteria" item="criteria" separator="or">
        <if test="criteria.valid">
          <trim prefix="(" prefixOverrides="and" suffix=")">
            <foreach collection="criteria.criteria" item="criterion">
              <choose>
                <when test="criterion.noValue">
                  and ${criterion.condition}
                </when>
                <when test="criterion.singleValue">
                  and ${criterion.condition} #{criterion.value}
                </when>
                <when test="criterion.betweenValue">
                  and ${criterion.condition} #{criterion.value} and #{criterion.secondValue}
                </when>
                <when test="criterion.listValue">
                  and ${criterion.condition}
                  <foreach close=")" collection="criterion.value" item="listItem" open="(" separator=",">
                    #{listItem}
                  </foreach>
                </when>
              </choose>
            </foreach>
          </trim>
        </if>
      </foreach>
    </where>
  </sql>
  <sql id="Base_Column_List">
    id, logistics_id, address, area_code, area_name, city_code, city_name, province_name, 
    province_code, post_code, warehouse, gmt_create, gmt_modified
  </sql>
  <select id="selectByExample" parameterType="com.wuage.order.entity.LogisticsAddressExample" resultMap="BaseResultMap">
    select
    <if test="distinct">
      distinct
    </if>
    <include refid="Base_Column_List" />
    from tc_logistics_address
    <if test="_parameter != null">
      <include refid="Example_Where_Clause" />
    </if>
    <if test="orderByClause != null">
      order by ${orderByClause}
    </if>
    <if test="limitStart &gt;= 0">
       limit ${limitStart} , ${pageSize}
    </if>
  </select>
  <select id="selectByPrimaryKey" parameterType="java.lang.Long" resultMap="BaseResultMap">
    select 
    <include refid="Base_Column_List" />
    from tc_logistics_address
    where id = #{id,jdbcType=BIGINT}
  </select>
  <delete id="deleteByPrimaryKey" parameterType="java.lang.Long">
    delete from tc_logistics_address
    where id = #{id,jdbcType=BIGINT}
  </delete>
  <delete id="deleteByExample" parameterType="com.wuage.order.entity.LogisticsAddressExample">
    delete from tc_logistics_address
    <if test="_parameter != null">
      <include refid="Example_Where_Clause" />
    </if>
  </delete>
  <insert id="insert" parameterType="com.wuage.order.entity.LogisticsAddress">
    insert into tc_logistics_address (id, logistics_id, address, 
      area_code, area_name, city_code, 
      city_name, province_name, province_code, 
      post_code, warehouse, gmt_create, 
      gmt_modified)
    values (#{id,jdbcType=BIGINT}, #{logisticsId,jdbcType=BIGINT}, #{address,jdbcType=VARCHAR}, 
      #{areaCode,jdbcType=VARCHAR}, #{areaName,jdbcType=VARCHAR}, #{cityCode,jdbcType=VARCHAR}, 
      #{cityName,jdbcType=VARCHAR}, #{provinceName,jdbcType=VARCHAR}, #{provinceCode,jdbcType=VARCHAR}, 
      #{postCode,jdbcType=VARCHAR}, #{warehouse,jdbcType=VARCHAR}, #{gmtCreate,jdbcType=TIMESTAMP}, 
      #{gmtModified,jdbcType=TIMESTAMP})
  </insert>
  <insert id="insertSelective" parameterType="com.wuage.order.entity.LogisticsAddress">
    insert into tc_logistics_address
    <trim prefix="(" suffix=")" suffixOverrides=",">
      <if test="id != null">
        id,
      </if>
      <if test="logisticsId != null">
        logistics_id,
      </if>
      <if test="address != null">
        address,
      </if>
      <if test="areaCode != null">
        area_code,
      </if>
      <if test="areaName != null">
        area_name,
      </if>
      <if test="cityCode != null">
        city_code,
      </if>
      <if test="cityName != null">
        city_name,
      </if>
      <if test="provinceName != null">
        province_name,
      </if>
      <if test="provinceCode != null">
        province_code,
      </if>
      <if test="postCode != null">
        post_code,
      </if>
      <if test="warehouse != null">
        warehouse,
      </if>
      <if test="gmtCreate != null">
        gmt_create,
      </if>
      <if test="gmtModified != null">
        gmt_modified,
      </if>
    </trim>
    <trim prefix="values (" suffix=")" suffixOverrides=",">
      <if test="id != null">
        #{id,jdbcType=BIGINT},
      </if>
      <if test="logisticsId != null">
        #{logisticsId,jdbcType=BIGINT},
      </if>
      <if test="address != null">
        #{address,jdbcType=VARCHAR},
      </if>
      <if test="areaCode != null">
        #{areaCode,jdbcType=VARCHAR},
      </if>
      <if test="areaName != null">
        #{areaName,jdbcType=VARCHAR},
      </if>
      <if test="cityCode != null">
        #{cityCode,jdbcType=VARCHAR},
      </if>
      <if test="cityName != null">
        #{cityName,jdbcType=VARCHAR},
      </if>
      <if test="provinceName != null">
        #{provinceName,jdbcType=VARCHAR},
      </if>
      <if test="provinceCode != null">
        #{provinceCode,jdbcType=VARCHAR},
      </if>
      <if test="postCode != null">
        #{postCode,jdbcType=VARCHAR},
      </if>
      <if test="warehouse != null">
        #{warehouse,jdbcType=VARCHAR},
      </if>
      <if test="gmtCreate != null">
        #{gmtCreate,jdbcType=TIMESTAMP},
      </if>
      <if test="gmtModified != null">
        #{gmtModified,jdbcType=TIMESTAMP},
      </if>
    </trim>
  </insert>
  <select id="countByExample" parameterType="com.wuage.order.entity.LogisticsAddressExample" resultType="java.lang.Long">
    select count(*) from tc_logistics_address
    <if test="_parameter != null">
      <include refid="Example_Where_Clause" />
    </if>
  </select>
  <update id="updateByExampleSelective" parameterType="map">
    update tc_logistics_address
    <set>
      <if test="record.id != null">
        id = #{record.id,jdbcType=BIGINT},
      </if>
      <if test="record.logisticsId != null">
        logistics_id = #{record.logisticsId,jdbcType=BIGINT},
      </if>
      <if test="record.address != null">
        address = #{record.address,jdbcType=VARCHAR},
      </if>
      <if test="record.areaCode != null">
        area_code = #{record.areaCode,jdbcType=VARCHAR},
      </if>
      <if test="record.areaName != null">
        area_name = #{record.areaName,jdbcType=VARCHAR},
      </if>
      <if test="record.cityCode != null">
        city_code = #{record.cityCode,jdbcType=VARCHAR},
      </if>
      <if test="record.cityName != null">
        city_name = #{record.cityName,jdbcType=VARCHAR},
      </if>
      <if test="record.provinceName != null">
        province_name = #{record.provinceName,jdbcType=VARCHAR},
      </if>
      <if test="record.provinceCode != null">
        province_code = #{record.provinceCode,jdbcType=VARCHAR},
      </if>
      <if test="record.postCode != null">
        post_code = #{record.postCode,jdbcType=VARCHAR},
      </if>
      <if test="record.warehouse != null">
        warehouse = #{record.warehouse,jdbcType=VARCHAR},
      </if>
      <if test="record.gmtCreate != null">
        gmt_create = #{record.gmtCreate,jdbcType=TIMESTAMP},
      </if>
      <if test="record.gmtModified != null">
        gmt_modified = #{record.gmtModified,jdbcType=TIMESTAMP},
      </if>
    </set>
    <if test="_parameter != null">
      <include refid="Update_By_Example_Where_Clause" />
    </if>
  </update>
  <update id="updateByExample" parameterType="map">
    update tc_logistics_address
    set id = #{record.id,jdbcType=BIGINT},
      logistics_id = #{record.logisticsId,jdbcType=BIGINT},
      address = #{record.address,jdbcType=VARCHAR},
      area_code = #{record.areaCode,jdbcType=VARCHAR},
      area_name = #{record.areaName,jdbcType=VARCHAR},
      city_code = #{record.cityCode,jdbcType=VARCHAR},
      city_name = #{record.cityName,jdbcType=VARCHAR},
      province_name = #{record.provinceName,jdbcType=VARCHAR},
      province_code = #{record.provinceCode,jdbcType=VARCHAR},
      post_code = #{record.postCode,jdbcType=VARCHAR},
      warehouse = #{record.warehouse,jdbcType=VARCHAR},
      gmt_create = #{record.gmtCreate,jdbcType=TIMESTAMP},
      gmt_modified = #{record.gmtModified,jdbcType=TIMESTAMP}
    <if test="_parameter != null">
      <include refid="Update_By_Example_Where_Clause" />
    </if>
  </update>
  <update id="updateByPrimaryKeySelective" parameterType="com.wuage.order.entity.LogisticsAddress">
    update tc_logistics_address
    <set>
      <if test="logisticsId != null">
        logistics_id = #{logisticsId,jdbcType=BIGINT},
      </if>
      <if test="address != null">
        address = #{address,jdbcType=VARCHAR},
      </if>
      <if test="areaCode != null">
        area_code = #{areaCode,jdbcType=VARCHAR},
      </if>
      <if test="areaName != null">
        area_name = #{areaName,jdbcType=VARCHAR},
      </if>
      <if test="cityCode != null">
        city_code = #{cityCode,jdbcType=VARCHAR},
      </if>
      <if test="cityName != null">
        city_name = #{cityName,jdbcType=VARCHAR},
      </if>
      <if test="provinceName != null">
        province_name = #{provinceName,jdbcType=VARCHAR},
      </if>
      <if test="provinceCode != null">
        province_code = #{provinceCode,jdbcType=VARCHAR},
      </if>
      <if test="postCode != null">
        post_code = #{postCode,jdbcType=VARCHAR},
      </if>
      <if test="warehouse != null">
        warehouse = #{warehouse,jdbcType=VARCHAR},
      </if>
      <if test="gmtCreate != null">
        gmt_create = #{gmtCreate,jdbcType=TIMESTAMP},
      </if>
      <if test="gmtModified != null">
        gmt_modified = #{gmtModified,jdbcType=TIMESTAMP},
      </if>
    </set>
    where id = #{id,jdbcType=BIGINT}
  </update>
  <update id="updateByPrimaryKey" parameterType="com.wuage.order.entity.LogisticsAddress">
    update tc_logistics_address
    set logistics_id = #{logisticsId,jdbcType=BIGINT},
      address = #{address,jdbcType=VARCHAR},
      area_code = #{areaCode,jdbcType=VARCHAR},
      area_name = #{areaName,jdbcType=VARCHAR},
      city_code = #{cityCode,jdbcType=VARCHAR},
      city_name = #{cityName,jdbcType=VARCHAR},
      province_name = #{provinceName,jdbcType=VARCHAR},
      province_code = #{provinceCode,jdbcType=VARCHAR},
      post_code = #{postCode,jdbcType=VARCHAR},
      warehouse = #{warehouse,jdbcType=VARCHAR},
      gmt_create = #{gmtCreate,jdbcType=TIMESTAMP},
      gmt_modified = #{gmtModified,jdbcType=TIMESTAMP}
    where id = #{id,jdbcType=BIGINT}
  </update>
  <resultMap id="BaseResultMap" type="com.wuage.order.entity.LogisticsAddress">
    <id column="id" jdbcType="BIGINT" property="id" />
    <result column="logistics_id" jdbcType="BIGINT" property="logisticsId" />
    <result column="address" jdbcType="VARCHAR" property="address" />
    <result column="area_code" jdbcType="VARCHAR" property="areaCode" />
    <result column="area_name" jdbcType="VARCHAR" property="areaName" />
    <result column="city_code" jdbcType="VARCHAR" property="cityCode" />
    <result column="city_name" jdbcType="VARCHAR" property="cityName" />
    <result column="province_name" jdbcType="VARCHAR" property="provinceName" />
    <result column="province_code" jdbcType="VARCHAR" property="provinceCode" />
    <result column="post_code" jdbcType="VARCHAR" property="postCode" />
    <result column="warehouse" jdbcType="VARCHAR" property="warehouse" />
    <result column="gmt_create" jdbcType="TIMESTAMP" property="gmtCreate" />
    <result column="gmt_modified" jdbcType="TIMESTAMP" property="gmtModified" />
  </resultMap>
  <sql id="Example_Where_Clause">
    <where>
      <foreach collection="oredCriteria" item="criteria" separator="or">
        <if test="criteria.valid">
          <trim prefix="(" prefixOverrides="and" suffix=")">
            <foreach collection="criteria.criteria" item="criterion">
              <choose>
                <when test="criterion.noValue">
                  and ${criterion.condition}
                </when>
                <when test="criterion.singleValue">
                  and ${criterion.condition} #{criterion.value}
                </when>
                <when test="criterion.betweenValue">
                  and ${criterion.condition} #{criterion.value} and #{criterion.secondValue}
                </when>
                <when test="criterion.listValue">
                  and ${criterion.condition}
                  <foreach close=")" collection="criterion.value" item="listItem" open="(" separator=",">
                    #{listItem}
                  </foreach>
                </when>
              </choose>
            </foreach>
          </trim>
        </if>
      </foreach>
    </where>
  </sql>
  <sql id="Update_By_Example_Where_Clause">
    <where>
      <foreach collection="example.oredCriteria" item="criteria" separator="or">
        <if test="criteria.valid">
          <trim prefix="(" prefixOverrides="and" suffix=")">
            <foreach collection="criteria.criteria" item="criterion">
              <choose>
                <when test="criterion.noValue">
                  and ${criterion.condition}
                </when>
                <when test="criterion.singleValue">
                  and ${criterion.condition} #{criterion.value}
                </when>
                <when test="criterion.betweenValue">
                  and ${criterion.condition} #{criterion.value} and #{criterion.secondValue}
                </when>
                <when test="criterion.listValue">
                  and ${criterion.condition}
                  <foreach close=")" collection="criterion.value" item="listItem" open="(" separator=",">
                    #{listItem}
                  </foreach>
                </when>
              </choose>
            </foreach>
          </trim>
        </if>
      </foreach>
    </where>
  </sql>
  <sql id="Base_Column_List">
    id, logistics_id, address, area_code, area_name, city_code, city_name, province_name, 
    province_code, post_code, warehouse, gmt_create, gmt_modified
  </sql>
  <select id="selectByExample" parameterType="com.wuage.order.entity.LogisticsAddressExample" resultMap="BaseResultMap">
    select
    <if test="distinct">
      distinct
    </if>
    <include refid="Base_Column_List" />
    from tc_logistics_address
    <if test="_parameter != null">
      <include refid="Example_Where_Clause" />
    </if>
    <if test="orderByClause != null">
      order by ${orderByClause}
    </if>
    <if test="limitStart &gt;= 0">
       limit ${limitStart} , ${pageSize}
    </if>
  </select>
  <select id="selectByPrimaryKey" parameterType="java.lang.Long" resultMap="BaseResultMap">
    select 
    <include refid="Base_Column_List" />
    from tc_logistics_address
    where id = #{id,jdbcType=BIGINT}
  </select>
  <delete id="deleteByPrimaryKey" parameterType="java.lang.Long">
    delete from tc_logistics_address
    where id = #{id,jdbcType=BIGINT}
  </delete>
  <delete id="deleteByExample" parameterType="com.wuage.order.entity.LogisticsAddressExample">
    delete from tc_logistics_address
    <if test="_parameter != null">
      <include refid="Example_Where_Clause" />
    </if>
  </delete>
  <insert id="insert" parameterType="com.wuage.order.entity.LogisticsAddress">
    insert into tc_logistics_address (id, logistics_id, address, 
      area_code, area_name, city_code, 
      city_name, province_name, province_code, 
      post_code, warehouse, gmt_create, 
      gmt_modified)
    values (#{id,jdbcType=BIGINT}, #{logisticsId,jdbcType=BIGINT}, #{address,jdbcType=VARCHAR}, 
      #{areaCode,jdbcType=VARCHAR}, #{areaName,jdbcType=VARCHAR}, #{cityCode,jdbcType=VARCHAR}, 
      #{cityName,jdbcType=VARCHAR}, #{provinceName,jdbcType=VARCHAR}, #{provinceCode,jdbcType=VARCHAR}, 
      #{postCode,jdbcType=VARCHAR}, #{warehouse,jdbcType=VARCHAR}, #{gmtCreate,jdbcType=TIMESTAMP}, 
      #{gmtModified,jdbcType=TIMESTAMP})
  </insert>
  <insert id="insertSelective" parameterType="com.wuage.order.entity.LogisticsAddress">
    insert into tc_logistics_address
    <trim prefix="(" suffix=")" suffixOverrides=",">
      <if test="id != null">
        id,
      </if>
      <if test="logisticsId != null">
        logistics_id,
      </if>
      <if test="address != null">
        address,
      </if>
      <if test="areaCode != null">
        area_code,
      </if>
      <if test="areaName != null">
        area_name,
      </if>
      <if test="cityCode != null">
        city_code,
      </if>
      <if test="cityName != null">
        city_name,
      </if>
      <if test="provinceName != null">
        province_name,
      </if>
      <if test="provinceCode != null">
        province_code,
      </if>
      <if test="postCode != null">
        post_code,
      </if>
      <if test="warehouse != null">
        warehouse,
      </if>
      <if test="gmtCreate != null">
        gmt_create,
      </if>
      <if test="gmtModified != null">
        gmt_modified,
      </if>
    </trim>
    <trim prefix="values (" suffix=")" suffixOverrides=",">
      <if test="id != null">
        #{id,jdbcType=BIGINT},
      </if>
      <if test="logisticsId != null">
        #{logisticsId,jdbcType=BIGINT},
      </if>
      <if test="address != null">
        #{address,jdbcType=VARCHAR},
      </if>
      <if test="areaCode != null">
        #{areaCode,jdbcType=VARCHAR},
      </if>
      <if test="areaName != null">
        #{areaName,jdbcType=VARCHAR},
      </if>
      <if test="cityCode != null">
        #{cityCode,jdbcType=VARCHAR},
      </if>
      <if test="cityName != null">
        #{cityName,jdbcType=VARCHAR},
      </if>
      <if test="provinceName != null">
        #{provinceName,jdbcType=VARCHAR},
      </if>
      <if test="provinceCode != null">
        #{provinceCode,jdbcType=VARCHAR},
      </if>
      <if test="postCode != null">
        #{postCode,jdbcType=VARCHAR},
      </if>
      <if test="warehouse != null">
        #{warehouse,jdbcType=VARCHAR},
      </if>
      <if test="gmtCreate != null">
        #{gmtCreate,jdbcType=TIMESTAMP},
      </if>
      <if test="gmtModified != null">
        #{gmtModified,jdbcType=TIMESTAMP},
      </if>
    </trim>
  </insert>
  <select id="countByExample" parameterType="com.wuage.order.entity.LogisticsAddressExample" resultType="java.lang.Long">
    select count(*) from tc_logistics_address
    <if test="_parameter != null">
      <include refid="Example_Where_Clause" />
    </if>
  </select>
  <update id="updateByExampleSelective" parameterType="map">
    update tc_logistics_address
    <set>
      <if test="record.id != null">
        id = #{record.id,jdbcType=BIGINT},
      </if>
      <if test="record.logisticsId != null">
        logistics_id = #{record.logisticsId,jdbcType=BIGINT},
      </if>
      <if test="record.address != null">
        address = #{record.address,jdbcType=VARCHAR},
      </if>
      <if test="record.areaCode != null">
        area_code = #{record.areaCode,jdbcType=VARCHAR},
      </if>
      <if test="record.areaName != null">
        area_name = #{record.areaName,jdbcType=VARCHAR},
      </if>
      <if test="record.cityCode != null">
        city_code = #{record.cityCode,jdbcType=VARCHAR},
      </if>
      <if test="record.cityName != null">
        city_name = #{record.cityName,jdbcType=VARCHAR},
      </if>
      <if test="record.provinceName != null">
        province_name = #{record.provinceName,jdbcType=VARCHAR},
      </if>
      <if test="record.provinceCode != null">
        province_code = #{record.provinceCode,jdbcType=VARCHAR},
      </if>
      <if test="record.postCode != null">
        post_code = #{record.postCode,jdbcType=VARCHAR},
      </if>
      <if test="record.warehouse != null">
        warehouse = #{record.warehouse,jdbcType=VARCHAR},
      </if>
      <if test="record.gmtCreate != null">
        gmt_create = #{record.gmtCreate,jdbcType=TIMESTAMP},
      </if>
      <if test="record.gmtModified != null">
        gmt_modified = #{record.gmtModified,jdbcType=TIMESTAMP},
      </if>
    </set>
    <if test="_parameter != null">
      <include refid="Update_By_Example_Where_Clause" />
    </if>
  </update>
  <update id="updateByExample" parameterType="map">
    update tc_logistics_address
    set id = #{record.id,jdbcType=BIGINT},
      logistics_id = #{record.logisticsId,jdbcType=BIGINT},
      address = #{record.address,jdbcType=VARCHAR},
      area_code = #{record.areaCode,jdbcType=VARCHAR},
      area_name = #{record.areaName,jdbcType=VARCHAR},
      city_code = #{record.cityCode,jdbcType=VARCHAR},
      city_name = #{record.cityName,jdbcType=VARCHAR},
      province_name = #{record.provinceName,jdbcType=VARCHAR},
      province_code = #{record.provinceCode,jdbcType=VARCHAR},
      post_code = #{record.postCode,jdbcType=VARCHAR},
      warehouse = #{record.warehouse,jdbcType=VARCHAR},
      gmt_create = #{record.gmtCreate,jdbcType=TIMESTAMP},
      gmt_modified = #{record.gmtModified,jdbcType=TIMESTAMP}
    <if test="_parameter != null">
      <include refid="Update_By_Example_Where_Clause" />
    </if>
  </update>
  <update id="updateByPrimaryKeySelective" parameterType="com.wuage.order.entity.LogisticsAddress">
    update tc_logistics_address
    <set>
      <if test="logisticsId != null">
        logistics_id = #{logisticsId,jdbcType=BIGINT},
      </if>
      <if test="address != null">
        address = #{address,jdbcType=VARCHAR},
      </if>
      <if test="areaCode != null">
        area_code = #{areaCode,jdbcType=VARCHAR},
      </if>
      <if test="areaName != null">
        area_name = #{areaName,jdbcType=VARCHAR},
      </if>
      <if test="cityCode != null">
        city_code = #{cityCode,jdbcType=VARCHAR},
      </if>
      <if test="cityName != null">
        city_name = #{cityName,jdbcType=VARCHAR},
      </if>
      <if test="provinceName != null">
        province_name = #{provinceName,jdbcType=VARCHAR},
      </if>
      <if test="provinceCode != null">
        province_code = #{provinceCode,jdbcType=VARCHAR},
      </if>
      <if test="postCode != null">
        post_code = #{postCode,jdbcType=VARCHAR},
      </if>
      <if test="warehouse != null">
        warehouse = #{warehouse,jdbcType=VARCHAR},
      </if>
      <if test="gmtCreate != null">
        gmt_create = #{gmtCreate,jdbcType=TIMESTAMP},
      </if>
      <if test="gmtModified != null">
        gmt_modified = #{gmtModified,jdbcType=TIMESTAMP},
      </if>
    </set>
    where id = #{id,jdbcType=BIGINT}
  </update>
  <update id="updateByPrimaryKey" parameterType="com.wuage.order.entity.LogisticsAddress">
    update tc_logistics_address
    set logistics_id = #{logisticsId,jdbcType=BIGINT},
      address = #{address,jdbcType=VARCHAR},
      area_code = #{areaCode,jdbcType=VARCHAR},
      area_name = #{areaName,jdbcType=VARCHAR},
      city_code = #{cityCode,jdbcType=VARCHAR},
      city_name = #{cityName,jdbcType=VARCHAR},
      province_name = #{provinceName,jdbcType=VARCHAR},
      province_code = #{provinceCode,jdbcType=VARCHAR},
      post_code = #{postCode,jdbcType=VARCHAR},
      warehouse = #{warehouse,jdbcType=VARCHAR},
      gmt_create = #{gmtCreate,jdbcType=TIMESTAMP},
      gmt_modified = #{gmtModified,jdbcType=TIMESTAMP}
    where id = #{id,jdbcType=BIGINT}
  </update>
  <resultMap id="BaseResultMap" type="com.wuage.order.entity.LogisticsAddress">
    <id column="id" jdbcType="BIGINT" property="id" />
    <result column="logistics_id" jdbcType="BIGINT" property="logisticsId" />
    <result column="address" jdbcType="VARCHAR" property="address" />
    <result column="area_code" jdbcType="VARCHAR" property="areaCode" />
    <result column="area_name" jdbcType="VARCHAR" property="areaName" />
    <result column="city_code" jdbcType="VARCHAR" property="cityCode" />
    <result column="city_name" jdbcType="VARCHAR" property="cityName" />
    <result column="province_name" jdbcType="VARCHAR" property="provinceName" />
    <result column="province_code" jdbcType="VARCHAR" property="provinceCode" />
    <result column="post_code" jdbcType="VARCHAR" property="postCode" />
    <result column="warehouse" jdbcType="VARCHAR" property="warehouse" />
    <result column="gmt_create" jdbcType="TIMESTAMP" property="gmtCreate" />
    <result column="gmt_modified" jdbcType="TIMESTAMP" property="gmtModified" />
  </resultMap>
  <sql id="Example_Where_Clause">
    <where>
      <foreach collection="oredCriteria" item="criteria" separator="or">
        <if test="criteria.valid">
          <trim prefix="(" prefixOverrides="and" suffix=")">
            <foreach collection="criteria.criteria" item="criterion">
              <choose>
                <when test="criterion.noValue">
                  and ${criterion.condition}
                </when>
                <when test="criterion.singleValue">
                  and ${criterion.condition} #{criterion.value}
                </when>
                <when test="criterion.betweenValue">
                  and ${criterion.condition} #{criterion.value} and #{criterion.secondValue}
                </when>
                <when test="criterion.listValue">
                  and ${criterion.condition}
                  <foreach close=")" collection="criterion.value" item="listItem" open="(" separator=",">
                    #{listItem}
                  </foreach>
                </when>
              </choose>
            </foreach>
          </trim>
        </if>
      </foreach>
    </where>
  </sql>
  <sql id="Update_By_Example_Where_Clause">
    <where>
      <foreach collection="example.oredCriteria" item="criteria" separator="or">
        <if test="criteria.valid">
          <trim prefix="(" prefixOverrides="and" suffix=")">
            <foreach collection="criteria.criteria" item="criterion">
              <choose>
                <when test="criterion.noValue">
                  and ${criterion.condition}
                </when>
                <when test="criterion.singleValue">
                  and ${criterion.condition} #{criterion.value}
                </when>
                <when test="criterion.betweenValue">
                  and ${criterion.condition} #{criterion.value} and #{criterion.secondValue}
                </when>
                <when test="criterion.listValue">
                  and ${criterion.condition}
                  <foreach close=")" collection="criterion.value" item="listItem" open="(" separator=",">
                    #{listItem}
                  </foreach>
                </when>
              </choose>
            </foreach>
          </trim>
        </if>
      </foreach>
    </where>
  </sql>
  <sql id="Base_Column_List">
    id, logistics_id, address, area_code, area_name, city_code, city_name, province_name, 
    province_code, post_code, warehouse, gmt_create, gmt_modified
  </sql>
  <select id="selectByExample" parameterType="com.wuage.order.entity.LogisticsAddressExample" resultMap="BaseResultMap">
    select
    <if test="distinct">
      distinct
    </if>
    <include refid="Base_Column_List" />
    from tc_logistics_address
    <if test="_parameter != null">
      <include refid="Example_Where_Clause" />
    </if>
    <if test="orderByClause != null">
      order by ${orderByClause}
    </if>
    <if test="limitStart &gt;= 0">
       limit ${limitStart} , ${pageSize}
    </if>
  </select>
  <select id="selectByPrimaryKey" parameterType="java.lang.Long" resultMap="BaseResultMap">
    select 
    <include refid="Base_Column_List" />
    from tc_logistics_address
    where id = #{id,jdbcType=BIGINT}
  </select>
  <delete id="deleteByPrimaryKey" parameterType="java.lang.Long">
    delete from tc_logistics_address
    where id = #{id,jdbcType=BIGINT}
  </delete>
  <delete id="deleteByExample" parameterType="com.wuage.order.entity.LogisticsAddressExample">
    delete from tc_logistics_address
    <if test="_parameter != null">
      <include refid="Example_Where_Clause" />
    </if>
  </delete>
  <insert id="insert" parameterType="com.wuage.order.entity.LogisticsAddress">
    insert into tc_logistics_address (id, logistics_id, address, 
      area_code, area_name, city_code, 
      city_name, province_name, province_code, 
      post_code, warehouse, gmt_create, 
      gmt_modified)
    values (#{id,jdbcType=BIGINT}, #{logisticsId,jdbcType=BIGINT}, #{address,jdbcType=VARCHAR}, 
      #{areaCode,jdbcType=VARCHAR}, #{areaName,jdbcType=VARCHAR}, #{cityCode,jdbcType=VARCHAR}, 
      #{cityName,jdbcType=VARCHAR}, #{provinceName,jdbcType=VARCHAR}, #{provinceCode,jdbcType=VARCHAR}, 
      #{postCode,jdbcType=VARCHAR}, #{warehouse,jdbcType=VARCHAR}, #{gmtCreate,jdbcType=TIMESTAMP}, 
      #{gmtModified,jdbcType=TIMESTAMP})
  </insert>
  <insert id="insertSelective" parameterType="com.wuage.order.entity.LogisticsAddress">
    insert into tc_logistics_address
    <trim prefix="(" suffix=")" suffixOverrides=",">
      <if test="id != null">
        id,
      </if>
      <if test="logisticsId != null">
        logistics_id,
      </if>
      <if test="address != null">
        address,
      </if>
      <if test="areaCode != null">
        area_code,
      </if>
      <if test="areaName != null">
        area_name,
      </if>
      <if test="cityCode != null">
        city_code,
      </if>
      <if test="cityName != null">
        city_name,
      </if>
      <if test="provinceName != null">
        province_name,
      </if>
      <if test="provinceCode != null">
        province_code,
      </if>
      <if test="postCode != null">
        post_code,
      </if>
      <if test="warehouse != null">
        warehouse,
      </if>
      <if test="gmtCreate != null">
        gmt_create,
      </if>
      <if test="gmtModified != null">
        gmt_modified,
      </if>
    </trim>
    <trim prefix="values (" suffix=")" suffixOverrides=",">
      <if test="id != null">
        #{id,jdbcType=BIGINT},
      </if>
      <if test="logisticsId != null">
        #{logisticsId,jdbcType=BIGINT},
      </if>
      <if test="address != null">
        #{address,jdbcType=VARCHAR},
      </if>
      <if test="areaCode != null">
        #{areaCode,jdbcType=VARCHAR},
      </if>
      <if test="areaName != null">
        #{areaName,jdbcType=VARCHAR},
      </if>
      <if test="cityCode != null">
        #{cityCode,jdbcType=VARCHAR},
      </if>
      <if test="cityName != null">
        #{cityName,jdbcType=VARCHAR},
      </if>
      <if test="provinceName != null">
        #{provinceName,jdbcType=VARCHAR},
      </if>
      <if test="provinceCode != null">
        #{provinceCode,jdbcType=VARCHAR},
      </if>
      <if test="postCode != null">
        #{postCode,jdbcType=VARCHAR},
      </if>
      <if test="warehouse != null">
        #{warehouse,jdbcType=VARCHAR},
      </if>
      <if test="gmtCreate != null">
        #{gmtCreate,jdbcType=TIMESTAMP},
      </if>
      <if test="gmtModified != null">
        #{gmtModified,jdbcType=TIMESTAMP},
      </if>
    </trim>
  </insert>
  <select id="countByExample" parameterType="com.wuage.order.entity.LogisticsAddressExample" resultType="java.lang.Long">
    select count(*) from tc_logistics_address
    <if test="_parameter != null">
      <include refid="Example_Where_Clause" />
    </if>
  </select>
  <update id="updateByExampleSelective" parameterType="map">
    update tc_logistics_address
    <set>
      <if test="record.id != null">
        id = #{record.id,jdbcType=BIGINT},
      </if>
      <if test="record.logisticsId != null">
        logistics_id = #{record.logisticsId,jdbcType=BIGINT},
      </if>
      <if test="record.address != null">
        address = #{record.address,jdbcType=VARCHAR},
      </if>
      <if test="record.areaCode != null">
        area_code = #{record.areaCode,jdbcType=VARCHAR},
      </if>
      <if test="record.areaName != null">
        area_name = #{record.areaName,jdbcType=VARCHAR},
      </if>
      <if test="record.cityCode != null">
        city_code = #{record.cityCode,jdbcType=VARCHAR},
      </if>
      <if test="record.cityName != null">
        city_name = #{record.cityName,jdbcType=VARCHAR},
      </if>
      <if test="record.provinceName != null">
        province_name = #{record.provinceName,jdbcType=VARCHAR},
      </if>
      <if test="record.provinceCode != null">
        province_code = #{record.provinceCode,jdbcType=VARCHAR},
      </if>
      <if test="record.postCode != null">
        post_code = #{record.postCode,jdbcType=VARCHAR},
      </if>
      <if test="record.warehouse != null">
        warehouse = #{record.warehouse,jdbcType=VARCHAR},
      </if>
      <if test="record.gmtCreate != null">
        gmt_create = #{record.gmtCreate,jdbcType=TIMESTAMP},
      </if>
      <if test="record.gmtModified != null">
        gmt_modified = #{record.gmtModified,jdbcType=TIMESTAMP},
      </if>
    </set>
    <if test="_parameter != null">
      <include refid="Update_By_Example_Where_Clause" />
    </if>
  </update>
  <update id="updateByExample" parameterType="map">
    update tc_logistics_address
    set id = #{record.id,jdbcType=BIGINT},
      logistics_id = #{record.logisticsId,jdbcType=BIGINT},
      address = #{record.address,jdbcType=VARCHAR},
      area_code = #{record.areaCode,jdbcType=VARCHAR},
      area_name = #{record.areaName,jdbcType=VARCHAR},
      city_code = #{record.cityCode,jdbcType=VARCHAR},
      city_name = #{record.cityName,jdbcType=VARCHAR},
      province_name = #{record.provinceName,jdbcType=VARCHAR},
      province_code = #{record.provinceCode,jdbcType=VARCHAR},
      post_code = #{record.postCode,jdbcType=VARCHAR},
      warehouse = #{record.warehouse,jdbcType=VARCHAR},
      gmt_create = #{record.gmtCreate,jdbcType=TIMESTAMP},
      gmt_modified = #{record.gmtModified,jdbcType=TIMESTAMP}
    <if test="_parameter != null">
      <include refid="Update_By_Example_Where_Clause" />
    </if>
  </update>
  <update id="updateByPrimaryKeySelective" parameterType="com.wuage.order.entity.LogisticsAddress">
    update tc_logistics_address
    <set>
      <if test="logisticsId != null">
        logistics_id = #{logisticsId,jdbcType=BIGINT},
      </if>
      <if test="address != null">
        address = #{address,jdbcType=VARCHAR},
      </if>
      <if test="areaCode != null">
        area_code = #{areaCode,jdbcType=VARCHAR},
      </if>
      <if test="areaName != null">
        area_name = #{areaName,jdbcType=VARCHAR},
      </if>
      <if test="cityCode != null">
        city_code = #{cityCode,jdbcType=VARCHAR},
      </if>
      <if test="cityName != null">
        city_name = #{cityName,jdbcType=VARCHAR},
      </if>
      <if test="provinceName != null">
        province_name = #{provinceName,jdbcType=VARCHAR},
      </if>
      <if test="provinceCode != null">
        province_code = #{provinceCode,jdbcType=VARCHAR},
      </if>
      <if test="postCode != null">
        post_code = #{postCode,jdbcType=VARCHAR},
      </if>
      <if test="warehouse != null">
        warehouse = #{warehouse,jdbcType=VARCHAR},
      </if>
      <if test="gmtCreate != null">
        gmt_create = #{gmtCreate,jdbcType=TIMESTAMP},
      </if>
      <if test="gmtModified != null">
        gmt_modified = #{gmtModified,jdbcType=TIMESTAMP},
      </if>
    </set>
    where id = #{id,jdbcType=BIGINT}
  </update>
  <update id="updateByPrimaryKey" parameterType="com.wuage.order.entity.LogisticsAddress">
    update tc_logistics_address
    set logistics_id = #{logisticsId,jdbcType=BIGINT},
      address = #{address,jdbcType=VARCHAR},
      area_code = #{areaCode,jdbcType=VARCHAR},
      area_name = #{areaName,jdbcType=VARCHAR},
      city_code = #{cityCode,jdbcType=VARCHAR},
      city_name = #{cityName,jdbcType=VARCHAR},
      province_name = #{provinceName,jdbcType=VARCHAR},
      province_code = #{provinceCode,jdbcType=VARCHAR},
      post_code = #{postCode,jdbcType=VARCHAR},
      warehouse = #{warehouse,jdbcType=VARCHAR},
      gmt_create = #{gmtCreate,jdbcType=TIMESTAMP},
      gmt_modified = #{gmtModified,jdbcType=TIMESTAMP}
    where id = #{id,jdbcType=BIGINT}
  </update>
  <resultMap id="BaseResultMap" type="com.wuage.order.entity.LogisticsAddress">
    <id column="id" jdbcType="BIGINT" property="id" />
    <result column="logistics_id" jdbcType="BIGINT" property="logisticsId" />
    <result column="address" jdbcType="VARCHAR" property="address" />
    <result column="area_code" jdbcType="VARCHAR" property="areaCode" />
    <result column="area_name" jdbcType="VARCHAR" property="areaName" />
    <result column="city_code" jdbcType="VARCHAR" property="cityCode" />
    <result column="city_name" jdbcType="VARCHAR" property="cityName" />
    <result column="province_name" jdbcType="VARCHAR" property="provinceName" />
    <result column="province_code" jdbcType="VARCHAR" property="provinceCode" />
    <result column="post_code" jdbcType="VARCHAR" property="postCode" />
    <result column="warehouse" jdbcType="VARCHAR" property="warehouse" />
    <result column="gmt_create" jdbcType="TIMESTAMP" property="gmtCreate" />
    <result column="gmt_modified" jdbcType="TIMESTAMP" property="gmtModified" />
  </resultMap>
  <sql id="Example_Where_Clause">
    <where>
      <foreach collection="oredCriteria" item="criteria" separator="or">
        <if test="criteria.valid">
          <trim prefix="(" prefixOverrides="and" suffix=")">
            <foreach collection="criteria.criteria" item="criterion">
              <choose>
                <when test="criterion.noValue">
                  and ${criterion.condition}
                </when>
                <when test="criterion.singleValue">
                  and ${criterion.condition} #{criterion.value}
                </when>
                <when test="criterion.betweenValue">
                  and ${criterion.condition} #{criterion.value} and #{criterion.secondValue}
                </when>
                <when test="criterion.listValue">
                  and ${criterion.condition}
                  <foreach close=")" collection="criterion.value" item="listItem" open="(" separator=",">
                    #{listItem}
                  </foreach>
                </when>
              </choose>
            </foreach>
          </trim>
        </if>
      </foreach>
    </where>
  </sql>
  <sql id="Update_By_Example_Where_Clause">
    <where>
      <foreach collection="example.oredCriteria" item="criteria" separator="or">
        <if test="criteria.valid">
          <trim prefix="(" prefixOverrides="and" suffix=")">
            <foreach collection="criteria.criteria" item="criterion">
              <choose>
                <when test="criterion.noValue">
                  and ${criterion.condition}
                </when>
                <when test="criterion.singleValue">
                  and ${criterion.condition} #{criterion.value}
                </when>
                <when test="criterion.betweenValue">
                  and ${criterion.condition} #{criterion.value} and #{criterion.secondValue}
                </when>
                <when test="criterion.listValue">
                  and ${criterion.condition}
                  <foreach close=")" collection="criterion.value" item="listItem" open="(" separator=",">
                    #{listItem}
                  </foreach>
                </when>
              </choose>
            </foreach>
          </trim>
        </if>
      </foreach>
    </where>
  </sql>
  <sql id="Base_Column_List">
    id, logistics_id, address, area_code, area_name, city_code, city_name, province_name, 
    province_code, post_code, warehouse, gmt_create, gmt_modified
  </sql>
  <select id="selectByExample" parameterType="com.wuage.order.entity.LogisticsAddressExample" resultMap="BaseResultMap">
    select
    <if test="distinct">
      distinct
    </if>
    <include refid="Base_Column_List" />
    from tc_logistics_address
    <if test="_parameter != null">
      <include refid="Example_Where_Clause" />
    </if>
    <if test="orderByClause != null">
      order by ${orderByClause}
    </if>
    <if test="limitStart &gt;= 0">
       limit ${limitStart} , ${pageSize}
    </if>
  </select>
  <select id="selectByPrimaryKey" parameterType="java.lang.Long" resultMap="BaseResultMap">
    select 
    <include refid="Base_Column_List" />
    from tc_logistics_address
    where id = #{id,jdbcType=BIGINT}
  </select>
  <delete id="deleteByPrimaryKey" parameterType="java.lang.Long">
    delete from tc_logistics_address
    where id = #{id,jdbcType=BIGINT}
  </delete>
  <delete id="deleteByExample" parameterType="com.wuage.order.entity.LogisticsAddressExample">
    delete from tc_logistics_address
    <if test="_parameter != null">
      <include refid="Example_Where_Clause" />
    </if>
  </delete>
  <insert id="insert" parameterType="com.wuage.order.entity.LogisticsAddress">
    insert into tc_logistics_address (id, logistics_id, address, 
      area_code, area_name, city_code, 
      city_name, province_name, province_code, 
      post_code, warehouse, gmt_create, 
      gmt_modified)
    values (#{id,jdbcType=BIGINT}, #{logisticsId,jdbcType=BIGINT}, #{address,jdbcType=VARCHAR}, 
      #{areaCode,jdbcType=VARCHAR}, #{areaName,jdbcType=VARCHAR}, #{cityCode,jdbcType=VARCHAR}, 
      #{cityName,jdbcType=VARCHAR}, #{provinceName,jdbcType=VARCHAR}, #{provinceCode,jdbcType=VARCHAR}, 
      #{postCode,jdbcType=VARCHAR}, #{warehouse,jdbcType=VARCHAR}, #{gmtCreate,jdbcType=TIMESTAMP}, 
      #{gmtModified,jdbcType=TIMESTAMP})
  </insert>
  <insert id="insertSelective" parameterType="com.wuage.order.entity.LogisticsAddress">
    insert into tc_logistics_address
    <trim prefix="(" suffix=")" suffixOverrides=",">
      <if test="id != null">
        id,
      </if>
      <if test="logisticsId != null">
        logistics_id,
      </if>
      <if test="address != null">
        address,
      </if>
      <if test="areaCode != null">
        area_code,
      </if>
      <if test="areaName != null">
        area_name,
      </if>
      <if test="cityCode != null">
        city_code,
      </if>
      <if test="cityName != null">
        city_name,
      </if>
      <if test="provinceName != null">
        province_name,
      </if>
      <if test="provinceCode != null">
        province_code,
      </if>
      <if test="postCode != null">
        post_code,
      </if>
      <if test="warehouse != null">
        warehouse,
      </if>
      <if test="gmtCreate != null">
        gmt_create,
      </if>
      <if test="gmtModified != null">
        gmt_modified,
      </if>
    </trim>
    <trim prefix="values (" suffix=")" suffixOverrides=",">
      <if test="id != null">
        #{id,jdbcType=BIGINT},
      </if>
      <if test="logisticsId != null">
        #{logisticsId,jdbcType=BIGINT},
      </if>
      <if test="address != null">
        #{address,jdbcType=VARCHAR},
      </if>
      <if test="areaCode != null">
        #{areaCode,jdbcType=VARCHAR},
      </if>
      <if test="areaName != null">
        #{areaName,jdbcType=VARCHAR},
      </if>
      <if test="cityCode != null">
        #{cityCode,jdbcType=VARCHAR},
      </if>
      <if test="cityName != null">
        #{cityName,jdbcType=VARCHAR},
      </if>
      <if test="provinceName != null">
        #{provinceName,jdbcType=VARCHAR},
      </if>
      <if test="provinceCode != null">
        #{provinceCode,jdbcType=VARCHAR},
      </if>
      <if test="postCode != null">
        #{postCode,jdbcType=VARCHAR},
      </if>
      <if test="warehouse != null">
        #{warehouse,jdbcType=VARCHAR},
      </if>
      <if test="gmtCreate != null">
        #{gmtCreate,jdbcType=TIMESTAMP},
      </if>
      <if test="gmtModified != null">
        #{gmtModified,jdbcType=TIMESTAMP},
      </if>
    </trim>
  </insert>
  <select id="countByExample" parameterType="com.wuage.order.entity.LogisticsAddressExample" resultType="java.lang.Long">
    select count(*) from tc_logistics_address
    <if test="_parameter != null">
      <include refid="Example_Where_Clause" />
    </if>
  </select>
  <update id="updateByExampleSelective" parameterType="map">
    update tc_logistics_address
    <set>
      <if test="record.id != null">
        id = #{record.id,jdbcType=BIGINT},
      </if>
      <if test="record.logisticsId != null">
        logistics_id = #{record.logisticsId,jdbcType=BIGINT},
      </if>
      <if test="record.address != null">
        address = #{record.address,jdbcType=VARCHAR},
      </if>
      <if test="record.areaCode != null">
        area_code = #{record.areaCode,jdbcType=VARCHAR},
      </if>
      <if test="record.areaName != null">
        area_name = #{record.areaName,jdbcType=VARCHAR},
      </if>
      <if test="record.cityCode != null">
        city_code = #{record.cityCode,jdbcType=VARCHAR},
      </if>
      <if test="record.cityName != null">
        city_name = #{record.cityName,jdbcType=VARCHAR},
      </if>
      <if test="record.provinceName != null">
        province_name = #{record.provinceName,jdbcType=VARCHAR},
      </if>
      <if test="record.provinceCode != null">
        province_code = #{record.provinceCode,jdbcType=VARCHAR},
      </if>
      <if test="record.postCode != null">
        post_code = #{record.postCode,jdbcType=VARCHAR},
      </if>
      <if test="record.warehouse != null">
        warehouse = #{record.warehouse,jdbcType=VARCHAR},
      </if>
      <if test="record.gmtCreate != null">
        gmt_create = #{record.gmtCreate,jdbcType=TIMESTAMP},
      </if>
      <if test="record.gmtModified != null">
        gmt_modified = #{record.gmtModified,jdbcType=TIMESTAMP},
      </if>
    </set>
    <if test="_parameter != null">
      <include refid="Update_By_Example_Where_Clause" />
    </if>
  </update>
  <update id="updateByExample" parameterType="map">
    update tc_logistics_address
    set id = #{record.id,jdbcType=BIGINT},
      logistics_id = #{record.logisticsId,jdbcType=BIGINT},
      address = #{record.address,jdbcType=VARCHAR},
      area_code = #{record.areaCode,jdbcType=VARCHAR},
      area_name = #{record.areaName,jdbcType=VARCHAR},
      city_code = #{record.cityCode,jdbcType=VARCHAR},
      city_name = #{record.cityName,jdbcType=VARCHAR},
      province_name = #{record.provinceName,jdbcType=VARCHAR},
      province_code = #{record.provinceCode,jdbcType=VARCHAR},
      post_code = #{record.postCode,jdbcType=VARCHAR},
      warehouse = #{record.warehouse,jdbcType=VARCHAR},
      gmt_create = #{record.gmtCreate,jdbcType=TIMESTAMP},
      gmt_modified = #{record.gmtModified,jdbcType=TIMESTAMP}
    <if test="_parameter != null">
      <include refid="Update_By_Example_Where_Clause" />
    </if>
  </update>
  <update id="updateByPrimaryKeySelective" parameterType="com.wuage.order.entity.LogisticsAddress">
    update tc_logistics_address
    <set>
      <if test="logisticsId != null">
        logistics_id = #{logisticsId,jdbcType=BIGINT},
      </if>
      <if test="address != null">
        address = #{address,jdbcType=VARCHAR},
      </if>
      <if test="areaCode != null">
        area_code = #{areaCode,jdbcType=VARCHAR},
      </if>
      <if test="areaName != null">
        area_name = #{areaName,jdbcType=VARCHAR},
      </if>
      <if test="cityCode != null">
        city_code = #{cityCode,jdbcType=VARCHAR},
      </if>
      <if test="cityName != null">
        city_name = #{cityName,jdbcType=VARCHAR},
      </if>
      <if test="provinceName != null">
        province_name = #{provinceName,jdbcType=VARCHAR},
      </if>
      <if test="provinceCode != null">
        province_code = #{provinceCode,jdbcType=VARCHAR},
      </if>
      <if test="postCode != null">
        post_code = #{postCode,jdbcType=VARCHAR},
      </if>
      <if test="warehouse != null">
        warehouse = #{warehouse,jdbcType=VARCHAR},
      </if>
      <if test="gmtCreate != null">
        gmt_create = #{gmtCreate,jdbcType=TIMESTAMP},
      </if>
      <if test="gmtModified != null">
        gmt_modified = #{gmtModified,jdbcType=TIMESTAMP},
      </if>
    </set>
    where id = #{id,jdbcType=BIGINT}
  </update>
  <update id="updateByPrimaryKey" parameterType="com.wuage.order.entity.LogisticsAddress">
    update tc_logistics_address
    set logistics_id = #{logisticsId,jdbcType=BIGINT},
      address = #{address,jdbcType=VARCHAR},
      area_code = #{areaCode,jdbcType=VARCHAR},
      area_name = #{areaName,jdbcType=VARCHAR},
      city_code = #{cityCode,jdbcType=VARCHAR},
      city_name = #{cityName,jdbcType=VARCHAR},
      province_name = #{provinceName,jdbcType=VARCHAR},
      province_code = #{provinceCode,jdbcType=VARCHAR},
      post_code = #{postCode,jdbcType=VARCHAR},
      warehouse = #{warehouse,jdbcType=VARCHAR},
      gmt_create = #{gmtCreate,jdbcType=TIMESTAMP},
      gmt_modified = #{gmtModified,jdbcType=TIMESTAMP}
    where id = #{id,jdbcType=BIGINT}
  </update>
</mapper>