<?xml version="1.0" encoding="UTF-8"?>
<!DOCTYPE mapper PUBLIC "-//mybatis.org//DTD Mapper 3.0//EN" "http://mybatis.org/dtd/mybatis-3-mapper.dtd">
<mapper namespace="com.wuage.order.dao.LogisticsMapper">
  <resultMap id="BaseResultMap" type="com.wuage.order.entity.Logistics">
    <id column="id" jdbcType="BIGINT" property="id" />
    <result column="order_id" jdbcType="BIGINT" property="orderId" />
    <result column="stage_id" jdbcType="BIGINT" property="stageId" />
    <result column="pick_type" jdbcType="VARCHAR" property="pickType" />
    <result column="appointed_arrival_date" jdbcType="TIMESTAMP" property="appointedArrivalDate" />
    <result column="contact_name" jdbcType="VARCHAR" property="contactName" />
    <result column="contact_mobile" jdbcType="VARCHAR" property="contactMobile" />
    <result column="gmt_create" jdbcType="TIMESTAMP" property="gmtCreate" />
    <result column="gmt_modified" jdbcType="TIMESTAMP" property="gmtModified" />
  </resultMap>
  <sql id="Example_Where_Clause">
    <where>
      <foreach collection="oredCriteria" item="criteria" separator="or">
        <if test="criteria.valid">
          <trim prefix="(" prefixOverrides="and" suffix=")">
            <foreach collection="criteria.criteria" item="criterion">
              <choose>
                <when test="criterion.noValue">
                  and ${criterion.condition}
                </when>
                <when test="criterion.singleValue">
                  and ${criterion.condition} #{criterion.value}
                </when>
                <when test="criterion.betweenValue">
                  and ${criterion.condition} #{criterion.value} and #{criterion.secondValue}
                </when>
                <when test="criterion.listValue">
                  and ${criterion.condition}
                  <foreach close=")" collection="criterion.value" item="listItem" open="(" separator=",">
                    #{listItem}
                  </foreach>
                </when>
              </choose>
            </foreach>
          </trim>
        </if>
      </foreach>
    </where>
  </sql>
  <sql id="Update_By_Example_Where_Clause">
    <where>
      <foreach collection="example.oredCriteria" item="criteria" separator="or">
        <if test="criteria.valid">
          <trim prefix="(" prefixOverrides="and" suffix=")">
            <foreach collection="criteria.criteria" item="criterion">
              <choose>
                <when test="criterion.noValue">
                  and ${criterion.condition}
                </when>
                <when test="criterion.singleValue">
                  and ${criterion.condition} #{criterion.value}
                </when>
                <when test="criterion.betweenValue">
                  and ${criterion.condition} #{criterion.value} and #{criterion.secondValue}
                </when>
                <when test="criterion.listValue">
                  and ${criterion.condition}
                  <foreach close=")" collection="criterion.value" item="listItem" open="(" separator=",">
                    #{listItem}
                  </foreach>
                </when>
              </choose>
            </foreach>
          </trim>
        </if>
      </foreach>
    </where>
  </sql>
  <sql id="Base_Column_List">
    id, order_id, stage_id, pick_type, appointed_arrival_date, contact_name, contact_mobile, 
    gmt_create, gmt_modified
  </sql>
  <select id="selectByExample" parameterType="com.wuage.order.entity.LogisticsExample" resultMap="BaseResultMap">
    select
    <if test="distinct">
      distinct
    </if>
    <include refid="Base_Column_List" />
    from tc_logistics
    <if test="_parameter != null">
      <include refid="Example_Where_Clause" />
    </if>
    <if test="orderByClause != null">
      order by ${orderByClause}
    </if>
    <if test="limitStart &gt;= 0">
       limit ${limitStart} , ${pageSize}
    </if>
  </select>
  <select id="selectByPrimaryKey" parameterType="java.lang.Long" resultMap="BaseResultMap">
    select 
    <include refid="Base_Column_List" />
    from tc_logistics
    where id = #{id,jdbcType=BIGINT}
  </select>
  <delete id="deleteByPrimaryKey" parameterType="java.lang.Long">
    delete from tc_logistics
    where id = #{id,jdbcType=BIGINT}
  </delete>
  <delete id="deleteByExample" parameterType="com.wuage.order.entity.LogisticsExample">
    delete from tc_logistics
    <if test="_parameter != null">
      <include refid="Example_Where_Clause" />
    </if>
  </delete>
  <insert id="insert" parameterType="com.wuage.order.entity.Logistics">
    insert into tc_logistics (id, order_id, stage_id, 
      pick_type, appointed_arrival_date, contact_name, 
      contact_mobile, gmt_create, gmt_modified
      )
    values (#{id,jdbcType=BIGINT}, #{orderId,jdbcType=BIGINT}, #{stageId,jdbcType=BIGINT}, 
      #{pickType,jdbcType=VARCHAR}, #{appointedArrivalDate,jdbcType=TIMESTAMP}, #{contactName,jdbcType=VARCHAR}, 
      #{contactMobile,jdbcType=VARCHAR}, #{gmtCreate,jdbcType=TIMESTAMP}, #{gmtModified,jdbcType=TIMESTAMP}
      )
  </insert>
  <insert id="insertSelective" parameterType="com.wuage.order.entity.Logistics">
    insert into tc_logistics
    <trim prefix="(" suffix=")" suffixOverrides=",">
      <if test="id != null">
        id,
      </if>
      <if test="orderId != null">
        order_id,
      </if>
      <if test="stageId != null">
        stage_id,
      </if>
      <if test="pickType != null">
        pick_type,
      </if>
      <if test="appointedArrivalDate != null">
        appointed_arrival_date,
      </if>
      <if test="contactName != null">
        contact_name,
      </if>
      <if test="contactMobile != null">
        contact_mobile,
      </if>
      <if test="gmtCreate != null">
        gmt_create,
      </if>
      <if test="gmtModified != null">
        gmt_modified,
      </if>
    </trim>
    <trim prefix="values (" suffix=")" suffixOverrides=",">
      <if test="id != null">
        #{id,jdbcType=BIGINT},
      </if>
      <if test="orderId != null">
        #{orderId,jdbcType=BIGINT},
      </if>
      <if test="stageId != null">
        #{stageId,jdbcType=BIGINT},
      </if>
      <if test="pickType != null">
        #{pickType,jdbcType=VARCHAR},
      </if>
      <if test="appointedArrivalDate != null">
        #{appointedArrivalDate,jdbcType=TIMESTAMP},
      </if>
      <if test="contactName != null">
        #{contactName,jdbcType=VARCHAR},
      </if>
      <if test="contactMobile != null">
        #{contactMobile,jdbcType=VARCHAR},
      </if>
      <if test="gmtCreate != null">
        #{gmtCreate,jdbcType=TIMESTAMP},
      </if>
      <if test="gmtModified != null">
        #{gmtModified,jdbcType=TIMESTAMP},
      </if>
    </trim>
  </insert>
  <select id="countByExample" parameterType="com.wuage.order.entity.LogisticsExample" resultType="java.lang.Long">
    select count(*) from tc_logistics
    <if test="_parameter != null">
      <include refid="Example_Where_Clause" />
    </if>
  </select>
  <update id="updateByExampleSelective" parameterType="map">
    update tc_logistics
    <set>
      <if test="record.id != null">
        id = #{record.id,jdbcType=BIGINT},
      </if>
      <if test="record.orderId != null">
        order_id = #{record.orderId,jdbcType=BIGINT},
      </if>
      <if test="record.stageId != null">
        stage_id = #{record.stageId,jdbcType=BIGINT},
      </if>
      <if test="record.pickType != null">
        pick_type = #{record.pickType,jdbcType=VARCHAR},
      </if>
      <if test="record.appointedArrivalDate != null">
        appointed_arrival_date = #{record.appointedArrivalDate,jdbcType=TIMESTAMP},
      </if>
      <if test="record.contactName != null">
        contact_name = #{record.contactName,jdbcType=VARCHAR},
      </if>
      <if test="record.contactMobile != null">
        contact_mobile = #{record.contactMobile,jdbcType=VARCHAR},
      </if>
      <if test="record.gmtCreate != null">
        gmt_create = #{record.gmtCreate,jdbcType=TIMESTAMP},
      </if>
      <if test="record.gmtModified != null">
        gmt_modified = #{record.gmtModified,jdbcType=TIMESTAMP},
      </if>
    </set>
    <if test="_parameter != null">
      <include refid="Update_By_Example_Where_Clause" />
    </if>
  </update>
  <update id="updateByExample" parameterType="map">
    update tc_logistics
    set id = #{record.id,jdbcType=BIGINT},
      order_id = #{record.orderId,jdbcType=BIGINT},
      stage_id = #{record.stageId,jdbcType=BIGINT},
      pick_type = #{record.pickType,jdbcType=VARCHAR},
      appointed_arrival_date = #{record.appointedArrivalDate,jdbcType=TIMESTAMP},
      contact_name = #{record.contactName,jdbcType=VARCHAR},
      contact_mobile = #{record.contactMobile,jdbcType=VARCHAR},
      gmt_create = #{record.gmtCreate,jdbcType=TIMESTAMP},
      gmt_modified = #{record.gmtModified,jdbcType=TIMESTAMP}
    <if test="_parameter != null">
      <include refid="Update_By_Example_Where_Clause" />
    </if>
  </update>
  <update id="updateByPrimaryKeySelective" parameterType="com.wuage.order.entity.Logistics">
    update tc_logistics
    <set>
      <if test="orderId != null">
        order_id = #{orderId,jdbcType=BIGINT},
      </if>
      <if test="stageId != null">
        stage_id = #{stageId,jdbcType=BIGINT},
      </if>
      <if test="pickType != null">
        pick_type = #{pickType,jdbcType=VARCHAR},
      </if>
      <if test="appointedArrivalDate != null">
        appointed_arrival_date = #{appointedArrivalDate,jdbcType=TIMESTAMP},
      </if>
      <if test="contactName != null">
        contact_name = #{contactName,jdbcType=VARCHAR},
      </if>
      <if test="contactMobile != null">
        contact_mobile = #{contactMobile,jdbcType=VARCHAR},
      </if>
      <if test="gmtCreate != null">
        gmt_create = #{gmtCreate,jdbcType=TIMESTAMP},
      </if>
      <if test="gmtModified != null">
        gmt_modified = #{gmtModified,jdbcType=TIMESTAMP},
      </if>
    </set>
    where id = #{id,jdbcType=BIGINT}
  </update>
  <update id="updateByPrimaryKey" parameterType="com.wuage.order.entity.Logistics">
    update tc_logistics
    set order_id = #{orderId,jdbcType=BIGINT},
      stage_id = #{stageId,jdbcType=BIGINT},
      pick_type = #{pickType,jdbcType=VARCHAR},
      appointed_arrival_date = #{appointedArrivalDate,jdbcType=TIMESTAMP},
      contact_name = #{contactName,jdbcType=VARCHAR},
      contact_mobile = #{contactMobile,jdbcType=VARCHAR},
      gmt_create = #{gmtCreate,jdbcType=TIMESTAMP},
      gmt_modified = #{gmtModified,jdbcType=TIMESTAMP}
    where id = #{id,jdbcType=BIGINT}
  </update>
  <resultMap id="BaseResultMap" type="com.wuage.order.entity.Logistics">
    <id column="id" jdbcType="BIGINT" property="id" />
    <result column="order_id" jdbcType="BIGINT" property="orderId" />
    <result column="stage_id" jdbcType="BIGINT" property="stageId" />
    <result column="pick_type" jdbcType="VARCHAR" property="pickType" />
    <result column="appointed_arrival_date" jdbcType="TIMESTAMP" property="appointedArrivalDate" />
    <result column="contact_name" jdbcType="VARCHAR" property="contactName" />
    <result column="contact_mobile" jdbcType="VARCHAR" property="contactMobile" />
    <result column="gmt_create" jdbcType="TIMESTAMP" property="gmtCreate" />
    <result column="gmt_modified" jdbcType="TIMESTAMP" property="gmtModified" />
  </resultMap>
  <sql id="Example_Where_Clause">
    <where>
      <foreach collection="oredCriteria" item="criteria" separator="or">
        <if test="criteria.valid">
          <trim prefix="(" prefixOverrides="and" suffix=")">
            <foreach collection="criteria.criteria" item="criterion">
              <choose>
                <when test="criterion.noValue">
                  and ${criterion.condition}
                </when>
                <when test="criterion.singleValue">
                  and ${criterion.condition} #{criterion.value}
                </when>
                <when test="criterion.betweenValue">
                  and ${criterion.condition} #{criterion.value} and #{criterion.secondValue}
                </when>
                <when test="criterion.listValue">
                  and ${criterion.condition}
                  <foreach close=")" collection="criterion.value" item="listItem" open="(" separator=",">
                    #{listItem}
                  </foreach>
                </when>
              </choose>
            </foreach>
          </trim>
        </if>
      </foreach>
    </where>
  </sql>
  <sql id="Update_By_Example_Where_Clause">
    <where>
      <foreach collection="example.oredCriteria" item="criteria" separator="or">
        <if test="criteria.valid">
          <trim prefix="(" prefixOverrides="and" suffix=")">
            <foreach collection="criteria.criteria" item="criterion">
              <choose>
                <when test="criterion.noValue">
                  and ${criterion.condition}
                </when>
                <when test="criterion.singleValue">
                  and ${criterion.condition} #{criterion.value}
                </when>
                <when test="criterion.betweenValue">
                  and ${criterion.condition} #{criterion.value} and #{criterion.secondValue}
                </when>
                <when test="criterion.listValue">
                  and ${criterion.condition}
                  <foreach close=")" collection="criterion.value" item="listItem" open="(" separator=",">
                    #{listItem}
                  </foreach>
                </when>
              </choose>
            </foreach>
          </trim>
        </if>
      </foreach>
    </where>
  </sql>
  <sql id="Base_Column_List">
    id, order_id, stage_id, pick_type, appointed_arrival_date, contact_name, contact_mobile, 
    gmt_create, gmt_modified
  </sql>
  <select id="selectByExample" parameterType="com.wuage.order.entity.LogisticsExample" resultMap="BaseResultMap">
    select
    <if test="distinct">
      distinct
    </if>
    <include refid="Base_Column_List" />
    from tc_logistics
    <if test="_parameter != null">
      <include refid="Example_Where_Clause" />
    </if>
    <if test="orderByClause != null">
      order by ${orderByClause}
    </if>
    <if test="limitStart &gt;= 0">
       limit ${limitStart} , ${pageSize}
    </if>
  </select>
  <select id="selectByPrimaryKey" parameterType="java.lang.Long" resultMap="BaseResultMap">
    select 
    <include refid="Base_Column_List" />
    from tc_logistics
    where id = #{id,jdbcType=BIGINT}
  </select>
  <delete id="deleteByPrimaryKey" parameterType="java.lang.Long">
    delete from tc_logistics
    where id = #{id,jdbcType=BIGINT}
  </delete>
  <delete id="deleteByExample" parameterType="com.wuage.order.entity.LogisticsExample">
    delete from tc_logistics
    <if test="_parameter != null">
      <include refid="Example_Where_Clause" />
    </if>
  </delete>
  <insert id="insert" parameterType="com.wuage.order.entity.Logistics">
    insert into tc_logistics (id, order_id, stage_id, 
      pick_type, appointed_arrival_date, contact_name, 
      contact_mobile, gmt_create, gmt_modified
      )
    values (#{id,jdbcType=BIGINT}, #{orderId,jdbcType=BIGINT}, #{stageId,jdbcType=BIGINT}, 
      #{pickType,jdbcType=VARCHAR}, #{appointedArrivalDate,jdbcType=TIMESTAMP}, #{contactName,jdbcType=VARCHAR}, 
      #{contactMobile,jdbcType=VARCHAR}, #{gmtCreate,jdbcType=TIMESTAMP}, #{gmtModified,jdbcType=TIMESTAMP}
      )
  </insert>
  <insert id="insertSelective" parameterType="com.wuage.order.entity.Logistics">
    insert into tc_logistics
    <trim prefix="(" suffix=")" suffixOverrides=",">
      <if test="id != null">
        id,
      </if>
      <if test="orderId != null">
        order_id,
      </if>
      <if test="stageId != null">
        stage_id,
      </if>
      <if test="pickType != null">
        pick_type,
      </if>
      <if test="appointedArrivalDate != null">
        appointed_arrival_date,
      </if>
      <if test="contactName != null">
        contact_name,
      </if>
      <if test="contactMobile != null">
        contact_mobile,
      </if>
      <if test="gmtCreate != null">
        gmt_create,
      </if>
      <if test="gmtModified != null">
        gmt_modified,
      </if>
    </trim>
    <trim prefix="values (" suffix=")" suffixOverrides=",">
      <if test="id != null">
        #{id,jdbcType=BIGINT},
      </if>
      <if test="orderId != null">
        #{orderId,jdbcType=BIGINT},
      </if>
      <if test="stageId != null">
        #{stageId,jdbcType=BIGINT},
      </if>
      <if test="pickType != null">
        #{pickType,jdbcType=VARCHAR},
      </if>
      <if test="appointedArrivalDate != null">
        #{appointedArrivalDate,jdbcType=TIMESTAMP},
      </if>
      <if test="contactName != null">
        #{contactName,jdbcType=VARCHAR},
      </if>
      <if test="contactMobile != null">
        #{contactMobile,jdbcType=VARCHAR},
      </if>
      <if test="gmtCreate != null">
        #{gmtCreate,jdbcType=TIMESTAMP},
      </if>
      <if test="gmtModified != null">
        #{gmtModified,jdbcType=TIMESTAMP},
      </if>
    </trim>
  </insert>
  <select id="countByExample" parameterType="com.wuage.order.entity.LogisticsExample" resultType="java.lang.Long">
    select count(*) from tc_logistics
    <if test="_parameter != null">
      <include refid="Example_Where_Clause" />
    </if>
  </select>
  <update id="updateByExampleSelective" parameterType="map">
    update tc_logistics
    <set>
      <if test="record.id != null">
        id = #{record.id,jdbcType=BIGINT},
      </if>
      <if test="record.orderId != null">
        order_id = #{record.orderId,jdbcType=BIGINT},
      </if>
      <if test="record.stageId != null">
        stage_id = #{record.stageId,jdbcType=BIGINT},
      </if>
      <if test="record.pickType != null">
        pick_type = #{record.pickType,jdbcType=VARCHAR},
      </if>
      <if test="record.appointedArrivalDate != null">
        appointed_arrival_date = #{record.appointedArrivalDate,jdbcType=TIMESTAMP},
      </if>
      <if test="record.contactName != null">
        contact_name = #{record.contactName,jdbcType=VARCHAR},
      </if>
      <if test="record.contactMobile != null">
        contact_mobile = #{record.contactMobile,jdbcType=VARCHAR},
      </if>
      <if test="record.gmtCreate != null">
        gmt_create = #{record.gmtCreate,jdbcType=TIMESTAMP},
      </if>
      <if test="record.gmtModified != null">
        gmt_modified = #{record.gmtModified,jdbcType=TIMESTAMP},
      </if>
    </set>
    <if test="_parameter != null">
      <include refid="Update_By_Example_Where_Clause" />
    </if>
  </update>
  <update id="updateByExample" parameterType="map">
    update tc_logistics
    set id = #{record.id,jdbcType=BIGINT},
      order_id = #{record.orderId,jdbcType=BIGINT},
      stage_id = #{record.stageId,jdbcType=BIGINT},
      pick_type = #{record.pickType,jdbcType=VARCHAR},
      appointed_arrival_date = #{record.appointedArrivalDate,jdbcType=TIMESTAMP},
      contact_name = #{record.contactName,jdbcType=VARCHAR},
      contact_mobile = #{record.contactMobile,jdbcType=VARCHAR},
      gmt_create = #{record.gmtCreate,jdbcType=TIMESTAMP},
      gmt_modified = #{record.gmtModified,jdbcType=TIMESTAMP}
    <if test="_parameter != null">
      <include refid="Update_By_Example_Where_Clause" />
    </if>
  </update>
  <update id="updateByPrimaryKeySelective" parameterType="com.wuage.order.entity.Logistics">
    update tc_logistics
    <set>
      <if test="orderId != null">
        order_id = #{orderId,jdbcType=BIGINT},
      </if>
      <if test="stageId != null">
        stage_id = #{stageId,jdbcType=BIGINT},
      </if>
      <if test="pickType != null">
        pick_type = #{pickType,jdbcType=VARCHAR},
      </if>
      <if test="appointedArrivalDate != null">
        appointed_arrival_date = #{appointedArrivalDate,jdbcType=TIMESTAMP},
      </if>
      <if test="contactName != null">
        contact_name = #{contactName,jdbcType=VARCHAR},
      </if>
      <if test="contactMobile != null">
        contact_mobile = #{contactMobile,jdbcType=VARCHAR},
      </if>
      <if test="gmtCreate != null">
        gmt_create = #{gmtCreate,jdbcType=TIMESTAMP},
      </if>
      <if test="gmtModified != null">
        gmt_modified = #{gmtModified,jdbcType=TIMESTAMP},
      </if>
    </set>
    where id = #{id,jdbcType=BIGINT}
  </update>
  <update id="updateByPrimaryKey" parameterType="com.wuage.order.entity.Logistics">
    update tc_logistics
    set order_id = #{orderId,jdbcType=BIGINT},
      stage_id = #{stageId,jdbcType=BIGINT},
      pick_type = #{pickType,jdbcType=VARCHAR},
      appointed_arrival_date = #{appointedArrivalDate,jdbcType=TIMESTAMP},
      contact_name = #{contactName,jdbcType=VARCHAR},
      contact_mobile = #{contactMobile,jdbcType=VARCHAR},
      gmt_create = #{gmtCreate,jdbcType=TIMESTAMP},
      gmt_modified = #{gmtModified,jdbcType=TIMESTAMP}
    where id = #{id,jdbcType=BIGINT}
  </update>
  <resultMap id="BaseResultMap" type="com.wuage.order.entity.Logistics">
    <id column="id" jdbcType="BIGINT" property="id" />
    <result column="order_id" jdbcType="BIGINT" property="orderId" />
    <result column="stage_id" jdbcType="BIGINT" property="stageId" />
    <result column="pick_type" jdbcType="VARCHAR" property="pickType" />
    <result column="appointed_arrival_date" jdbcType="TIMESTAMP" property="appointedArrivalDate" />
    <result column="contact_name" jdbcType="VARCHAR" property="contactName" />
    <result column="contact_mobile" jdbcType="VARCHAR" property="contactMobile" />
    <result column="gmt_create" jdbcType="TIMESTAMP" property="gmtCreate" />
    <result column="gmt_modified" jdbcType="TIMESTAMP" property="gmtModified" />
  </resultMap>
  <sql id="Example_Where_Clause">
    <where>
      <foreach collection="oredCriteria" item="criteria" separator="or">
        <if test="criteria.valid">
          <trim prefix="(" prefixOverrides="and" suffix=")">
            <foreach collection="criteria.criteria" item="criterion">
              <choose>
                <when test="criterion.noValue">
                  and ${criterion.condition}
                </when>
                <when test="criterion.singleValue">
                  and ${criterion.condition} #{criterion.value}
                </when>
                <when test="criterion.betweenValue">
                  and ${criterion.condition} #{criterion.value} and #{criterion.secondValue}
                </when>
                <when test="criterion.listValue">
                  and ${criterion.condition}
                  <foreach close=")" collection="criterion.value" item="listItem" open="(" separator=",">
                    #{listItem}
                  </foreach>
                </when>
              </choose>
            </foreach>
          </trim>
        </if>
      </foreach>
    </where>
  </sql>
  <sql id="Update_By_Example_Where_Clause">
    <where>
      <foreach collection="example.oredCriteria" item="criteria" separator="or">
        <if test="criteria.valid">
          <trim prefix="(" prefixOverrides="and" suffix=")">
            <foreach collection="criteria.criteria" item="criterion">
              <choose>
                <when test="criterion.noValue">
                  and ${criterion.condition}
                </when>
                <when test="criterion.singleValue">
                  and ${criterion.condition} #{criterion.value}
                </when>
                <when test="criterion.betweenValue">
                  and ${criterion.condition} #{criterion.value} and #{criterion.secondValue}
                </when>
                <when test="criterion.listValue">
                  and ${criterion.condition}
                  <foreach close=")" collection="criterion.value" item="listItem" open="(" separator=",">
                    #{listItem}
                  </foreach>
                </when>
              </choose>
            </foreach>
          </trim>
        </if>
      </foreach>
    </where>
  </sql>
  <sql id="Base_Column_List">
    id, order_id, stage_id, pick_type, appointed_arrival_date, contact_name, contact_mobile, 
    gmt_create, gmt_modified
  </sql>
  <select id="selectByExample" parameterType="com.wuage.order.entity.LogisticsExample" resultMap="BaseResultMap">
    select
    <if test="distinct">
      distinct
    </if>
    <include refid="Base_Column_List" />
    from tc_logistics
    <if test="_parameter != null">
      <include refid="Example_Where_Clause" />
    </if>
    <if test="orderByClause != null">
      order by ${orderByClause}
    </if>
    <if test="limitStart &gt;= 0">
       limit ${limitStart} , ${pageSize}
    </if>
  </select>
  <select id="selectByPrimaryKey" parameterType="java.lang.Long" resultMap="BaseResultMap">
    select 
    <include refid="Base_Column_List" />
    from tc_logistics
    where id = #{id,jdbcType=BIGINT}
  </select>
  <delete id="deleteByPrimaryKey" parameterType="java.lang.Long">
    delete from tc_logistics
    where id = #{id,jdbcType=BIGINT}
  </delete>
  <delete id="deleteByExample" parameterType="com.wuage.order.entity.LogisticsExample">
    delete from tc_logistics
    <if test="_parameter != null">
      <include refid="Example_Where_Clause" />
    </if>
  </delete>
  <insert id="insert" parameterType="com.wuage.order.entity.Logistics">
    insert into tc_logistics (id, order_id, stage_id, 
      pick_type, appointed_arrival_date, contact_name, 
      contact_mobile, gmt_create, gmt_modified
      )
    values (#{id,jdbcType=BIGINT}, #{orderId,jdbcType=BIGINT}, #{stageId,jdbcType=BIGINT}, 
      #{pickType,jdbcType=VARCHAR}, #{appointedArrivalDate,jdbcType=TIMESTAMP}, #{contactName,jdbcType=VARCHAR}, 
      #{contactMobile,jdbcType=VARCHAR}, #{gmtCreate,jdbcType=TIMESTAMP}, #{gmtModified,jdbcType=TIMESTAMP}
      )
  </insert>
  <insert id="insertSelective" parameterType="com.wuage.order.entity.Logistics">
    insert into tc_logistics
    <trim prefix="(" suffix=")" suffixOverrides=",">
      <if test="id != null">
        id,
      </if>
      <if test="orderId != null">
        order_id,
      </if>
      <if test="stageId != null">
        stage_id,
      </if>
      <if test="pickType != null">
        pick_type,
      </if>
      <if test="appointedArrivalDate != null">
        appointed_arrival_date,
      </if>
      <if test="contactName != null">
        contact_name,
      </if>
      <if test="contactMobile != null">
        contact_mobile,
      </if>
      <if test="gmtCreate != null">
        gmt_create,
      </if>
      <if test="gmtModified != null">
        gmt_modified,
      </if>
    </trim>
    <trim prefix="values (" suffix=")" suffixOverrides=",">
      <if test="id != null">
        #{id,jdbcType=BIGINT},
      </if>
      <if test="orderId != null">
        #{orderId,jdbcType=BIGINT},
      </if>
      <if test="stageId != null">
        #{stageId,jdbcType=BIGINT},
      </if>
      <if test="pickType != null">
        #{pickType,jdbcType=VARCHAR},
      </if>
      <if test="appointedArrivalDate != null">
        #{appointedArrivalDate,jdbcType=TIMESTAMP},
      </if>
      <if test="contactName != null">
        #{contactName,jdbcType=VARCHAR},
      </if>
      <if test="contactMobile != null">
        #{contactMobile,jdbcType=VARCHAR},
      </if>
      <if test="gmtCreate != null">
        #{gmtCreate,jdbcType=TIMESTAMP},
      </if>
      <if test="gmtModified != null">
        #{gmtModified,jdbcType=TIMESTAMP},
      </if>
    </trim>
  </insert>
  <select id="countByExample" parameterType="com.wuage.order.entity.LogisticsExample" resultType="java.lang.Long">
    select count(*) from tc_logistics
    <if test="_parameter != null">
      <include refid="Example_Where_Clause" />
    </if>
  </select>
  <update id="updateByExampleSelective" parameterType="map">
    update tc_logistics
    <set>
      <if test="record.id != null">
        id = #{record.id,jdbcType=BIGINT},
      </if>
      <if test="record.orderId != null">
        order_id = #{record.orderId,jdbcType=BIGINT},
      </if>
      <if test="record.stageId != null">
        stage_id = #{record.stageId,jdbcType=BIGINT},
      </if>
      <if test="record.pickType != null">
        pick_type = #{record.pickType,jdbcType=VARCHAR},
      </if>
      <if test="record.appointedArrivalDate != null">
        appointed_arrival_date = #{record.appointedArrivalDate,jdbcType=TIMESTAMP},
      </if>
      <if test="record.contactName != null">
        contact_name = #{record.contactName,jdbcType=VARCHAR},
      </if>
      <if test="record.contactMobile != null">
        contact_mobile = #{record.contactMobile,jdbcType=VARCHAR},
      </if>
      <if test="record.gmtCreate != null">
        gmt_create = #{record.gmtCreate,jdbcType=TIMESTAMP},
      </if>
      <if test="record.gmtModified != null">
        gmt_modified = #{record.gmtModified,jdbcType=TIMESTAMP},
      </if>
    </set>
    <if test="_parameter != null">
      <include refid="Update_By_Example_Where_Clause" />
    </if>
  </update>
  <update id="updateByExample" parameterType="map">
    update tc_logistics
    set id = #{record.id,jdbcType=BIGINT},
      order_id = #{record.orderId,jdbcType=BIGINT},
      stage_id = #{record.stageId,jdbcType=BIGINT},
      pick_type = #{record.pickType,jdbcType=VARCHAR},
      appointed_arrival_date = #{record.appointedArrivalDate,jdbcType=TIMESTAMP},
      contact_name = #{record.contactName,jdbcType=VARCHAR},
      contact_mobile = #{record.contactMobile,jdbcType=VARCHAR},
      gmt_create = #{record.gmtCreate,jdbcType=TIMESTAMP},
      gmt_modified = #{record.gmtModified,jdbcType=TIMESTAMP}
    <if test="_parameter != null">
      <include refid="Update_By_Example_Where_Clause" />
    </if>
  </update>
  <update id="updateByPrimaryKeySelective" parameterType="com.wuage.order.entity.Logistics">
    update tc_logistics
    <set>
      <if test="orderId != null">
        order_id = #{orderId,jdbcType=BIGINT},
      </if>
      <if test="stageId != null">
        stage_id = #{stageId,jdbcType=BIGINT},
      </if>
      <if test="pickType != null">
        pick_type = #{pickType,jdbcType=VARCHAR},
      </if>
      <if test="appointedArrivalDate != null">
        appointed_arrival_date = #{appointedArrivalDate,jdbcType=TIMESTAMP},
      </if>
      <if test="contactName != null">
        contact_name = #{contactName,jdbcType=VARCHAR},
      </if>
      <if test="contactMobile != null">
        contact_mobile = #{contactMobile,jdbcType=VARCHAR},
      </if>
      <if test="gmtCreate != null">
        gmt_create = #{gmtCreate,jdbcType=TIMESTAMP},
      </if>
      <if test="gmtModified != null">
        gmt_modified = #{gmtModified,jdbcType=TIMESTAMP},
      </if>
    </set>
    where id = #{id,jdbcType=BIGINT}
  </update>
  <update id="updateByPrimaryKey" parameterType="com.wuage.order.entity.Logistics">
    update tc_logistics
    set order_id = #{orderId,jdbcType=BIGINT},
      stage_id = #{stageId,jdbcType=BIGINT},
      pick_type = #{pickType,jdbcType=VARCHAR},
      appointed_arrival_date = #{appointedArrivalDate,jdbcType=TIMESTAMP},
      contact_name = #{contactName,jdbcType=VARCHAR},
      contact_mobile = #{contactMobile,jdbcType=VARCHAR},
      gmt_create = #{gmtCreate,jdbcType=TIMESTAMP},
      gmt_modified = #{gmtModified,jdbcType=TIMESTAMP}
    where id = #{id,jdbcType=BIGINT}
  </update>
  <resultMap id="BaseResultMap" type="com.wuage.order.entity.Logistics">
    <id column="id" jdbcType="BIGINT" property="id" />
    <result column="order_id" jdbcType="BIGINT" property="orderId" />
    <result column="stage_id" jdbcType="BIGINT" property="stageId" />
    <result column="pick_type" jdbcType="VARCHAR" property="pickType" />
    <result column="appointed_arrival_date" jdbcType="TIMESTAMP" property="appointedArrivalDate" />
    <result column="contact_name" jdbcType="VARCHAR" property="contactName" />
    <result column="contact_mobile" jdbcType="VARCHAR" property="contactMobile" />
    <result column="gmt_create" jdbcType="TIMESTAMP" property="gmtCreate" />
    <result column="gmt_modified" jdbcType="TIMESTAMP" property="gmtModified" />
  </resultMap>
  <sql id="Example_Where_Clause">
    <where>
      <foreach collection="oredCriteria" item="criteria" separator="or">
        <if test="criteria.valid">
          <trim prefix="(" prefixOverrides="and" suffix=")">
            <foreach collection="criteria.criteria" item="criterion">
              <choose>
                <when test="criterion.noValue">
                  and ${criterion.condition}
                </when>
                <when test="criterion.singleValue">
                  and ${criterion.condition} #{criterion.value}
                </when>
                <when test="criterion.betweenValue">
                  and ${criterion.condition} #{criterion.value} and #{criterion.secondValue}
                </when>
                <when test="criterion.listValue">
                  and ${criterion.condition}
                  <foreach close=")" collection="criterion.value" item="listItem" open="(" separator=",">
                    #{listItem}
                  </foreach>
                </when>
              </choose>
            </foreach>
          </trim>
        </if>
      </foreach>
    </where>
  </sql>
  <sql id="Update_By_Example_Where_Clause">
    <where>
      <foreach collection="example.oredCriteria" item="criteria" separator="or">
        <if test="criteria.valid">
          <trim prefix="(" prefixOverrides="and" suffix=")">
            <foreach collection="criteria.criteria" item="criterion">
              <choose>
                <when test="criterion.noValue">
                  and ${criterion.condition}
                </when>
                <when test="criterion.singleValue">
                  and ${criterion.condition} #{criterion.value}
                </when>
                <when test="criterion.betweenValue">
                  and ${criterion.condition} #{criterion.value} and #{criterion.secondValue}
                </when>
                <when test="criterion.listValue">
                  and ${criterion.condition}
                  <foreach close=")" collection="criterion.value" item="listItem" open="(" separator=",">
                    #{listItem}
                  </foreach>
                </when>
              </choose>
            </foreach>
          </trim>
        </if>
      </foreach>
    </where>
  </sql>
  <sql id="Base_Column_List">
    id, order_id, stage_id, pick_type, appointed_arrival_date, contact_name, contact_mobile, 
    gmt_create, gmt_modified
  </sql>
  <select id="selectByExample" parameterType="com.wuage.order.entity.LogisticsExample" resultMap="BaseResultMap">
    select
    <if test="distinct">
      distinct
    </if>
    <include refid="Base_Column_List" />
    from tc_logistics
    <if test="_parameter != null">
      <include refid="Example_Where_Clause" />
    </if>
    <if test="orderByClause != null">
      order by ${orderByClause}
    </if>
    <if test="limitStart &gt;= 0">
       limit ${limitStart} , ${pageSize}
    </if>
  </select>
  <select id="selectByPrimaryKey" parameterType="java.lang.Long" resultMap="BaseResultMap">
    select 
    <include refid="Base_Column_List" />
    from tc_logistics
    where id = #{id,jdbcType=BIGINT}
  </select>
  <delete id="deleteByPrimaryKey" parameterType="java.lang.Long">
    delete from tc_logistics
    where id = #{id,jdbcType=BIGINT}
  </delete>
  <delete id="deleteByExample" parameterType="com.wuage.order.entity.LogisticsExample">
    delete from tc_logistics
    <if test="_parameter != null">
      <include refid="Example_Where_Clause" />
    </if>
  </delete>
  <insert id="insert" parameterType="com.wuage.order.entity.Logistics">
    insert into tc_logistics (id, order_id, stage_id, 
      pick_type, appointed_arrival_date, contact_name, 
      contact_mobile, gmt_create, gmt_modified
      )
    values (#{id,jdbcType=BIGINT}, #{orderId,jdbcType=BIGINT}, #{stageId,jdbcType=BIGINT}, 
      #{pickType,jdbcType=VARCHAR}, #{appointedArrivalDate,jdbcType=TIMESTAMP}, #{contactName,jdbcType=VARCHAR}, 
      #{contactMobile,jdbcType=VARCHAR}, #{gmtCreate,jdbcType=TIMESTAMP}, #{gmtModified,jdbcType=TIMESTAMP}
      )
  </insert>
  <insert id="insertSelective" parameterType="com.wuage.order.entity.Logistics">
    insert into tc_logistics
    <trim prefix="(" suffix=")" suffixOverrides=",">
      <if test="id != null">
        id,
      </if>
      <if test="orderId != null">
        order_id,
      </if>
      <if test="stageId != null">
        stage_id,
      </if>
      <if test="pickType != null">
        pick_type,
      </if>
      <if test="appointedArrivalDate != null">
        appointed_arrival_date,
      </if>
      <if test="contactName != null">
        contact_name,
      </if>
      <if test="contactMobile != null">
        contact_mobile,
      </if>
      <if test="gmtCreate != null">
        gmt_create,
      </if>
      <if test="gmtModified != null">
        gmt_modified,
      </if>
    </trim>
    <trim prefix="values (" suffix=")" suffixOverrides=",">
      <if test="id != null">
        #{id,jdbcType=BIGINT},
      </if>
      <if test="orderId != null">
        #{orderId,jdbcType=BIGINT},
      </if>
      <if test="stageId != null">
        #{stageId,jdbcType=BIGINT},
      </if>
      <if test="pickType != null">
        #{pickType,jdbcType=VARCHAR},
      </if>
      <if test="appointedArrivalDate != null">
        #{appointedArrivalDate,jdbcType=TIMESTAMP},
      </if>
      <if test="contactName != null">
        #{contactName,jdbcType=VARCHAR},
      </if>
      <if test="contactMobile != null">
        #{contactMobile,jdbcType=VARCHAR},
      </if>
      <if test="gmtCreate != null">
        #{gmtCreate,jdbcType=TIMESTAMP},
      </if>
      <if test="gmtModified != null">
        #{gmtModified,jdbcType=TIMESTAMP},
      </if>
    </trim>
  </insert>
  <select id="countByExample" parameterType="com.wuage.order.entity.LogisticsExample" resultType="java.lang.Long">
    select count(*) from tc_logistics
    <if test="_parameter != null">
      <include refid="Example_Where_Clause" />
    </if>
  </select>
  <update id="updateByExampleSelective" parameterType="map">
    update tc_logistics
    <set>
      <if test="record.id != null">
        id = #{record.id,jdbcType=BIGINT},
      </if>
      <if test="record.orderId != null">
        order_id = #{record.orderId,jdbcType=BIGINT},
      </if>
      <if test="record.stageId != null">
        stage_id = #{record.stageId,jdbcType=BIGINT},
      </if>
      <if test="record.pickType != null">
        pick_type = #{record.pickType,jdbcType=VARCHAR},
      </if>
      <if test="record.appointedArrivalDate != null">
        appointed_arrival_date = #{record.appointedArrivalDate,jdbcType=TIMESTAMP},
      </if>
      <if test="record.contactName != null">
        contact_name = #{record.contactName,jdbcType=VARCHAR},
      </if>
      <if test="record.contactMobile != null">
        contact_mobile = #{record.contactMobile,jdbcType=VARCHAR},
      </if>
      <if test="record.gmtCreate != null">
        gmt_create = #{record.gmtCreate,jdbcType=TIMESTAMP},
      </if>
      <if test="record.gmtModified != null">
        gmt_modified = #{record.gmtModified,jdbcType=TIMESTAMP},
      </if>
    </set>
    <if test="_parameter != null">
      <include refid="Update_By_Example_Where_Clause" />
    </if>
  </update>
  <update id="updateByExample" parameterType="map">
    update tc_logistics
    set id = #{record.id,jdbcType=BIGINT},
      order_id = #{record.orderId,jdbcType=BIGINT},
      stage_id = #{record.stageId,jdbcType=BIGINT},
      pick_type = #{record.pickType,jdbcType=VARCHAR},
      appointed_arrival_date = #{record.appointedArrivalDate,jdbcType=TIMESTAMP},
      contact_name = #{record.contactName,jdbcType=VARCHAR},
      contact_mobile = #{record.contactMobile,jdbcType=VARCHAR},
      gmt_create = #{record.gmtCreate,jdbcType=TIMESTAMP},
      gmt_modified = #{record.gmtModified,jdbcType=TIMESTAMP}
    <if test="_parameter != null">
      <include refid="Update_By_Example_Where_Clause" />
    </if>
  </update>
  <update id="updateByPrimaryKeySelective" parameterType="com.wuage.order.entity.Logistics">
    update tc_logistics
    <set>
      <if test="orderId != null">
        order_id = #{orderId,jdbcType=BIGINT},
      </if>
      <if test="stageId != null">
        stage_id = #{stageId,jdbcType=BIGINT},
      </if>
      <if test="pickType != null">
        pick_type = #{pickType,jdbcType=VARCHAR},
      </if>
      <if test="appointedArrivalDate != null">
        appointed_arrival_date = #{appointedArrivalDate,jdbcType=TIMESTAMP},
      </if>
      <if test="contactName != null">
        contact_name = #{contactName,jdbcType=VARCHAR},
      </if>
      <if test="contactMobile != null">
        contact_mobile = #{contactMobile,jdbcType=VARCHAR},
      </if>
      <if test="gmtCreate != null">
        gmt_create = #{gmtCreate,jdbcType=TIMESTAMP},
      </if>
      <if test="gmtModified != null">
        gmt_modified = #{gmtModified,jdbcType=TIMESTAMP},
      </if>
    </set>
    where id = #{id,jdbcType=BIGINT}
  </update>
  <update id="updateByPrimaryKey" parameterType="com.wuage.order.entity.Logistics">
    update tc_logistics
    set order_id = #{orderId,jdbcType=BIGINT},
      stage_id = #{stageId,jdbcType=BIGINT},
      pick_type = #{pickType,jdbcType=VARCHAR},
      appointed_arrival_date = #{appointedArrivalDate,jdbcType=TIMESTAMP},
      contact_name = #{contactName,jdbcType=VARCHAR},
      contact_mobile = #{contactMobile,jdbcType=VARCHAR},
      gmt_create = #{gmtCreate,jdbcType=TIMESTAMP},
      gmt_modified = #{gmtModified,jdbcType=TIMESTAMP}
    where id = #{id,jdbcType=BIGINT}
  </update>
</mapper>