<?xml version="1.0" encoding="UTF-8"?>
<!DOCTYPE mapper PUBLIC "-//mybatis.org//DTD Mapper 3.0//EN" "http://mybatis.org/dtd/mybatis-3-mapper.dtd">
<mapper namespace="com.wuage.order.dao.OrderOperationLogMapper">
  <resultMap id="BaseResultMap" type="com.wuage.order.entity.OrderOperationLog">
    <id column="id" jdbcType="BIGINT" property="id" />
    <result column="operator" jdbcType="VARCHAR" property="operator" />
    <result column="operation_code" jdbcType="VARCHAR" property="operationCode" />
    <result column="status" jdbcType="VARCHAR" property="status" />
    <result column="operation_time" jdbcType="TIMESTAMP" property="operationTime" />
    <result column="remark" jdbcType="VARCHAR" property="remark" />
    <result column="content" jdbcType="VARCHAR" property="content" />
    <result column="order_id" jdbcType="BIGINT" property="orderId" />
    <result column="biz_id" jdbcType="BIGINT" property="bizId" />
    <result column="stage_id" jdbcType="BIGINT" property="stageId" />
    <result column="biz_type" jdbcType="VARCHAR" property="bizType" />
    <result column="gmt_create" jdbcType="TIMESTAMP" property="gmtCreate" />
    <result column="gmt_modified" jdbcType="TIMESTAMP" property="gmtModified" />
  </resultMap>
  <sql id="Example_Where_Clause">
    <where>
      <foreach collection="oredCriteria" item="criteria" separator="or">
        <if test="criteria.valid">
          <trim prefix="(" prefixOverrides="and" suffix=")">
            <foreach collection="criteria.criteria" item="criterion">
              <choose>
                <when test="criterion.noValue">
                  and ${criterion.condition}
                </when>
                <when test="criterion.singleValue">
                  and ${criterion.condition} #{criterion.value}
                </when>
                <when test="criterion.betweenValue">
                  and ${criterion.condition} #{criterion.value} and #{criterion.secondValue}
                </when>
                <when test="criterion.listValue">
                  and ${criterion.condition}
                  <foreach close=")" collection="criterion.value" item="listItem" open="(" separator=",">
                    #{listItem}
                  </foreach>
                </when>
              </choose>
            </foreach>
          </trim>
        </if>
      </foreach>
    </where>
  </sql>
  <sql id="Update_By_Example_Where_Clause">
    <where>
      <foreach collection="example.oredCriteria" item="criteria" separator="or">
        <if test="criteria.valid">
          <trim prefix="(" prefixOverrides="and" suffix=")">
            <foreach collection="criteria.criteria" item="criterion">
              <choose>
                <when test="criterion.noValue">
                  and ${criterion.condition}
                </when>
                <when test="criterion.singleValue">
                  and ${criterion.condition} #{criterion.value}
                </when>
                <when test="criterion.betweenValue">
                  and ${criterion.condition} #{criterion.value} and #{criterion.secondValue}
                </when>
                <when test="criterion.listValue">
                  and ${criterion.condition}
                  <foreach close=")" collection="criterion.value" item="listItem" open="(" separator=",">
                    #{listItem}
                  </foreach>
                </when>
              </choose>
            </foreach>
          </trim>
        </if>
      </foreach>
    </where>
  </sql>
  <sql id="Base_Column_List">
    id, operator, operation_code, status, operation_time, remark, content, order_id, 
    biz_id, stage_id, biz_type, gmt_create, gmt_modified
  </sql>
  <select id="selectByExample" parameterType="com.wuage.order.entity.OrderOperationLogExample" resultMap="BaseResultMap">
    select
    <if test="distinct">
      distinct
    </if>
    <include refid="Base_Column_List" />
    from tc_order_operation_log
    <if test="_parameter != null">
      <include refid="Example_Where_Clause" />
    </if>
    <if test="orderByClause != null">
      order by ${orderByClause}
    </if>
    <if test="limitStart &gt;= 0">
       limit ${limitStart} , ${pageSize}
    </if>
  </select>
  <select id="selectByPrimaryKey" parameterType="java.lang.Long" resultMap="BaseResultMap">
    select 
    <include refid="Base_Column_List" />
    from tc_order_operation_log
    where id = #{id,jdbcType=BIGINT}
  </select>
  <delete id="deleteByPrimaryKey" parameterType="java.lang.Long">
    delete from tc_order_operation_log
    where id = #{id,jdbcType=BIGINT}
  </delete>
  <delete id="deleteByExample" parameterType="com.wuage.order.entity.OrderOperationLogExample">
    delete from tc_order_operation_log
    <if test="_parameter != null">
      <include refid="Example_Where_Clause" />
    </if>
  </delete>
  <insert id="insert" parameterType="com.wuage.order.entity.OrderOperationLog">
    insert into tc_order_operation_log (id, operator, operation_code, 
      status, operation_time, remark, 
      content, order_id, biz_id, 
      stage_id, biz_type, gmt_create, 
      gmt_modified)
    values (#{id,jdbcType=BIGINT}, #{operator,jdbcType=VARCHAR}, #{operationCode,jdbcType=VARCHAR}, 
      #{status,jdbcType=VARCHAR}, #{operationTime,jdbcType=TIMESTAMP}, #{remark,jdbcType=VARCHAR}, 
      #{content,jdbcType=VARCHAR}, #{orderId,jdbcType=BIGINT}, #{bizId,jdbcType=BIGINT}, 
      #{stageId,jdbcType=BIGINT}, #{bizType,jdbcType=VARCHAR}, #{gmtCreate,jdbcType=TIMESTAMP}, 
      #{gmtModified,jdbcType=TIMESTAMP})
  </insert>
  <insert id="insertSelective" parameterType="com.wuage.order.entity.OrderOperationLog">
    insert into tc_order_operation_log
    <trim prefix="(" suffix=")" suffixOverrides=",">
      <if test="id != null">
        id,
      </if>
      <if test="operator != null">
        operator,
      </if>
      <if test="operationCode != null">
        operation_code,
      </if>
      <if test="status != null">
        status,
      </if>
      <if test="operationTime != null">
        operation_time,
      </if>
      <if test="remark != null">
        remark,
      </if>
      <if test="content != null">
        content,
      </if>
      <if test="orderId != null">
        order_id,
      </if>
      <if test="bizId != null">
        biz_id,
      </if>
      <if test="stageId != null">
        stage_id,
      </if>
      <if test="bizType != null">
        biz_type,
      </if>
      <if test="gmtCreate != null">
        gmt_create,
      </if>
      <if test="gmtModified != null">
        gmt_modified,
      </if>
    </trim>
    <trim prefix="values (" suffix=")" suffixOverrides=",">
      <if test="id != null">
        #{id,jdbcType=BIGINT},
      </if>
      <if test="operator != null">
        #{operator,jdbcType=VARCHAR},
      </if>
      <if test="operationCode != null">
        #{operationCode,jdbcType=VARCHAR},
      </if>
      <if test="status != null">
        #{status,jdbcType=VARCHAR},
      </if>
      <if test="operationTime != null">
        #{operationTime,jdbcType=TIMESTAMP},
      </if>
      <if test="remark != null">
        #{remark,jdbcType=VARCHAR},
      </if>
      <if test="content != null">
        #{content,jdbcType=VARCHAR},
      </if>
      <if test="orderId != null">
        #{orderId,jdbcType=BIGINT},
      </if>
      <if test="bizId != null">
        #{bizId,jdbcType=BIGINT},
      </if>
      <if test="stageId != null">
        #{stageId,jdbcType=BIGINT},
      </if>
      <if test="bizType != null">
        #{bizType,jdbcType=VARCHAR},
      </if>
      <if test="gmtCreate != null">
        #{gmtCreate,jdbcType=TIMESTAMP},
      </if>
      <if test="gmtModified != null">
        #{gmtModified,jdbcType=TIMESTAMP},
      </if>
    </trim>
  </insert>
  <select id="countByExample" parameterType="com.wuage.order.entity.OrderOperationLogExample" resultType="java.lang.Long">
    select count(*) from tc_order_operation_log
    <if test="_parameter != null">
      <include refid="Example_Where_Clause" />
    </if>
  </select>
  <update id="updateByExampleSelective" parameterType="map">
    update tc_order_operation_log
    <set>
      <if test="record.id != null">
        id = #{record.id,jdbcType=BIGINT},
      </if>
      <if test="record.operator != null">
        operator = #{record.operator,jdbcType=VARCHAR},
      </if>
      <if test="record.operationCode != null">
        operation_code = #{record.operationCode,jdbcType=VARCHAR},
      </if>
      <if test="record.status != null">
        status = #{record.status,jdbcType=VARCHAR},
      </if>
      <if test="record.operationTime != null">
        operation_time = #{record.operationTime,jdbcType=TIMESTAMP},
      </if>
      <if test="record.remark != null">
        remark = #{record.remark,jdbcType=VARCHAR},
      </if>
      <if test="record.content != null">
        content = #{record.content,jdbcType=VARCHAR},
      </if>
      <if test="record.orderId != null">
        order_id = #{record.orderId,jdbcType=BIGINT},
      </if>
      <if test="record.bizId != null">
        biz_id = #{record.bizId,jdbcType=BIGINT},
      </if>
      <if test="record.stageId != null">
        stage_id = #{record.stageId,jdbcType=BIGINT},
      </if>
      <if test="record.bizType != null">
        biz_type = #{record.bizType,jdbcType=VARCHAR},
      </if>
      <if test="record.gmtCreate != null">
        gmt_create = #{record.gmtCreate,jdbcType=TIMESTAMP},
      </if>
      <if test="record.gmtModified != null">
        gmt_modified = #{record.gmtModified,jdbcType=TIMESTAMP},
      </if>
    </set>
    <if test="_parameter != null">
      <include refid="Update_By_Example_Where_Clause" />
    </if>
  </update>
  <update id="updateByExample" parameterType="map">
    update tc_order_operation_log
    set id = #{record.id,jdbcType=BIGINT},
      operator = #{record.operator,jdbcType=VARCHAR},
      operation_code = #{record.operationCode,jdbcType=VARCHAR},
      status = #{record.status,jdbcType=VARCHAR},
      operation_time = #{record.operationTime,jdbcType=TIMESTAMP},
      remark = #{record.remark,jdbcType=VARCHAR},
      content = #{record.content,jdbcType=VARCHAR},
      order_id = #{record.orderId,jdbcType=BIGINT},
      biz_id = #{record.bizId,jdbcType=BIGINT},
      stage_id = #{record.stageId,jdbcType=BIGINT},
      biz_type = #{record.bizType,jdbcType=VARCHAR},
      gmt_create = #{record.gmtCreate,jdbcType=TIMESTAMP},
      gmt_modified = #{record.gmtModified,jdbcType=TIMESTAMP}
    <if test="_parameter != null">
      <include refid="Update_By_Example_Where_Clause" />
    </if>
  </update>
  <update id="updateByPrimaryKeySelective" parameterType="com.wuage.order.entity.OrderOperationLog">
    update tc_order_operation_log
    <set>
      <if test="operator != null">
        operator = #{operator,jdbcType=VARCHAR},
      </if>
      <if test="operationCode != null">
        operation_code = #{operationCode,jdbcType=VARCHAR},
      </if>
      <if test="status != null">
        status = #{status,jdbcType=VARCHAR},
      </if>
      <if test="operationTime != null">
        operation_time = #{operationTime,jdbcType=TIMESTAMP},
      </if>
      <if test="remark != null">
        remark = #{remark,jdbcType=VARCHAR},
      </if>
      <if test="content != null">
        content = #{content,jdbcType=VARCHAR},
      </if>
      <if test="orderId != null">
        order_id = #{orderId,jdbcType=BIGINT},
      </if>
      <if test="bizId != null">
        biz_id = #{bizId,jdbcType=BIGINT},
      </if>
      <if test="stageId != null">
        stage_id = #{stageId,jdbcType=BIGINT},
      </if>
      <if test="bizType != null">
        biz_type = #{bizType,jdbcType=VARCHAR},
      </if>
      <if test="gmtCreate != null">
        gmt_create = #{gmtCreate,jdbcType=TIMESTAMP},
      </if>
      <if test="gmtModified != null">
        gmt_modified = #{gmtModified,jdbcType=TIMESTAMP},
      </if>
    </set>
    where id = #{id,jdbcType=BIGINT}
  </update>
  <update id="updateByPrimaryKey" parameterType="com.wuage.order.entity.OrderOperationLog">
    update tc_order_operation_log
    set operator = #{operator,jdbcType=VARCHAR},
      operation_code = #{operationCode,jdbcType=VARCHAR},
      status = #{status,jdbcType=VARCHAR},
      operation_time = #{operationTime,jdbcType=TIMESTAMP},
      remark = #{remark,jdbcType=VARCHAR},
      content = #{content,jdbcType=VARCHAR},
      order_id = #{orderId,jdbcType=BIGINT},
      biz_id = #{bizId,jdbcType=BIGINT},
      stage_id = #{stageId,jdbcType=BIGINT},
      biz_type = #{bizType,jdbcType=VARCHAR},
      gmt_create = #{gmtCreate,jdbcType=TIMESTAMP},
      gmt_modified = #{gmtModified,jdbcType=TIMESTAMP}
    where id = #{id,jdbcType=BIGINT}
  </update>
  <resultMap id="BaseResultMap" type="com.wuage.order.entity.OrderOperationLog">
    <id column="id" jdbcType="BIGINT" property="id" />
    <result column="operator" jdbcType="VARCHAR" property="operator" />
    <result column="operation_code" jdbcType="VARCHAR" property="operationCode" />
    <result column="status" jdbcType="VARCHAR" property="status" />
    <result column="operation_time" jdbcType="TIMESTAMP" property="operationTime" />
    <result column="remark" jdbcType="VARCHAR" property="remark" />
    <result column="content" jdbcType="VARCHAR" property="content" />
    <result column="order_id" jdbcType="BIGINT" property="orderId" />
    <result column="biz_id" jdbcType="BIGINT" property="bizId" />
    <result column="stage_id" jdbcType="BIGINT" property="stageId" />
    <result column="biz_type" jdbcType="VARCHAR" property="bizType" />
    <result column="gmt_create" jdbcType="TIMESTAMP" property="gmtCreate" />
    <result column="gmt_modified" jdbcType="TIMESTAMP" property="gmtModified" />
  </resultMap>
  <sql id="Example_Where_Clause">
    <where>
      <foreach collection="oredCriteria" item="criteria" separator="or">
        <if test="criteria.valid">
          <trim prefix="(" prefixOverrides="and" suffix=")">
            <foreach collection="criteria.criteria" item="criterion">
              <choose>
                <when test="criterion.noValue">
                  and ${criterion.condition}
                </when>
                <when test="criterion.singleValue">
                  and ${criterion.condition} #{criterion.value}
                </when>
                <when test="criterion.betweenValue">
                  and ${criterion.condition} #{criterion.value} and #{criterion.secondValue}
                </when>
                <when test="criterion.listValue">
                  and ${criterion.condition}
                  <foreach close=")" collection="criterion.value" item="listItem" open="(" separator=",">
                    #{listItem}
                  </foreach>
                </when>
              </choose>
            </foreach>
          </trim>
        </if>
      </foreach>
    </where>
  </sql>
  <sql id="Update_By_Example_Where_Clause">
    <where>
      <foreach collection="example.oredCriteria" item="criteria" separator="or">
        <if test="criteria.valid">
          <trim prefix="(" prefixOverrides="and" suffix=")">
            <foreach collection="criteria.criteria" item="criterion">
              <choose>
                <when test="criterion.noValue">
                  and ${criterion.condition}
                </when>
                <when test="criterion.singleValue">
                  and ${criterion.condition} #{criterion.value}
                </when>
                <when test="criterion.betweenValue">
                  and ${criterion.condition} #{criterion.value} and #{criterion.secondValue}
                </when>
                <when test="criterion.listValue">
                  and ${criterion.condition}
                  <foreach close=")" collection="criterion.value" item="listItem" open="(" separator=",">
                    #{listItem}
                  </foreach>
                </when>
              </choose>
            </foreach>
          </trim>
        </if>
      </foreach>
    </where>
  </sql>
  <sql id="Base_Column_List">
    id, operator, operation_code, status, operation_time, remark, content, order_id, 
    biz_id, stage_id, biz_type, gmt_create, gmt_modified
  </sql>
  <select id="selectByExample" parameterType="com.wuage.order.entity.OrderOperationLogExample" resultMap="BaseResultMap">
    select
    <if test="distinct">
      distinct
    </if>
    <include refid="Base_Column_List" />
    from tc_order_operation_log
    <if test="_parameter != null">
      <include refid="Example_Where_Clause" />
    </if>
    <if test="orderByClause != null">
      order by ${orderByClause}
    </if>
    <if test="limitStart &gt;= 0">
       limit ${limitStart} , ${pageSize}
    </if>
  </select>
  <select id="selectByPrimaryKey" parameterType="java.lang.Long" resultMap="BaseResultMap">
    select 
    <include refid="Base_Column_List" />
    from tc_order_operation_log
    where id = #{id,jdbcType=BIGINT}
  </select>
  <delete id="deleteByPrimaryKey" parameterType="java.lang.Long">
    delete from tc_order_operation_log
    where id = #{id,jdbcType=BIGINT}
  </delete>
  <delete id="deleteByExample" parameterType="com.wuage.order.entity.OrderOperationLogExample">
    delete from tc_order_operation_log
    <if test="_parameter != null">
      <include refid="Example_Where_Clause" />
    </if>
  </delete>
  <insert id="insert" parameterType="com.wuage.order.entity.OrderOperationLog">
    insert into tc_order_operation_log (id, operator, operation_code, 
      status, operation_time, remark, 
      content, order_id, biz_id, 
      stage_id, biz_type, gmt_create, 
      gmt_modified)
    values (#{id,jdbcType=BIGINT}, #{operator,jdbcType=VARCHAR}, #{operationCode,jdbcType=VARCHAR}, 
      #{status,jdbcType=VARCHAR}, #{operationTime,jdbcType=TIMESTAMP}, #{remark,jdbcType=VARCHAR}, 
      #{content,jdbcType=VARCHAR}, #{orderId,jdbcType=BIGINT}, #{bizId,jdbcType=BIGINT}, 
      #{stageId,jdbcType=BIGINT}, #{bizType,jdbcType=VARCHAR}, #{gmtCreate,jdbcType=TIMESTAMP}, 
      #{gmtModified,jdbcType=TIMESTAMP})
  </insert>
  <insert id="insertSelective" parameterType="com.wuage.order.entity.OrderOperationLog">
    insert into tc_order_operation_log
    <trim prefix="(" suffix=")" suffixOverrides=",">
      <if test="id != null">
        id,
      </if>
      <if test="operator != null">
        operator,
      </if>
      <if test="operationCode != null">
        operation_code,
      </if>
      <if test="status != null">
        status,
      </if>
      <if test="operationTime != null">
        operation_time,
      </if>
      <if test="remark != null">
        remark,
      </if>
      <if test="content != null">
        content,
      </if>
      <if test="orderId != null">
        order_id,
      </if>
      <if test="bizId != null">
        biz_id,
      </if>
      <if test="stageId != null">
        stage_id,
      </if>
      <if test="bizType != null">
        biz_type,
      </if>
      <if test="gmtCreate != null">
        gmt_create,
      </if>
      <if test="gmtModified != null">
        gmt_modified,
      </if>
    </trim>
    <trim prefix="values (" suffix=")" suffixOverrides=",">
      <if test="id != null">
        #{id,jdbcType=BIGINT},
      </if>
      <if test="operator != null">
        #{operator,jdbcType=VARCHAR},
      </if>
      <if test="operationCode != null">
        #{operationCode,jdbcType=VARCHAR},
      </if>
      <if test="status != null">
        #{status,jdbcType=VARCHAR},
      </if>
      <if test="operationTime != null">
        #{operationTime,jdbcType=TIMESTAMP},
      </if>
      <if test="remark != null">
        #{remark,jdbcType=VARCHAR},
      </if>
      <if test="content != null">
        #{content,jdbcType=VARCHAR},
      </if>
      <if test="orderId != null">
        #{orderId,jdbcType=BIGINT},
      </if>
      <if test="bizId != null">
        #{bizId,jdbcType=BIGINT},
      </if>
      <if test="stageId != null">
        #{stageId,jdbcType=BIGINT},
      </if>
      <if test="bizType != null">
        #{bizType,jdbcType=VARCHAR},
      </if>
      <if test="gmtCreate != null">
        #{gmtCreate,jdbcType=TIMESTAMP},
      </if>
      <if test="gmtModified != null">
        #{gmtModified,jdbcType=TIMESTAMP},
      </if>
    </trim>
  </insert>
  <select id="countByExample" parameterType="com.wuage.order.entity.OrderOperationLogExample" resultType="java.lang.Long">
    select count(*) from tc_order_operation_log
    <if test="_parameter != null">
      <include refid="Example_Where_Clause" />
    </if>
  </select>
  <update id="updateByExampleSelective" parameterType="map">
    update tc_order_operation_log
    <set>
      <if test="record.id != null">
        id = #{record.id,jdbcType=BIGINT},
      </if>
      <if test="record.operator != null">
        operator = #{record.operator,jdbcType=VARCHAR},
      </if>
      <if test="record.operationCode != null">
        operation_code = #{record.operationCode,jdbcType=VARCHAR},
      </if>
      <if test="record.status != null">
        status = #{record.status,jdbcType=VARCHAR},
      </if>
      <if test="record.operationTime != null">
        operation_time = #{record.operationTime,jdbcType=TIMESTAMP},
      </if>
      <if test="record.remark != null">
        remark = #{record.remark,jdbcType=VARCHAR},
      </if>
      <if test="record.content != null">
        content = #{record.content,jdbcType=VARCHAR},
      </if>
      <if test="record.orderId != null">
        order_id = #{record.orderId,jdbcType=BIGINT},
      </if>
      <if test="record.bizId != null">
        biz_id = #{record.bizId,jdbcType=BIGINT},
      </if>
      <if test="record.stageId != null">
        stage_id = #{record.stageId,jdbcType=BIGINT},
      </if>
      <if test="record.bizType != null">
        biz_type = #{record.bizType,jdbcType=VARCHAR},
      </if>
      <if test="record.gmtCreate != null">
        gmt_create = #{record.gmtCreate,jdbcType=TIMESTAMP},
      </if>
      <if test="record.gmtModified != null">
        gmt_modified = #{record.gmtModified,jdbcType=TIMESTAMP},
      </if>
    </set>
    <if test="_parameter != null">
      <include refid="Update_By_Example_Where_Clause" />
    </if>
  </update>
  <update id="updateByExample" parameterType="map">
    update tc_order_operation_log
    set id = #{record.id,jdbcType=BIGINT},
      operator = #{record.operator,jdbcType=VARCHAR},
      operation_code = #{record.operationCode,jdbcType=VARCHAR},
      status = #{record.status,jdbcType=VARCHAR},
      operation_time = #{record.operationTime,jdbcType=TIMESTAMP},
      remark = #{record.remark,jdbcType=VARCHAR},
      content = #{record.content,jdbcType=VARCHAR},
      order_id = #{record.orderId,jdbcType=BIGINT},
      biz_id = #{record.bizId,jdbcType=BIGINT},
      stage_id = #{record.stageId,jdbcType=BIGINT},
      biz_type = #{record.bizType,jdbcType=VARCHAR},
      gmt_create = #{record.gmtCreate,jdbcType=TIMESTAMP},
      gmt_modified = #{record.gmtModified,jdbcType=TIMESTAMP}
    <if test="_parameter != null">
      <include refid="Update_By_Example_Where_Clause" />
    </if>
  </update>
  <update id="updateByPrimaryKeySelective" parameterType="com.wuage.order.entity.OrderOperationLog">
    update tc_order_operation_log
    <set>
      <if test="operator != null">
        operator = #{operator,jdbcType=VARCHAR},
      </if>
      <if test="operationCode != null">
        operation_code = #{operationCode,jdbcType=VARCHAR},
      </if>
      <if test="status != null">
        status = #{status,jdbcType=VARCHAR},
      </if>
      <if test="operationTime != null">
        operation_time = #{operationTime,jdbcType=TIMESTAMP},
      </if>
      <if test="remark != null">
        remark = #{remark,jdbcType=VARCHAR},
      </if>
      <if test="content != null">
        content = #{content,jdbcType=VARCHAR},
      </if>
      <if test="orderId != null">
        order_id = #{orderId,jdbcType=BIGINT},
      </if>
      <if test="bizId != null">
        biz_id = #{bizId,jdbcType=BIGINT},
      </if>
      <if test="stageId != null">
        stage_id = #{stageId,jdbcType=BIGINT},
      </if>
      <if test="bizType != null">
        biz_type = #{bizType,jdbcType=VARCHAR},
      </if>
      <if test="gmtCreate != null">
        gmt_create = #{gmtCreate,jdbcType=TIMESTAMP},
      </if>
      <if test="gmtModified != null">
        gmt_modified = #{gmtModified,jdbcType=TIMESTAMP},
      </if>
    </set>
    where id = #{id,jdbcType=BIGINT}
  </update>
  <update id="updateByPrimaryKey" parameterType="com.wuage.order.entity.OrderOperationLog">
    update tc_order_operation_log
    set operator = #{operator,jdbcType=VARCHAR},
      operation_code = #{operationCode,jdbcType=VARCHAR},
      status = #{status,jdbcType=VARCHAR},
      operation_time = #{operationTime,jdbcType=TIMESTAMP},
      remark = #{remark,jdbcType=VARCHAR},
      content = #{content,jdbcType=VARCHAR},
      order_id = #{orderId,jdbcType=BIGINT},
      biz_id = #{bizId,jdbcType=BIGINT},
      stage_id = #{stageId,jdbcType=BIGINT},
      biz_type = #{bizType,jdbcType=VARCHAR},
      gmt_create = #{gmtCreate,jdbcType=TIMESTAMP},
      gmt_modified = #{gmtModified,jdbcType=TIMESTAMP}
    where id = #{id,jdbcType=BIGINT}
  </update>
  <resultMap id="BaseResultMap" type="com.wuage.order.entity.OrderOperationLog">
    <id column="id" jdbcType="BIGINT" property="id" />
    <result column="operator" jdbcType="VARCHAR" property="operator" />
    <result column="operation_code" jdbcType="VARCHAR" property="operationCode" />
    <result column="status" jdbcType="VARCHAR" property="status" />
    <result column="operation_time" jdbcType="TIMESTAMP" property="operationTime" />
    <result column="remark" jdbcType="VARCHAR" property="remark" />
    <result column="content" jdbcType="VARCHAR" property="content" />
    <result column="order_id" jdbcType="BIGINT" property="orderId" />
    <result column="biz_id" jdbcType="BIGINT" property="bizId" />
    <result column="stage_id" jdbcType="BIGINT" property="stageId" />
    <result column="biz_type" jdbcType="VARCHAR" property="bizType" />
    <result column="gmt_create" jdbcType="TIMESTAMP" property="gmtCreate" />
    <result column="gmt_modified" jdbcType="TIMESTAMP" property="gmtModified" />
  </resultMap>
  <sql id="Example_Where_Clause">
    <where>
      <foreach collection="oredCriteria" item="criteria" separator="or">
        <if test="criteria.valid">
          <trim prefix="(" prefixOverrides="and" suffix=")">
            <foreach collection="criteria.criteria" item="criterion">
              <choose>
                <when test="criterion.noValue">
                  and ${criterion.condition}
                </when>
                <when test="criterion.singleValue">
                  and ${criterion.condition} #{criterion.value}
                </when>
                <when test="criterion.betweenValue">
                  and ${criterion.condition} #{criterion.value} and #{criterion.secondValue}
                </when>
                <when test="criterion.listValue">
                  and ${criterion.condition}
                  <foreach close=")" collection="criterion.value" item="listItem" open="(" separator=",">
                    #{listItem}
                  </foreach>
                </when>
              </choose>
            </foreach>
          </trim>
        </if>
      </foreach>
    </where>
  </sql>
  <sql id="Update_By_Example_Where_Clause">
    <where>
      <foreach collection="example.oredCriteria" item="criteria" separator="or">
        <if test="criteria.valid">
          <trim prefix="(" prefixOverrides="and" suffix=")">
            <foreach collection="criteria.criteria" item="criterion">
              <choose>
                <when test="criterion.noValue">
                  and ${criterion.condition}
                </when>
                <when test="criterion.singleValue">
                  and ${criterion.condition} #{criterion.value}
                </when>
                <when test="criterion.betweenValue">
                  and ${criterion.condition} #{criterion.value} and #{criterion.secondValue}
                </when>
                <when test="criterion.listValue">
                  and ${criterion.condition}
                  <foreach close=")" collection="criterion.value" item="listItem" open="(" separator=",">
                    #{listItem}
                  </foreach>
                </when>
              </choose>
            </foreach>
          </trim>
        </if>
      </foreach>
    </where>
  </sql>
  <sql id="Base_Column_List">
    id, operator, operation_code, status, operation_time, remark, content, order_id, 
    biz_id, stage_id, biz_type, gmt_create, gmt_modified
  </sql>
  <select id="selectByExample" parameterType="com.wuage.order.entity.OrderOperationLogExample" resultMap="BaseResultMap">
    select
    <if test="distinct">
      distinct
    </if>
    <include refid="Base_Column_List" />
    from tc_order_operation_log
    <if test="_parameter != null">
      <include refid="Example_Where_Clause" />
    </if>
    <if test="orderByClause != null">
      order by ${orderByClause}
    </if>
    <if test="limitStart &gt;= 0">
       limit ${limitStart} , ${pageSize}
    </if>
  </select>
  <select id="selectByPrimaryKey" parameterType="java.lang.Long" resultMap="BaseResultMap">
    select 
    <include refid="Base_Column_List" />
    from tc_order_operation_log
    where id = #{id,jdbcType=BIGINT}
  </select>
  <delete id="deleteByPrimaryKey" parameterType="java.lang.Long">
    delete from tc_order_operation_log
    where id = #{id,jdbcType=BIGINT}
  </delete>
  <delete id="deleteByExample" parameterType="com.wuage.order.entity.OrderOperationLogExample">
    delete from tc_order_operation_log
    <if test="_parameter != null">
      <include refid="Example_Where_Clause" />
    </if>
  </delete>
  <insert id="insert" parameterType="com.wuage.order.entity.OrderOperationLog">
    insert into tc_order_operation_log (id, operator, operation_code, 
      status, operation_time, remark, 
      content, order_id, biz_id, 
      stage_id, biz_type, gmt_create, 
      gmt_modified)
    values (#{id,jdbcType=BIGINT}, #{operator,jdbcType=VARCHAR}, #{operationCode,jdbcType=VARCHAR}, 
      #{status,jdbcType=VARCHAR}, #{operationTime,jdbcType=TIMESTAMP}, #{remark,jdbcType=VARCHAR}, 
      #{content,jdbcType=VARCHAR}, #{orderId,jdbcType=BIGINT}, #{bizId,jdbcType=BIGINT}, 
      #{stageId,jdbcType=BIGINT}, #{bizType,jdbcType=VARCHAR}, #{gmtCreate,jdbcType=TIMESTAMP}, 
      #{gmtModified,jdbcType=TIMESTAMP})
  </insert>
  <insert id="insertSelective" parameterType="com.wuage.order.entity.OrderOperationLog">
    insert into tc_order_operation_log
    <trim prefix="(" suffix=")" suffixOverrides=",">
      <if test="id != null">
        id,
      </if>
      <if test="operator != null">
        operator,
      </if>
      <if test="operationCode != null">
        operation_code,
      </if>
      <if test="status != null">
        status,
      </if>
      <if test="operationTime != null">
        operation_time,
      </if>
      <if test="remark != null">
        remark,
      </if>
      <if test="content != null">
        content,
      </if>
      <if test="orderId != null">
        order_id,
      </if>
      <if test="bizId != null">
        biz_id,
      </if>
      <if test="stageId != null">
        stage_id,
      </if>
      <if test="bizType != null">
        biz_type,
      </if>
      <if test="gmtCreate != null">
        gmt_create,
      </if>
      <if test="gmtModified != null">
        gmt_modified,
      </if>
    </trim>
    <trim prefix="values (" suffix=")" suffixOverrides=",">
      <if test="id != null">
        #{id,jdbcType=BIGINT},
      </if>
      <if test="operator != null">
        #{operator,jdbcType=VARCHAR},
      </if>
      <if test="operationCode != null">
        #{operationCode,jdbcType=VARCHAR},
      </if>
      <if test="status != null">
        #{status,jdbcType=VARCHAR},
      </if>
      <if test="operationTime != null">
        #{operationTime,jdbcType=TIMESTAMP},
      </if>
      <if test="remark != null">
        #{remark,jdbcType=VARCHAR},
      </if>
      <if test="content != null">
        #{content,jdbcType=VARCHAR},
      </if>
      <if test="orderId != null">
        #{orderId,jdbcType=BIGINT},
      </if>
      <if test="bizId != null">
        #{bizId,jdbcType=BIGINT},
      </if>
      <if test="stageId != null">
        #{stageId,jdbcType=BIGINT},
      </if>
      <if test="bizType != null">
        #{bizType,jdbcType=VARCHAR},
      </if>
      <if test="gmtCreate != null">
        #{gmtCreate,jdbcType=TIMESTAMP},
      </if>
      <if test="gmtModified != null">
        #{gmtModified,jdbcType=TIMESTAMP},
      </if>
    </trim>
  </insert>
  <select id="countByExample" parameterType="com.wuage.order.entity.OrderOperationLogExample" resultType="java.lang.Long">
    select count(*) from tc_order_operation_log
    <if test="_parameter != null">
      <include refid="Example_Where_Clause" />
    </if>
  </select>
  <update id="updateByExampleSelective" parameterType="map">
    update tc_order_operation_log
    <set>
      <if test="record.id != null">
        id = #{record.id,jdbcType=BIGINT},
      </if>
      <if test="record.operator != null">
        operator = #{record.operator,jdbcType=VARCHAR},
      </if>
      <if test="record.operationCode != null">
        operation_code = #{record.operationCode,jdbcType=VARCHAR},
      </if>
      <if test="record.status != null">
        status = #{record.status,jdbcType=VARCHAR},
      </if>
      <if test="record.operationTime != null">
        operation_time = #{record.operationTime,jdbcType=TIMESTAMP},
      </if>
      <if test="record.remark != null">
        remark = #{record.remark,jdbcType=VARCHAR},
      </if>
      <if test="record.content != null">
        content = #{record.content,jdbcType=VARCHAR},
      </if>
      <if test="record.orderId != null">
        order_id = #{record.orderId,jdbcType=BIGINT},
      </if>
      <if test="record.bizId != null">
        biz_id = #{record.bizId,jdbcType=BIGINT},
      </if>
      <if test="record.stageId != null">
        stage_id = #{record.stageId,jdbcType=BIGINT},
      </if>
      <if test="record.bizType != null">
        biz_type = #{record.bizType,jdbcType=VARCHAR},
      </if>
      <if test="record.gmtCreate != null">
        gmt_create = #{record.gmtCreate,jdbcType=TIMESTAMP},
      </if>
      <if test="record.gmtModified != null">
        gmt_modified = #{record.gmtModified,jdbcType=TIMESTAMP},
      </if>
    </set>
    <if test="_parameter != null">
      <include refid="Update_By_Example_Where_Clause" />
    </if>
  </update>
  <update id="updateByExample" parameterType="map">
    update tc_order_operation_log
    set id = #{record.id,jdbcType=BIGINT},
      operator = #{record.operator,jdbcType=VARCHAR},
      operation_code = #{record.operationCode,jdbcType=VARCHAR},
      status = #{record.status,jdbcType=VARCHAR},
      operation_time = #{record.operationTime,jdbcType=TIMESTAMP},
      remark = #{record.remark,jdbcType=VARCHAR},
      content = #{record.content,jdbcType=VARCHAR},
      order_id = #{record.orderId,jdbcType=BIGINT},
      biz_id = #{record.bizId,jdbcType=BIGINT},
      stage_id = #{record.stageId,jdbcType=BIGINT},
      biz_type = #{record.bizType,jdbcType=VARCHAR},
      gmt_create = #{record.gmtCreate,jdbcType=TIMESTAMP},
      gmt_modified = #{record.gmtModified,jdbcType=TIMESTAMP}
    <if test="_parameter != null">
      <include refid="Update_By_Example_Where_Clause" />
    </if>
  </update>
  <update id="updateByPrimaryKeySelective" parameterType="com.wuage.order.entity.OrderOperationLog">
    update tc_order_operation_log
    <set>
      <if test="operator != null">
        operator = #{operator,jdbcType=VARCHAR},
      </if>
      <if test="operationCode != null">
        operation_code = #{operationCode,jdbcType=VARCHAR},
      </if>
      <if test="status != null">
        status = #{status,jdbcType=VARCHAR},
      </if>
      <if test="operationTime != null">
        operation_time = #{operationTime,jdbcType=TIMESTAMP},
      </if>
      <if test="remark != null">
        remark = #{remark,jdbcType=VARCHAR},
      </if>
      <if test="content != null">
        content = #{content,jdbcType=VARCHAR},
      </if>
      <if test="orderId != null">
        order_id = #{orderId,jdbcType=BIGINT},
      </if>
      <if test="bizId != null">
        biz_id = #{bizId,jdbcType=BIGINT},
      </if>
      <if test="stageId != null">
        stage_id = #{stageId,jdbcType=BIGINT},
      </if>
      <if test="bizType != null">
        biz_type = #{bizType,jdbcType=VARCHAR},
      </if>
      <if test="gmtCreate != null">
        gmt_create = #{gmtCreate,jdbcType=TIMESTAMP},
      </if>
      <if test="gmtModified != null">
        gmt_modified = #{gmtModified,jdbcType=TIMESTAMP},
      </if>
    </set>
    where id = #{id,jdbcType=BIGINT}
  </update>
  <update id="updateByPrimaryKey" parameterType="com.wuage.order.entity.OrderOperationLog">
    update tc_order_operation_log
    set operator = #{operator,jdbcType=VARCHAR},
      operation_code = #{operationCode,jdbcType=VARCHAR},
      status = #{status,jdbcType=VARCHAR},
      operation_time = #{operationTime,jdbcType=TIMESTAMP},
      remark = #{remark,jdbcType=VARCHAR},
      content = #{content,jdbcType=VARCHAR},
      order_id = #{orderId,jdbcType=BIGINT},
      biz_id = #{bizId,jdbcType=BIGINT},
      stage_id = #{stageId,jdbcType=BIGINT},
      biz_type = #{bizType,jdbcType=VARCHAR},
      gmt_create = #{gmtCreate,jdbcType=TIMESTAMP},
      gmt_modified = #{gmtModified,jdbcType=TIMESTAMP}
    where id = #{id,jdbcType=BIGINT}
  </update>
  <resultMap id="BaseResultMap" type="com.wuage.order.entity.OrderOperationLog">
    <id column="id" jdbcType="BIGINT" property="id" />
    <result column="operator" jdbcType="VARCHAR" property="operator" />
    <result column="operation_code" jdbcType="VARCHAR" property="operationCode" />
    <result column="status" jdbcType="VARCHAR" property="status" />
    <result column="operation_time" jdbcType="TIMESTAMP" property="operationTime" />
    <result column="remark" jdbcType="VARCHAR" property="remark" />
    <result column="content" jdbcType="VARCHAR" property="content" />
    <result column="order_id" jdbcType="BIGINT" property="orderId" />
    <result column="biz_id" jdbcType="BIGINT" property="bizId" />
    <result column="stage_id" jdbcType="BIGINT" property="stageId" />
    <result column="biz_type" jdbcType="VARCHAR" property="bizType" />
    <result column="gmt_create" jdbcType="TIMESTAMP" property="gmtCreate" />
    <result column="gmt_modified" jdbcType="TIMESTAMP" property="gmtModified" />
  </resultMap>
  <sql id="Example_Where_Clause">
    <where>
      <foreach collection="oredCriteria" item="criteria" separator="or">
        <if test="criteria.valid">
          <trim prefix="(" prefixOverrides="and" suffix=")">
            <foreach collection="criteria.criteria" item="criterion">
              <choose>
                <when test="criterion.noValue">
                  and ${criterion.condition}
                </when>
                <when test="criterion.singleValue">
                  and ${criterion.condition} #{criterion.value}
                </when>
                <when test="criterion.betweenValue">
                  and ${criterion.condition} #{criterion.value} and #{criterion.secondValue}
                </when>
                <when test="criterion.listValue">
                  and ${criterion.condition}
                  <foreach close=")" collection="criterion.value" item="listItem" open="(" separator=",">
                    #{listItem}
                  </foreach>
                </when>
              </choose>
            </foreach>
          </trim>
        </if>
      </foreach>
    </where>
  </sql>
  <sql id="Update_By_Example_Where_Clause">
    <where>
      <foreach collection="example.oredCriteria" item="criteria" separator="or">
        <if test="criteria.valid">
          <trim prefix="(" prefixOverrides="and" suffix=")">
            <foreach collection="criteria.criteria" item="criterion">
              <choose>
                <when test="criterion.noValue">
                  and ${criterion.condition}
                </when>
                <when test="criterion.singleValue">
                  and ${criterion.condition} #{criterion.value}
                </when>
                <when test="criterion.betweenValue">
                  and ${criterion.condition} #{criterion.value} and #{criterion.secondValue}
                </when>
                <when test="criterion.listValue">
                  and ${criterion.condition}
                  <foreach close=")" collection="criterion.value" item="listItem" open="(" separator=",">
                    #{listItem}
                  </foreach>
                </when>
              </choose>
            </foreach>
          </trim>
        </if>
      </foreach>
    </where>
  </sql>
  <sql id="Base_Column_List">
    id, operator, operation_code, status, operation_time, remark, content, order_id, 
    biz_id, stage_id, biz_type, gmt_create, gmt_modified
  </sql>
  <select id="selectByExample" parameterType="com.wuage.order.entity.OrderOperationLogExample" resultMap="BaseResultMap">
    select
    <if test="distinct">
      distinct
    </if>
    <include refid="Base_Column_List" />
    from tc_order_operation_log
    <if test="_parameter != null">
      <include refid="Example_Where_Clause" />
    </if>
    <if test="orderByClause != null">
      order by ${orderByClause}
    </if>
    <if test="limitStart &gt;= 0">
       limit ${limitStart} , ${pageSize}
    </if>
  </select>
  <select id="selectByPrimaryKey" parameterType="java.lang.Long" resultMap="BaseResultMap">
    select 
    <include refid="Base_Column_List" />
    from tc_order_operation_log
    where id = #{id,jdbcType=BIGINT}
  </select>
  <delete id="deleteByPrimaryKey" parameterType="java.lang.Long">
    delete from tc_order_operation_log
    where id = #{id,jdbcType=BIGINT}
  </delete>
  <delete id="deleteByExample" parameterType="com.wuage.order.entity.OrderOperationLogExample">
    delete from tc_order_operation_log
    <if test="_parameter != null">
      <include refid="Example_Where_Clause" />
    </if>
  </delete>
  <insert id="insert" parameterType="com.wuage.order.entity.OrderOperationLog">
    insert into tc_order_operation_log (id, operator, operation_code, 
      status, operation_time, remark, 
      content, order_id, biz_id, 
      stage_id, biz_type, gmt_create, 
      gmt_modified)
    values (#{id,jdbcType=BIGINT}, #{operator,jdbcType=VARCHAR}, #{operationCode,jdbcType=VARCHAR}, 
      #{status,jdbcType=VARCHAR}, #{operationTime,jdbcType=TIMESTAMP}, #{remark,jdbcType=VARCHAR}, 
      #{content,jdbcType=VARCHAR}, #{orderId,jdbcType=BIGINT}, #{bizId,jdbcType=BIGINT}, 
      #{stageId,jdbcType=BIGINT}, #{bizType,jdbcType=VARCHAR}, #{gmtCreate,jdbcType=TIMESTAMP}, 
      #{gmtModified,jdbcType=TIMESTAMP})
  </insert>
  <insert id="insertSelective" parameterType="com.wuage.order.entity.OrderOperationLog">
    insert into tc_order_operation_log
    <trim prefix="(" suffix=")" suffixOverrides=",">
      <if test="id != null">
        id,
      </if>
      <if test="operator != null">
        operator,
      </if>
      <if test="operationCode != null">
        operation_code,
      </if>
      <if test="status != null">
        status,
      </if>
      <if test="operationTime != null">
        operation_time,
      </if>
      <if test="remark != null">
        remark,
      </if>
      <if test="content != null">
        content,
      </if>
      <if test="orderId != null">
        order_id,
      </if>
      <if test="bizId != null">
        biz_id,
      </if>
      <if test="stageId != null">
        stage_id,
      </if>
      <if test="bizType != null">
        biz_type,
      </if>
      <if test="gmtCreate != null">
        gmt_create,
      </if>
      <if test="gmtModified != null">
        gmt_modified,
      </if>
    </trim>
    <trim prefix="values (" suffix=")" suffixOverrides=",">
      <if test="id != null">
        #{id,jdbcType=BIGINT},
      </if>
      <if test="operator != null">
        #{operator,jdbcType=VARCHAR},
      </if>
      <if test="operationCode != null">
        #{operationCode,jdbcType=VARCHAR},
      </if>
      <if test="status != null">
        #{status,jdbcType=VARCHAR},
      </if>
      <if test="operationTime != null">
        #{operationTime,jdbcType=TIMESTAMP},
      </if>
      <if test="remark != null">
        #{remark,jdbcType=VARCHAR},
      </if>
      <if test="content != null">
        #{content,jdbcType=VARCHAR},
      </if>
      <if test="orderId != null">
        #{orderId,jdbcType=BIGINT},
      </if>
      <if test="bizId != null">
        #{bizId,jdbcType=BIGINT},
      </if>
      <if test="stageId != null">
        #{stageId,jdbcType=BIGINT},
      </if>
      <if test="bizType != null">
        #{bizType,jdbcType=VARCHAR},
      </if>
      <if test="gmtCreate != null">
        #{gmtCreate,jdbcType=TIMESTAMP},
      </if>
      <if test="gmtModified != null">
        #{gmtModified,jdbcType=TIMESTAMP},
      </if>
    </trim>
  </insert>
  <select id="countByExample" parameterType="com.wuage.order.entity.OrderOperationLogExample" resultType="java.lang.Long">
    select count(*) from tc_order_operation_log
    <if test="_parameter != null">
      <include refid="Example_Where_Clause" />
    </if>
  </select>
  <update id="updateByExampleSelective" parameterType="map">
    update tc_order_operation_log
    <set>
      <if test="record.id != null">
        id = #{record.id,jdbcType=BIGINT},
      </if>
      <if test="record.operator != null">
        operator = #{record.operator,jdbcType=VARCHAR},
      </if>
      <if test="record.operationCode != null">
        operation_code = #{record.operationCode,jdbcType=VARCHAR},
      </if>
      <if test="record.status != null">
        status = #{record.status,jdbcType=VARCHAR},
      </if>
      <if test="record.operationTime != null">
        operation_time = #{record.operationTime,jdbcType=TIMESTAMP},
      </if>
      <if test="record.remark != null">
        remark = #{record.remark,jdbcType=VARCHAR},
      </if>
      <if test="record.content != null">
        content = #{record.content,jdbcType=VARCHAR},
      </if>
      <if test="record.orderId != null">
        order_id = #{record.orderId,jdbcType=BIGINT},
      </if>
      <if test="record.bizId != null">
        biz_id = #{record.bizId,jdbcType=BIGINT},
      </if>
      <if test="record.stageId != null">
        stage_id = #{record.stageId,jdbcType=BIGINT},
      </if>
      <if test="record.bizType != null">
        biz_type = #{record.bizType,jdbcType=VARCHAR},
      </if>
      <if test="record.gmtCreate != null">
        gmt_create = #{record.gmtCreate,jdbcType=TIMESTAMP},
      </if>
      <if test="record.gmtModified != null">
        gmt_modified = #{record.gmtModified,jdbcType=TIMESTAMP},
      </if>
    </set>
    <if test="_parameter != null">
      <include refid="Update_By_Example_Where_Clause" />
    </if>
  </update>
  <update id="updateByExample" parameterType="map">
    update tc_order_operation_log
    set id = #{record.id,jdbcType=BIGINT},
      operator = #{record.operator,jdbcType=VARCHAR},
      operation_code = #{record.operationCode,jdbcType=VARCHAR},
      status = #{record.status,jdbcType=VARCHAR},
      operation_time = #{record.operationTime,jdbcType=TIMESTAMP},
      remark = #{record.remark,jdbcType=VARCHAR},
      content = #{record.content,jdbcType=VARCHAR},
      order_id = #{record.orderId,jdbcType=BIGINT},
      biz_id = #{record.bizId,jdbcType=BIGINT},
      stage_id = #{record.stageId,jdbcType=BIGINT},
      biz_type = #{record.bizType,jdbcType=VARCHAR},
      gmt_create = #{record.gmtCreate,jdbcType=TIMESTAMP},
      gmt_modified = #{record.gmtModified,jdbcType=TIMESTAMP}
    <if test="_parameter != null">
      <include refid="Update_By_Example_Where_Clause" />
    </if>
  </update>
  <update id="updateByPrimaryKeySelective" parameterType="com.wuage.order.entity.OrderOperationLog">
    update tc_order_operation_log
    <set>
      <if test="operator != null">
        operator = #{operator,jdbcType=VARCHAR},
      </if>
      <if test="operationCode != null">
        operation_code = #{operationCode,jdbcType=VARCHAR},
      </if>
      <if test="status != null">
        status = #{status,jdbcType=VARCHAR},
      </if>
      <if test="operationTime != null">
        operation_time = #{operationTime,jdbcType=TIMESTAMP},
      </if>
      <if test="remark != null">
        remark = #{remark,jdbcType=VARCHAR},
      </if>
      <if test="content != null">
        content = #{content,jdbcType=VARCHAR},
      </if>
      <if test="orderId != null">
        order_id = #{orderId,jdbcType=BIGINT},
      </if>
      <if test="bizId != null">
        biz_id = #{bizId,jdbcType=BIGINT},
      </if>
      <if test="stageId != null">
        stage_id = #{stageId,jdbcType=BIGINT},
      </if>
      <if test="bizType != null">
        biz_type = #{bizType,jdbcType=VARCHAR},
      </if>
      <if test="gmtCreate != null">
        gmt_create = #{gmtCreate,jdbcType=TIMESTAMP},
      </if>
      <if test="gmtModified != null">
        gmt_modified = #{gmtModified,jdbcType=TIMESTAMP},
      </if>
    </set>
    where id = #{id,jdbcType=BIGINT}
  </update>
  <update id="updateByPrimaryKey" parameterType="com.wuage.order.entity.OrderOperationLog">
    update tc_order_operation_log
    set operator = #{operator,jdbcType=VARCHAR},
      operation_code = #{operationCode,jdbcType=VARCHAR},
      status = #{status,jdbcType=VARCHAR},
      operation_time = #{operationTime,jdbcType=TIMESTAMP},
      remark = #{remark,jdbcType=VARCHAR},
      content = #{content,jdbcType=VARCHAR},
      order_id = #{orderId,jdbcType=BIGINT},
      biz_id = #{bizId,jdbcType=BIGINT},
      stage_id = #{stageId,jdbcType=BIGINT},
      biz_type = #{bizType,jdbcType=VARCHAR},
      gmt_create = #{gmtCreate,jdbcType=TIMESTAMP},
      gmt_modified = #{gmtModified,jdbcType=TIMESTAMP}
    where id = #{id,jdbcType=BIGINT}
  </update>
</mapper>