<?xml version="1.0" encoding="UTF-8"?>
<!DOCTYPE mapper PUBLIC "-//mybatis.org//DTD Mapper 3.0//EN" "http://mybatis.org/dtd/mybatis-3-mapper.dtd">
<mapper namespace="com.wuage.order.dao.OrderInvoiceMapper">
  <resultMap id="BaseResultMap" type="com.wuage.order.entity.OrderInvoice">
    <id column="id" jdbcType="BIGINT" property="id" />
    <result column="inventory_code" jdbcType="VARCHAR" property="inventoryCode" />
    <result column="sender" jdbcType="VARCHAR" property="sender" />
    <result column="waybill_no" jdbcType="VARCHAR" property="waybillNo" />
    <result column="receiver" jdbcType="VARCHAR" property="receiver" />
    <result column="status" jdbcType="INTEGER" property="status" />
    <result column="order_id" jdbcType="BIGINT" property="orderId" />
    <result column="stage_id" jdbcType="BIGINT" property="stageId" />
    <result column="gmt_create" jdbcType="TIMESTAMP" property="gmtCreate" />
    <result column="gmt_modified" jdbcType="TIMESTAMP" property="gmtModified" />
  </resultMap>
  <sql id="Example_Where_Clause">
    <where>
      <foreach collection="oredCriteria" item="criteria" separator="or">
        <if test="criteria.valid">
          <trim prefix="(" prefixOverrides="and" suffix=")">
            <foreach collection="criteria.criteria" item="criterion">
              <choose>
                <when test="criterion.noValue">
                  and ${criterion.condition}
                </when>
                <when test="criterion.singleValue">
                  and ${criterion.condition} #{criterion.value}
                </when>
                <when test="criterion.betweenValue">
                  and ${criterion.condition} #{criterion.value} and #{criterion.secondValue}
                </when>
                <when test="criterion.listValue">
                  and ${criterion.condition}
                  <foreach close=")" collection="criterion.value" item="listItem" open="(" separator=",">
                    #{listItem}
                  </foreach>
                </when>
              </choose>
            </foreach>
          </trim>
        </if>
      </foreach>
    </where>
  </sql>
  <sql id="Update_By_Example_Where_Clause">
    <where>
      <foreach collection="example.oredCriteria" item="criteria" separator="or">
        <if test="criteria.valid">
          <trim prefix="(" prefixOverrides="and" suffix=")">
            <foreach collection="criteria.criteria" item="criterion">
              <choose>
                <when test="criterion.noValue">
                  and ${criterion.condition}
                </when>
                <when test="criterion.singleValue">
                  and ${criterion.condition} #{criterion.value}
                </when>
                <when test="criterion.betweenValue">
                  and ${criterion.condition} #{criterion.value} and #{criterion.secondValue}
                </when>
                <when test="criterion.listValue">
                  and ${criterion.condition}
                  <foreach close=")" collection="criterion.value" item="listItem" open="(" separator=",">
                    #{listItem}
                  </foreach>
                </when>
              </choose>
            </foreach>
          </trim>
        </if>
      </foreach>
    </where>
  </sql>
  <sql id="Base_Column_List">
    id, inventory_code, sender, waybill_no, receiver, status, order_id, stage_id, gmt_create, 
    gmt_modified
  </sql>
  <select id="selectByExample" parameterType="com.wuage.order.entity.OrderInvoiceExample" resultMap="BaseResultMap">
    select
    <if test="distinct">
      distinct
    </if>
    <include refid="Base_Column_List" />
    from tcr_order_invoice
    <if test="_parameter != null">
      <include refid="Example_Where_Clause" />
    </if>
    <if test="orderByClause != null">
      order by ${orderByClause}
    </if>
    <if test="limitStart &gt;= 0">
       limit ${limitStart} , ${pageSize}
    </if>
  </select>
  <select id="selectByPrimaryKey" parameterType="java.lang.Long" resultMap="BaseResultMap">
    select 
    <include refid="Base_Column_List" />
    from tcr_order_invoice
    where id = #{id,jdbcType=BIGINT}
  </select>
  <delete id="deleteByPrimaryKey" parameterType="java.lang.Long">
    delete from tcr_order_invoice
    where id = #{id,jdbcType=BIGINT}
  </delete>
  <delete id="deleteByExample" parameterType="com.wuage.order.entity.OrderInvoiceExample">
    delete from tcr_order_invoice
    <if test="_parameter != null">
      <include refid="Example_Where_Clause" />
    </if>
  </delete>
  <insert id="insert" parameterType="com.wuage.order.entity.OrderInvoice">
    insert into tcr_order_invoice (id, inventory_code, sender, 
      waybill_no, receiver, status, 
      order_id, stage_id, gmt_create, 
      gmt_modified)
    values (#{id,jdbcType=BIGINT}, #{inventoryCode,jdbcType=VARCHAR}, #{sender,jdbcType=VARCHAR}, 
      #{waybillNo,jdbcType=VARCHAR}, #{receiver,jdbcType=VARCHAR}, #{status,jdbcType=INTEGER}, 
      #{orderId,jdbcType=BIGINT}, #{stageId,jdbcType=BIGINT}, #{gmtCreate,jdbcType=TIMESTAMP}, 
      #{gmtModified,jdbcType=TIMESTAMP})
  </insert>
  <insert id="insertSelective" parameterType="com.wuage.order.entity.OrderInvoice">
    insert into tcr_order_invoice
    <trim prefix="(" suffix=")" suffixOverrides=",">
      <if test="id != null">
        id,
      </if>
      <if test="inventoryCode != null">
        inventory_code,
      </if>
      <if test="sender != null">
        sender,
      </if>
      <if test="waybillNo != null">
        waybill_no,
      </if>
      <if test="receiver != null">
        receiver,
      </if>
      <if test="status != null">
        status,
      </if>
      <if test="orderId != null">
        order_id,
      </if>
      <if test="stageId != null">
        stage_id,
      </if>
      <if test="gmtCreate != null">
        gmt_create,
      </if>
      <if test="gmtModified != null">
        gmt_modified,
      </if>
    </trim>
    <trim prefix="values (" suffix=")" suffixOverrides=",">
      <if test="id != null">
        #{id,jdbcType=BIGINT},
      </if>
      <if test="inventoryCode != null">
        #{inventoryCode,jdbcType=VARCHAR},
      </if>
      <if test="sender != null">
        #{sender,jdbcType=VARCHAR},
      </if>
      <if test="waybillNo != null">
        #{waybillNo,jdbcType=VARCHAR},
      </if>
      <if test="receiver != null">
        #{receiver,jdbcType=VARCHAR},
      </if>
      <if test="status != null">
        #{status,jdbcType=INTEGER},
      </if>
      <if test="orderId != null">
        #{orderId,jdbcType=BIGINT},
      </if>
      <if test="stageId != null">
        #{stageId,jdbcType=BIGINT},
      </if>
      <if test="gmtCreate != null">
        #{gmtCreate,jdbcType=TIMESTAMP},
      </if>
      <if test="gmtModified != null">
        #{gmtModified,jdbcType=TIMESTAMP},
      </if>
    </trim>
  </insert>
  <select id="countByExample" parameterType="com.wuage.order.entity.OrderInvoiceExample" resultType="java.lang.Long">
    select count(*) from tcr_order_invoice
    <if test="_parameter != null">
      <include refid="Example_Where_Clause" />
    </if>
  </select>
  <update id="updateByExampleSelective" parameterType="map">
    update tcr_order_invoice
    <set>
      <if test="record.id != null">
        id = #{record.id,jdbcType=BIGINT},
      </if>
      <if test="record.inventoryCode != null">
        inventory_code = #{record.inventoryCode,jdbcType=VARCHAR},
      </if>
      <if test="record.sender != null">
        sender = #{record.sender,jdbcType=VARCHAR},
      </if>
      <if test="record.waybillNo != null">
        waybill_no = #{record.waybillNo,jdbcType=VARCHAR},
      </if>
      <if test="record.receiver != null">
        receiver = #{record.receiver,jdbcType=VARCHAR},
      </if>
      <if test="record.status != null">
        status = #{record.status,jdbcType=INTEGER},
      </if>
      <if test="record.orderId != null">
        order_id = #{record.orderId,jdbcType=BIGINT},
      </if>
      <if test="record.stageId != null">
        stage_id = #{record.stageId,jdbcType=BIGINT},
      </if>
      <if test="record.gmtCreate != null">
        gmt_create = #{record.gmtCreate,jdbcType=TIMESTAMP},
      </if>
      <if test="record.gmtModified != null">
        gmt_modified = #{record.gmtModified,jdbcType=TIMESTAMP},
      </if>
    </set>
    <if test="_parameter != null">
      <include refid="Update_By_Example_Where_Clause" />
    </if>
  </update>
  <update id="updateByExample" parameterType="map">
    update tcr_order_invoice
    set id = #{record.id,jdbcType=BIGINT},
      inventory_code = #{record.inventoryCode,jdbcType=VARCHAR},
      sender = #{record.sender,jdbcType=VARCHAR},
      waybill_no = #{record.waybillNo,jdbcType=VARCHAR},
      receiver = #{record.receiver,jdbcType=VARCHAR},
      status = #{record.status,jdbcType=INTEGER},
      order_id = #{record.orderId,jdbcType=BIGINT},
      stage_id = #{record.stageId,jdbcType=BIGINT},
      gmt_create = #{record.gmtCreate,jdbcType=TIMESTAMP},
      gmt_modified = #{record.gmtModified,jdbcType=TIMESTAMP}
    <if test="_parameter != null">
      <include refid="Update_By_Example_Where_Clause" />
    </if>
  </update>
  <update id="updateByPrimaryKeySelective" parameterType="com.wuage.order.entity.OrderInvoice">
    update tcr_order_invoice
    <set>
      <if test="inventoryCode != null">
        inventory_code = #{inventoryCode,jdbcType=VARCHAR},
      </if>
      <if test="sender != null">
        sender = #{sender,jdbcType=VARCHAR},
      </if>
      <if test="waybillNo != null">
        waybill_no = #{waybillNo,jdbcType=VARCHAR},
      </if>
      <if test="receiver != null">
        receiver = #{receiver,jdbcType=VARCHAR},
      </if>
      <if test="status != null">
        status = #{status,jdbcType=INTEGER},
      </if>
      <if test="orderId != null">
        order_id = #{orderId,jdbcType=BIGINT},
      </if>
      <if test="stageId != null">
        stage_id = #{stageId,jdbcType=BIGINT},
      </if>
      <if test="gmtCreate != null">
        gmt_create = #{gmtCreate,jdbcType=TIMESTAMP},
      </if>
      <if test="gmtModified != null">
        gmt_modified = #{gmtModified,jdbcType=TIMESTAMP},
      </if>
    </set>
    where id = #{id,jdbcType=BIGINT}
  </update>
  <update id="updateByPrimaryKey" parameterType="com.wuage.order.entity.OrderInvoice">
    update tcr_order_invoice
    set inventory_code = #{inventoryCode,jdbcType=VARCHAR},
      sender = #{sender,jdbcType=VARCHAR},
      waybill_no = #{waybillNo,jdbcType=VARCHAR},
      receiver = #{receiver,jdbcType=VARCHAR},
      status = #{status,jdbcType=INTEGER},
      order_id = #{orderId,jdbcType=BIGINT},
      stage_id = #{stageId,jdbcType=BIGINT},
      gmt_create = #{gmtCreate,jdbcType=TIMESTAMP},
      gmt_modified = #{gmtModified,jdbcType=TIMESTAMP}
    where id = #{id,jdbcType=BIGINT}
  </update>
  <resultMap id="BaseResultMap" type="com.wuage.order.entity.OrderInvoice">
    <id column="id" jdbcType="BIGINT" property="id" />
    <result column="inventory_code" jdbcType="VARCHAR" property="inventoryCode" />
    <result column="sender" jdbcType="VARCHAR" property="sender" />
    <result column="waybill_no" jdbcType="VARCHAR" property="waybillNo" />
    <result column="send_time" jdbcType="TIMESTAMP" property="sendTime" />
    <result column="receive_time" jdbcType="TIMESTAMP" property="receiveTime" />
    <result column="receiver" jdbcType="VARCHAR" property="receiver" />
    <result column="status" jdbcType="INTEGER" property="status" />
    <result column="order_id" jdbcType="BIGINT" property="orderId" />
    <result column="stage_id" jdbcType="BIGINT" property="stageId" />
    <result column="gmt_create" jdbcType="TIMESTAMP" property="gmtCreate" />
    <result column="gmt_modified" jdbcType="TIMESTAMP" property="gmtModified" />
  </resultMap>
  <sql id="Example_Where_Clause">
    <where>
      <foreach collection="oredCriteria" item="criteria" separator="or">
        <if test="criteria.valid">
          <trim prefix="(" prefixOverrides="and" suffix=")">
            <foreach collection="criteria.criteria" item="criterion">
              <choose>
                <when test="criterion.noValue">
                  and ${criterion.condition}
                </when>
                <when test="criterion.singleValue">
                  and ${criterion.condition} #{criterion.value}
                </when>
                <when test="criterion.betweenValue">
                  and ${criterion.condition} #{criterion.value} and #{criterion.secondValue}
                </when>
                <when test="criterion.listValue">
                  and ${criterion.condition}
                  <foreach close=")" collection="criterion.value" item="listItem" open="(" separator=",">
                    #{listItem}
                  </foreach>
                </when>
              </choose>
            </foreach>
          </trim>
        </if>
      </foreach>
    </where>
  </sql>
  <sql id="Update_By_Example_Where_Clause">
    <where>
      <foreach collection="example.oredCriteria" item="criteria" separator="or">
        <if test="criteria.valid">
          <trim prefix="(" prefixOverrides="and" suffix=")">
            <foreach collection="criteria.criteria" item="criterion">
              <choose>
                <when test="criterion.noValue">
                  and ${criterion.condition}
                </when>
                <when test="criterion.singleValue">
                  and ${criterion.condition} #{criterion.value}
                </when>
                <when test="criterion.betweenValue">
                  and ${criterion.condition} #{criterion.value} and #{criterion.secondValue}
                </when>
                <when test="criterion.listValue">
                  and ${criterion.condition}
                  <foreach close=")" collection="criterion.value" item="listItem" open="(" separator=",">
                    #{listItem}
                  </foreach>
                </when>
              </choose>
            </foreach>
          </trim>
        </if>
      </foreach>
    </where>
  </sql>
  <sql id="Base_Column_List">
    id, inventory_code, sender, waybill_no, send_time, receive_time, receiver, status, 
    order_id, stage_id, gmt_create, gmt_modified
  </sql>
  <select id="selectByExample" parameterType="com.wuage.order.entity.OrderInvoiceExample" resultMap="BaseResultMap">
    select
    <if test="distinct">
      distinct
    </if>
    <include refid="Base_Column_List" />
    from tcr_order_invoice
    <if test="_parameter != null">
      <include refid="Example_Where_Clause" />
    </if>
    <if test="orderByClause != null">
      order by ${orderByClause}
    </if>
    <if test="limitStart &gt;= 0">
       limit ${limitStart} , ${pageSize}
    </if>
  </select>
  <select id="selectByPrimaryKey" parameterType="java.lang.Long" resultMap="BaseResultMap">
    select 
    <include refid="Base_Column_List" />
    from tcr_order_invoice
    where id = #{id,jdbcType=BIGINT}
  </select>
  <delete id="deleteByPrimaryKey" parameterType="java.lang.Long">
    delete from tcr_order_invoice
    where id = #{id,jdbcType=BIGINT}
  </delete>
  <delete id="deleteByExample" parameterType="com.wuage.order.entity.OrderInvoiceExample">
    delete from tcr_order_invoice
    <if test="_parameter != null">
      <include refid="Example_Where_Clause" />
    </if>
  </delete>
  <insert id="insert" parameterType="com.wuage.order.entity.OrderInvoice">
    insert into tcr_order_invoice (id, inventory_code, sender, 
      waybill_no, send_time, receive_time, 
      receiver, status, order_id, 
      stage_id, gmt_create, gmt_modified
      )
    values (#{id,jdbcType=BIGINT}, #{inventoryCode,jdbcType=VARCHAR}, #{sender,jdbcType=VARCHAR}, 
      #{waybillNo,jdbcType=VARCHAR}, #{sendTime,jdbcType=TIMESTAMP}, #{receiveTime,jdbcType=TIMESTAMP}, 
      #{receiver,jdbcType=VARCHAR}, #{status,jdbcType=INTEGER}, #{orderId,jdbcType=BIGINT}, 
      #{stageId,jdbcType=BIGINT}, #{gmtCreate,jdbcType=TIMESTAMP}, #{gmtModified,jdbcType=TIMESTAMP}
      )
  </insert>
  <insert id="insertSelective" parameterType="com.wuage.order.entity.OrderInvoice">
    insert into tcr_order_invoice
    <trim prefix="(" suffix=")" suffixOverrides=",">
      <if test="id != null">
        id,
      </if>
      <if test="inventoryCode != null">
        inventory_code,
      </if>
      <if test="sender != null">
        sender,
      </if>
      <if test="waybillNo != null">
        waybill_no,
      </if>
      <if test="sendTime != null">
        send_time,
      </if>
      <if test="receiveTime != null">
        receive_time,
      </if>
      <if test="receiver != null">
        receiver,
      </if>
      <if test="status != null">
        status,
      </if>
      <if test="orderId != null">
        order_id,
      </if>
      <if test="stageId != null">
        stage_id,
      </if>
      <if test="gmtCreate != null">
        gmt_create,
      </if>
      <if test="gmtModified != null">
        gmt_modified,
      </if>
    </trim>
    <trim prefix="values (" suffix=")" suffixOverrides=",">
      <if test="id != null">
        #{id,jdbcType=BIGINT},
      </if>
      <if test="inventoryCode != null">
        #{inventoryCode,jdbcType=VARCHAR},
      </if>
      <if test="sender != null">
        #{sender,jdbcType=VARCHAR},
      </if>
      <if test="waybillNo != null">
        #{waybillNo,jdbcType=VARCHAR},
      </if>
      <if test="sendTime != null">
        #{sendTime,jdbcType=TIMESTAMP},
      </if>
      <if test="receiveTime != null">
        #{receiveTime,jdbcType=TIMESTAMP},
      </if>
      <if test="receiver != null">
        #{receiver,jdbcType=VARCHAR},
      </if>
      <if test="status != null">
        #{status,jdbcType=INTEGER},
      </if>
      <if test="orderId != null">
        #{orderId,jdbcType=BIGINT},
      </if>
      <if test="stageId != null">
        #{stageId,jdbcType=BIGINT},
      </if>
      <if test="gmtCreate != null">
        #{gmtCreate,jdbcType=TIMESTAMP},
      </if>
      <if test="gmtModified != null">
        #{gmtModified,jdbcType=TIMESTAMP},
      </if>
    </trim>
  </insert>
  <select id="countByExample" parameterType="com.wuage.order.entity.OrderInvoiceExample" resultType="java.lang.Long">
    select count(*) from tcr_order_invoice
    <if test="_parameter != null">
      <include refid="Example_Where_Clause" />
    </if>
  </select>
  <update id="updateByExampleSelective" parameterType="map">
    update tcr_order_invoice
    <set>
      <if test="record.id != null">
        id = #{record.id,jdbcType=BIGINT},
      </if>
      <if test="record.inventoryCode != null">
        inventory_code = #{record.inventoryCode,jdbcType=VARCHAR},
      </if>
      <if test="record.sender != null">
        sender = #{record.sender,jdbcType=VARCHAR},
      </if>
      <if test="record.waybillNo != null">
        waybill_no = #{record.waybillNo,jdbcType=VARCHAR},
      </if>
      <if test="record.sendTime != null">
        send_time = #{record.sendTime,jdbcType=TIMESTAMP},
      </if>
      <if test="record.receiveTime != null">
        receive_time = #{record.receiveTime,jdbcType=TIMESTAMP},
      </if>
      <if test="record.receiver != null">
        receiver = #{record.receiver,jdbcType=VARCHAR},
      </if>
      <if test="record.status != null">
        status = #{record.status,jdbcType=INTEGER},
      </if>
      <if test="record.orderId != null">
        order_id = #{record.orderId,jdbcType=BIGINT},
      </if>
      <if test="record.stageId != null">
        stage_id = #{record.stageId,jdbcType=BIGINT},
      </if>
      <if test="record.gmtCreate != null">
        gmt_create = #{record.gmtCreate,jdbcType=TIMESTAMP},
      </if>
      <if test="record.gmtModified != null">
        gmt_modified = #{record.gmtModified,jdbcType=TIMESTAMP},
      </if>
    </set>
    <if test="_parameter != null">
      <include refid="Update_By_Example_Where_Clause" />
    </if>
  </update>
  <update id="updateByExample" parameterType="map">
    update tcr_order_invoice
    set id = #{record.id,jdbcType=BIGINT},
      inventory_code = #{record.inventoryCode,jdbcType=VARCHAR},
      sender = #{record.sender,jdbcType=VARCHAR},
      waybill_no = #{record.waybillNo,jdbcType=VARCHAR},
      send_time = #{record.sendTime,jdbcType=TIMESTAMP},
      receive_time = #{record.receiveTime,jdbcType=TIMESTAMP},
      receiver = #{record.receiver,jdbcType=VARCHAR},
      status = #{record.status,jdbcType=INTEGER},
      order_id = #{record.orderId,jdbcType=BIGINT},
      stage_id = #{record.stageId,jdbcType=BIGINT},
      gmt_create = #{record.gmtCreate,jdbcType=TIMESTAMP},
      gmt_modified = #{record.gmtModified,jdbcType=TIMESTAMP}
    <if test="_parameter != null">
      <include refid="Update_By_Example_Where_Clause" />
    </if>
  </update>
  <update id="updateByPrimaryKeySelective" parameterType="com.wuage.order.entity.OrderInvoice">
    update tcr_order_invoice
    <set>
      <if test="inventoryCode != null">
        inventory_code = #{inventoryCode,jdbcType=VARCHAR},
      </if>
      <if test="sender != null">
        sender = #{sender,jdbcType=VARCHAR},
      </if>
      <if test="waybillNo != null">
        waybill_no = #{waybillNo,jdbcType=VARCHAR},
      </if>
      <if test="sendTime != null">
        send_time = #{sendTime,jdbcType=TIMESTAMP},
      </if>
      <if test="receiveTime != null">
        receive_time = #{receiveTime,jdbcType=TIMESTAMP},
      </if>
      <if test="receiver != null">
        receiver = #{receiver,jdbcType=VARCHAR},
      </if>
      <if test="status != null">
        status = #{status,jdbcType=INTEGER},
      </if>
      <if test="orderId != null">
        order_id = #{orderId,jdbcType=BIGINT},
      </if>
      <if test="stageId != null">
        stage_id = #{stageId,jdbcType=BIGINT},
      </if>
      <if test="gmtCreate != null">
        gmt_create = #{gmtCreate,jdbcType=TIMESTAMP},
      </if>
      <if test="gmtModified != null">
        gmt_modified = #{gmtModified,jdbcType=TIMESTAMP},
      </if>
    </set>
    where id = #{id,jdbcType=BIGINT}
  </update>
  <update id="updateByPrimaryKey" parameterType="com.wuage.order.entity.OrderInvoice">
    update tcr_order_invoice
    set inventory_code = #{inventoryCode,jdbcType=VARCHAR},
      sender = #{sender,jdbcType=VARCHAR},
      waybill_no = #{waybillNo,jdbcType=VARCHAR},
      send_time = #{sendTime,jdbcType=TIMESTAMP},
      receive_time = #{receiveTime,jdbcType=TIMESTAMP},
      receiver = #{receiver,jdbcType=VARCHAR},
      status = #{status,jdbcType=INTEGER},
      order_id = #{orderId,jdbcType=BIGINT},
      stage_id = #{stageId,jdbcType=BIGINT},
      gmt_create = #{gmtCreate,jdbcType=TIMESTAMP},
      gmt_modified = #{gmtModified,jdbcType=TIMESTAMP}
    where id = #{id,jdbcType=BIGINT}
  </update>
  <resultMap id="BaseResultMap" type="com.wuage.order.entity.OrderInvoice">
    <id column="id" jdbcType="BIGINT" property="id" />
    <result column="inventory_code" jdbcType="VARCHAR" property="inventoryCode" />
    <result column="sender" jdbcType="VARCHAR" property="sender" />
    <result column="waybill_no" jdbcType="VARCHAR" property="waybillNo" />
    <result column="send_time" jdbcType="TIMESTAMP" property="sendTime" />
    <result column="receive_time" jdbcType="TIMESTAMP" property="receiveTime" />
    <result column="receiver" jdbcType="VARCHAR" property="receiver" />
    <result column="status" jdbcType="INTEGER" property="status" />
    <result column="order_id" jdbcType="BIGINT" property="orderId" />
    <result column="stage_id" jdbcType="BIGINT" property="stageId" />
    <result column="gmt_create" jdbcType="TIMESTAMP" property="gmtCreate" />
    <result column="gmt_modified" jdbcType="TIMESTAMP" property="gmtModified" />
  </resultMap>
  <sql id="Example_Where_Clause">
    <where>
      <foreach collection="oredCriteria" item="criteria" separator="or">
        <if test="criteria.valid">
          <trim prefix="(" prefixOverrides="and" suffix=")">
            <foreach collection="criteria.criteria" item="criterion">
              <choose>
                <when test="criterion.noValue">
                  and ${criterion.condition}
                </when>
                <when test="criterion.singleValue">
                  and ${criterion.condition} #{criterion.value}
                </when>
                <when test="criterion.betweenValue">
                  and ${criterion.condition} #{criterion.value} and #{criterion.secondValue}
                </when>
                <when test="criterion.listValue">
                  and ${criterion.condition}
                  <foreach close=")" collection="criterion.value" item="listItem" open="(" separator=",">
                    #{listItem}
                  </foreach>
                </when>
              </choose>
            </foreach>
          </trim>
        </if>
      </foreach>
    </where>
  </sql>
  <sql id="Update_By_Example_Where_Clause">
    <where>
      <foreach collection="example.oredCriteria" item="criteria" separator="or">
        <if test="criteria.valid">
          <trim prefix="(" prefixOverrides="and" suffix=")">
            <foreach collection="criteria.criteria" item="criterion">
              <choose>
                <when test="criterion.noValue">
                  and ${criterion.condition}
                </when>
                <when test="criterion.singleValue">
                  and ${criterion.condition} #{criterion.value}
                </when>
                <when test="criterion.betweenValue">
                  and ${criterion.condition} #{criterion.value} and #{criterion.secondValue}
                </when>
                <when test="criterion.listValue">
                  and ${criterion.condition}
                  <foreach close=")" collection="criterion.value" item="listItem" open="(" separator=",">
                    #{listItem}
                  </foreach>
                </when>
              </choose>
            </foreach>
          </trim>
        </if>
      </foreach>
    </where>
  </sql>
  <sql id="Base_Column_List">
    id, inventory_code, sender, waybill_no, send_time, receive_time, receiver, status, 
    order_id, stage_id, gmt_create, gmt_modified
  </sql>
  <select id="selectByExample" parameterType="com.wuage.order.entity.OrderInvoiceExample" resultMap="BaseResultMap">
    select
    <if test="distinct">
      distinct
    </if>
    <include refid="Base_Column_List" />
    from tcr_order_invoice
    <if test="_parameter != null">
      <include refid="Example_Where_Clause" />
    </if>
    <if test="orderByClause != null">
      order by ${orderByClause}
    </if>
    <if test="limitStart &gt;= 0">
       limit ${limitStart} , ${pageSize}
    </if>
  </select>
  <select id="selectByPrimaryKey" parameterType="java.lang.Long" resultMap="BaseResultMap">
    select 
    <include refid="Base_Column_List" />
    from tcr_order_invoice
    where id = #{id,jdbcType=BIGINT}
  </select>
  <delete id="deleteByPrimaryKey" parameterType="java.lang.Long">
    delete from tcr_order_invoice
    where id = #{id,jdbcType=BIGINT}
  </delete>
  <delete id="deleteByExample" parameterType="com.wuage.order.entity.OrderInvoiceExample">
    delete from tcr_order_invoice
    <if test="_parameter != null">
      <include refid="Example_Where_Clause" />
    </if>
  </delete>
  <insert id="insert" parameterType="com.wuage.order.entity.OrderInvoice">
    insert into tcr_order_invoice (id, inventory_code, sender, 
      waybill_no, send_time, receive_time, 
      receiver, status, order_id, 
      stage_id, gmt_create, gmt_modified
      )
    values (#{id,jdbcType=BIGINT}, #{inventoryCode,jdbcType=VARCHAR}, #{sender,jdbcType=VARCHAR}, 
      #{waybillNo,jdbcType=VARCHAR}, #{sendTime,jdbcType=TIMESTAMP}, #{receiveTime,jdbcType=TIMESTAMP}, 
      #{receiver,jdbcType=VARCHAR}, #{status,jdbcType=INTEGER}, #{orderId,jdbcType=BIGINT}, 
      #{stageId,jdbcType=BIGINT}, #{gmtCreate,jdbcType=TIMESTAMP}, #{gmtModified,jdbcType=TIMESTAMP}
      )
  </insert>
  <insert id="insertSelective" parameterType="com.wuage.order.entity.OrderInvoice">
    insert into tcr_order_invoice
    <trim prefix="(" suffix=")" suffixOverrides=",">
      <if test="id != null">
        id,
      </if>
      <if test="inventoryCode != null">
        inventory_code,
      </if>
      <if test="sender != null">
        sender,
      </if>
      <if test="waybillNo != null">
        waybill_no,
      </if>
      <if test="sendTime != null">
        send_time,
      </if>
      <if test="receiveTime != null">
        receive_time,
      </if>
      <if test="receiver != null">
        receiver,
      </if>
      <if test="status != null">
        status,
      </if>
      <if test="orderId != null">
        order_id,
      </if>
      <if test="stageId != null">
        stage_id,
      </if>
      <if test="gmtCreate != null">
        gmt_create,
      </if>
      <if test="gmtModified != null">
        gmt_modified,
      </if>
    </trim>
    <trim prefix="values (" suffix=")" suffixOverrides=",">
      <if test="id != null">
        #{id,jdbcType=BIGINT},
      </if>
      <if test="inventoryCode != null">
        #{inventoryCode,jdbcType=VARCHAR},
      </if>
      <if test="sender != null">
        #{sender,jdbcType=VARCHAR},
      </if>
      <if test="waybillNo != null">
        #{waybillNo,jdbcType=VARCHAR},
      </if>
      <if test="sendTime != null">
        #{sendTime,jdbcType=TIMESTAMP},
      </if>
      <if test="receiveTime != null">
        #{receiveTime,jdbcType=TIMESTAMP},
      </if>
      <if test="receiver != null">
        #{receiver,jdbcType=VARCHAR},
      </if>
      <if test="status != null">
        #{status,jdbcType=INTEGER},
      </if>
      <if test="orderId != null">
        #{orderId,jdbcType=BIGINT},
      </if>
      <if test="stageId != null">
        #{stageId,jdbcType=BIGINT},
      </if>
      <if test="gmtCreate != null">
        #{gmtCreate,jdbcType=TIMESTAMP},
      </if>
      <if test="gmtModified != null">
        #{gmtModified,jdbcType=TIMESTAMP},
      </if>
    </trim>
  </insert>
  <select id="countByExample" parameterType="com.wuage.order.entity.OrderInvoiceExample" resultType="java.lang.Long">
    select count(*) from tcr_order_invoice
    <if test="_parameter != null">
      <include refid="Example_Where_Clause" />
    </if>
  </select>
  <update id="updateByExampleSelective" parameterType="map">
    update tcr_order_invoice
    <set>
      <if test="record.id != null">
        id = #{record.id,jdbcType=BIGINT},
      </if>
      <if test="record.inventoryCode != null">
        inventory_code = #{record.inventoryCode,jdbcType=VARCHAR},
      </if>
      <if test="record.sender != null">
        sender = #{record.sender,jdbcType=VARCHAR},
      </if>
      <if test="record.waybillNo != null">
        waybill_no = #{record.waybillNo,jdbcType=VARCHAR},
      </if>
      <if test="record.sendTime != null">
        send_time = #{record.sendTime,jdbcType=TIMESTAMP},
      </if>
      <if test="record.receiveTime != null">
        receive_time = #{record.receiveTime,jdbcType=TIMESTAMP},
      </if>
      <if test="record.receiver != null">
        receiver = #{record.receiver,jdbcType=VARCHAR},
      </if>
      <if test="record.status != null">
        status = #{record.status,jdbcType=INTEGER},
      </if>
      <if test="record.orderId != null">
        order_id = #{record.orderId,jdbcType=BIGINT},
      </if>
      <if test="record.stageId != null">
        stage_id = #{record.stageId,jdbcType=BIGINT},
      </if>
      <if test="record.gmtCreate != null">
        gmt_create = #{record.gmtCreate,jdbcType=TIMESTAMP},
      </if>
      <if test="record.gmtModified != null">
        gmt_modified = #{record.gmtModified,jdbcType=TIMESTAMP},
      </if>
    </set>
    <if test="_parameter != null">
      <include refid="Update_By_Example_Where_Clause" />
    </if>
  </update>
  <update id="updateByExample" parameterType="map">
    update tcr_order_invoice
    set id = #{record.id,jdbcType=BIGINT},
      inventory_code = #{record.inventoryCode,jdbcType=VARCHAR},
      sender = #{record.sender,jdbcType=VARCHAR},
      waybill_no = #{record.waybillNo,jdbcType=VARCHAR},
      send_time = #{record.sendTime,jdbcType=TIMESTAMP},
      receive_time = #{record.receiveTime,jdbcType=TIMESTAMP},
      receiver = #{record.receiver,jdbcType=VARCHAR},
      status = #{record.status,jdbcType=INTEGER},
      order_id = #{record.orderId,jdbcType=BIGINT},
      stage_id = #{record.stageId,jdbcType=BIGINT},
      gmt_create = #{record.gmtCreate,jdbcType=TIMESTAMP},
      gmt_modified = #{record.gmtModified,jdbcType=TIMESTAMP}
    <if test="_parameter != null">
      <include refid="Update_By_Example_Where_Clause" />
    </if>
  </update>
  <update id="updateByPrimaryKeySelective" parameterType="com.wuage.order.entity.OrderInvoice">
    update tcr_order_invoice
    <set>
      <if test="inventoryCode != null">
        inventory_code = #{inventoryCode,jdbcType=VARCHAR},
      </if>
      <if test="sender != null">
        sender = #{sender,jdbcType=VARCHAR},
      </if>
      <if test="waybillNo != null">
        waybill_no = #{waybillNo,jdbcType=VARCHAR},
      </if>
      <if test="sendTime != null">
        send_time = #{sendTime,jdbcType=TIMESTAMP},
      </if>
      <if test="receiveTime != null">
        receive_time = #{receiveTime,jdbcType=TIMESTAMP},
      </if>
      <if test="receiver != null">
        receiver = #{receiver,jdbcType=VARCHAR},
      </if>
      <if test="status != null">
        status = #{status,jdbcType=INTEGER},
      </if>
      <if test="orderId != null">
        order_id = #{orderId,jdbcType=BIGINT},
      </if>
      <if test="stageId != null">
        stage_id = #{stageId,jdbcType=BIGINT},
      </if>
      <if test="gmtCreate != null">
        gmt_create = #{gmtCreate,jdbcType=TIMESTAMP},
      </if>
      <if test="gmtModified != null">
        gmt_modified = #{gmtModified,jdbcType=TIMESTAMP},
      </if>
    </set>
    where id = #{id,jdbcType=BIGINT}
  </update>
  <update id="updateByPrimaryKey" parameterType="com.wuage.order.entity.OrderInvoice">
    update tcr_order_invoice
    set inventory_code = #{inventoryCode,jdbcType=VARCHAR},
      sender = #{sender,jdbcType=VARCHAR},
      waybill_no = #{waybillNo,jdbcType=VARCHAR},
      send_time = #{sendTime,jdbcType=TIMESTAMP},
      receive_time = #{receiveTime,jdbcType=TIMESTAMP},
      receiver = #{receiver,jdbcType=VARCHAR},
      status = #{status,jdbcType=INTEGER},
      order_id = #{orderId,jdbcType=BIGINT},
      stage_id = #{stageId,jdbcType=BIGINT},
      gmt_create = #{gmtCreate,jdbcType=TIMESTAMP},
      gmt_modified = #{gmtModified,jdbcType=TIMESTAMP}
    where id = #{id,jdbcType=BIGINT}
  </update>
  <resultMap id="BaseResultMap" type="com.wuage.order.entity.OrderInvoice">
    <id column="id" jdbcType="BIGINT" property="id" />
    <result column="inventory_code" jdbcType="VARCHAR" property="inventoryCode" />
    <result column="sender" jdbcType="VARCHAR" property="sender" />
    <result column="waybill_no" jdbcType="VARCHAR" property="waybillNo" />
    <result column="send_time" jdbcType="TIMESTAMP" property="sendTime" />
    <result column="receive_time" jdbcType="TIMESTAMP" property="receiveTime" />
    <result column="receiver" jdbcType="VARCHAR" property="receiver" />
    <result column="status" jdbcType="INTEGER" property="status" />
    <result column="order_id" jdbcType="BIGINT" property="orderId" />
    <result column="stage_id" jdbcType="BIGINT" property="stageId" />
    <result column="gmt_create" jdbcType="TIMESTAMP" property="gmtCreate" />
    <result column="gmt_modified" jdbcType="TIMESTAMP" property="gmtModified" />
  </resultMap>
  <sql id="Example_Where_Clause">
    <where>
      <foreach collection="oredCriteria" item="criteria" separator="or">
        <if test="criteria.valid">
          <trim prefix="(" prefixOverrides="and" suffix=")">
            <foreach collection="criteria.criteria" item="criterion">
              <choose>
                <when test="criterion.noValue">
                  and ${criterion.condition}
                </when>
                <when test="criterion.singleValue">
                  and ${criterion.condition} #{criterion.value}
                </when>
                <when test="criterion.betweenValue">
                  and ${criterion.condition} #{criterion.value} and #{criterion.secondValue}
                </when>
                <when test="criterion.listValue">
                  and ${criterion.condition}
                  <foreach close=")" collection="criterion.value" item="listItem" open="(" separator=",">
                    #{listItem}
                  </foreach>
                </when>
              </choose>
            </foreach>
          </trim>
        </if>
      </foreach>
    </where>
  </sql>
  <sql id="Update_By_Example_Where_Clause">
    <where>
      <foreach collection="example.oredCriteria" item="criteria" separator="or">
        <if test="criteria.valid">
          <trim prefix="(" prefixOverrides="and" suffix=")">
            <foreach collection="criteria.criteria" item="criterion">
              <choose>
                <when test="criterion.noValue">
                  and ${criterion.condition}
                </when>
                <when test="criterion.singleValue">
                  and ${criterion.condition} #{criterion.value}
                </when>
                <when test="criterion.betweenValue">
                  and ${criterion.condition} #{criterion.value} and #{criterion.secondValue}
                </when>
                <when test="criterion.listValue">
                  and ${criterion.condition}
                  <foreach close=")" collection="criterion.value" item="listItem" open="(" separator=",">
                    #{listItem}
                  </foreach>
                </when>
              </choose>
            </foreach>
          </trim>
        </if>
      </foreach>
    </where>
  </sql>
  <sql id="Base_Column_List">
    id, inventory_code, sender, waybill_no, send_time, receive_time, receiver, status, 
    order_id, stage_id, gmt_create, gmt_modified
  </sql>
  <select id="selectByExample" parameterType="com.wuage.order.entity.OrderInvoiceExample" resultMap="BaseResultMap">
    select
    <if test="distinct">
      distinct
    </if>
    <include refid="Base_Column_List" />
    from tcr_order_invoice
    <if test="_parameter != null">
      <include refid="Example_Where_Clause" />
    </if>
    <if test="orderByClause != null">
      order by ${orderByClause}
    </if>
    <if test="limitStart &gt;= 0">
       limit ${limitStart} , ${pageSize}
    </if>
  </select>
  <select id="selectByPrimaryKey" parameterType="java.lang.Long" resultMap="BaseResultMap">
    select 
    <include refid="Base_Column_List" />
    from tcr_order_invoice
    where id = #{id,jdbcType=BIGINT}
  </select>
  <delete id="deleteByPrimaryKey" parameterType="java.lang.Long">
    delete from tcr_order_invoice
    where id = #{id,jdbcType=BIGINT}
  </delete>
  <delete id="deleteByExample" parameterType="com.wuage.order.entity.OrderInvoiceExample">
    delete from tcr_order_invoice
    <if test="_parameter != null">
      <include refid="Example_Where_Clause" />
    </if>
  </delete>
  <insert id="insert" parameterType="com.wuage.order.entity.OrderInvoice">
    insert into tcr_order_invoice (id, inventory_code, sender, 
      waybill_no, send_time, receive_time, 
      receiver, status, order_id, 
      stage_id, gmt_create, gmt_modified
      )
    values (#{id,jdbcType=BIGINT}, #{inventoryCode,jdbcType=VARCHAR}, #{sender,jdbcType=VARCHAR}, 
      #{waybillNo,jdbcType=VARCHAR}, #{sendTime,jdbcType=TIMESTAMP}, #{receiveTime,jdbcType=TIMESTAMP}, 
      #{receiver,jdbcType=VARCHAR}, #{status,jdbcType=INTEGER}, #{orderId,jdbcType=BIGINT}, 
      #{stageId,jdbcType=BIGINT}, #{gmtCreate,jdbcType=TIMESTAMP}, #{gmtModified,jdbcType=TIMESTAMP}
      )
  </insert>
  <insert id="insertSelective" parameterType="com.wuage.order.entity.OrderInvoice">
    insert into tcr_order_invoice
    <trim prefix="(" suffix=")" suffixOverrides=",">
      <if test="id != null">
        id,
      </if>
      <if test="inventoryCode != null">
        inventory_code,
      </if>
      <if test="sender != null">
        sender,
      </if>
      <if test="waybillNo != null">
        waybill_no,
      </if>
      <if test="sendTime != null">
        send_time,
      </if>
      <if test="receiveTime != null">
        receive_time,
      </if>
      <if test="receiver != null">
        receiver,
      </if>
      <if test="status != null">
        status,
      </if>
      <if test="orderId != null">
        order_id,
      </if>
      <if test="stageId != null">
        stage_id,
      </if>
      <if test="gmtCreate != null">
        gmt_create,
      </if>
      <if test="gmtModified != null">
        gmt_modified,
      </if>
    </trim>
    <trim prefix="values (" suffix=")" suffixOverrides=",">
      <if test="id != null">
        #{id,jdbcType=BIGINT},
      </if>
      <if test="inventoryCode != null">
        #{inventoryCode,jdbcType=VARCHAR},
      </if>
      <if test="sender != null">
        #{sender,jdbcType=VARCHAR},
      </if>
      <if test="waybillNo != null">
        #{waybillNo,jdbcType=VARCHAR},
      </if>
      <if test="sendTime != null">
        #{sendTime,jdbcType=TIMESTAMP},
      </if>
      <if test="receiveTime != null">
        #{receiveTime,jdbcType=TIMESTAMP},
      </if>
      <if test="receiver != null">
        #{receiver,jdbcType=VARCHAR},
      </if>
      <if test="status != null">
        #{status,jdbcType=INTEGER},
      </if>
      <if test="orderId != null">
        #{orderId,jdbcType=BIGINT},
      </if>
      <if test="stageId != null">
        #{stageId,jdbcType=BIGINT},
      </if>
      <if test="gmtCreate != null">
        #{gmtCreate,jdbcType=TIMESTAMP},
      </if>
      <if test="gmtModified != null">
        #{gmtModified,jdbcType=TIMESTAMP},
      </if>
    </trim>
  </insert>
  <select id="countByExample" parameterType="com.wuage.order.entity.OrderInvoiceExample" resultType="java.lang.Long">
    select count(*) from tcr_order_invoice
    <if test="_parameter != null">
      <include refid="Example_Where_Clause" />
    </if>
  </select>
  <update id="updateByExampleSelective" parameterType="map">
    update tcr_order_invoice
    <set>
      <if test="record.id != null">
        id = #{record.id,jdbcType=BIGINT},
      </if>
      <if test="record.inventoryCode != null">
        inventory_code = #{record.inventoryCode,jdbcType=VARCHAR},
      </if>
      <if test="record.sender != null">
        sender = #{record.sender,jdbcType=VARCHAR},
      </if>
      <if test="record.waybillNo != null">
        waybill_no = #{record.waybillNo,jdbcType=VARCHAR},
      </if>
      <if test="record.sendTime != null">
        send_time = #{record.sendTime,jdbcType=TIMESTAMP},
      </if>
      <if test="record.receiveTime != null">
        receive_time = #{record.receiveTime,jdbcType=TIMESTAMP},
      </if>
      <if test="record.receiver != null">
        receiver = #{record.receiver,jdbcType=VARCHAR},
      </if>
      <if test="record.status != null">
        status = #{record.status,jdbcType=INTEGER},
      </if>
      <if test="record.orderId != null">
        order_id = #{record.orderId,jdbcType=BIGINT},
      </if>
      <if test="record.stageId != null">
        stage_id = #{record.stageId,jdbcType=BIGINT},
      </if>
      <if test="record.gmtCreate != null">
        gmt_create = #{record.gmtCreate,jdbcType=TIMESTAMP},
      </if>
      <if test="record.gmtModified != null">
        gmt_modified = #{record.gmtModified,jdbcType=TIMESTAMP},
      </if>
    </set>
    <if test="_parameter != null">
      <include refid="Update_By_Example_Where_Clause" />
    </if>
  </update>
  <update id="updateByExample" parameterType="map">
    update tcr_order_invoice
    set id = #{record.id,jdbcType=BIGINT},
      inventory_code = #{record.inventoryCode,jdbcType=VARCHAR},
      sender = #{record.sender,jdbcType=VARCHAR},
      waybill_no = #{record.waybillNo,jdbcType=VARCHAR},
      send_time = #{record.sendTime,jdbcType=TIMESTAMP},
      receive_time = #{record.receiveTime,jdbcType=TIMESTAMP},
      receiver = #{record.receiver,jdbcType=VARCHAR},
      status = #{record.status,jdbcType=INTEGER},
      order_id = #{record.orderId,jdbcType=BIGINT},
      stage_id = #{record.stageId,jdbcType=BIGINT},
      gmt_create = #{record.gmtCreate,jdbcType=TIMESTAMP},
      gmt_modified = #{record.gmtModified,jdbcType=TIMESTAMP}
    <if test="_parameter != null">
      <include refid="Update_By_Example_Where_Clause" />
    </if>
  </update>
  <update id="updateByPrimaryKeySelective" parameterType="com.wuage.order.entity.OrderInvoice">
    update tcr_order_invoice
    <set>
      <if test="inventoryCode != null">
        inventory_code = #{inventoryCode,jdbcType=VARCHAR},
      </if>
      <if test="sender != null">
        sender = #{sender,jdbcType=VARCHAR},
      </if>
      <if test="waybillNo != null">
        waybill_no = #{waybillNo,jdbcType=VARCHAR},
      </if>
      <if test="sendTime != null">
        send_time = #{sendTime,jdbcType=TIMESTAMP},
      </if>
      <if test="receiveTime != null">
        receive_time = #{receiveTime,jdbcType=TIMESTAMP},
      </if>
      <if test="receiver != null">
        receiver = #{receiver,jdbcType=VARCHAR},
      </if>
      <if test="status != null">
        status = #{status,jdbcType=INTEGER},
      </if>
      <if test="orderId != null">
        order_id = #{orderId,jdbcType=BIGINT},
      </if>
      <if test="stageId != null">
        stage_id = #{stageId,jdbcType=BIGINT},
      </if>
      <if test="gmtCreate != null">
        gmt_create = #{gmtCreate,jdbcType=TIMESTAMP},
      </if>
      <if test="gmtModified != null">
        gmt_modified = #{gmtModified,jdbcType=TIMESTAMP},
      </if>
    </set>
    where id = #{id,jdbcType=BIGINT}
  </update>
  <update id="updateByPrimaryKey" parameterType="com.wuage.order.entity.OrderInvoice">
    update tcr_order_invoice
    set inventory_code = #{inventoryCode,jdbcType=VARCHAR},
      sender = #{sender,jdbcType=VARCHAR},
      waybill_no = #{waybillNo,jdbcType=VARCHAR},
      send_time = #{sendTime,jdbcType=TIMESTAMP},
      receive_time = #{receiveTime,jdbcType=TIMESTAMP},
      receiver = #{receiver,jdbcType=VARCHAR},
      status = #{status,jdbcType=INTEGER},
      order_id = #{orderId,jdbcType=BIGINT},
      stage_id = #{stageId,jdbcType=BIGINT},
      gmt_create = #{gmtCreate,jdbcType=TIMESTAMP},
      gmt_modified = #{gmtModified,jdbcType=TIMESTAMP}
    where id = #{id,jdbcType=BIGINT}
  </update>
</mapper>