<?xml version="1.0" encoding="UTF-8"?>
<!DOCTYPE mapper PUBLIC "-//mybatis.org//DTD Mapper 3.0//EN" "http://mybatis.org/dtd/mybatis-3-mapper.dtd">
<mapper namespace="com.wuage.order.dao.OrderInvoiceDetailMapper">
  <resultMap id="BaseResultMap" type="com.wuage.order.entity.OrderInvoiceDetail">
    <id column="id" jdbcType="BIGINT" property="id" />
    <result column="invoice_id" jdbcType="BIGINT" property="invoiceId" />
    <result column="order_offer_id" jdbcType="BIGINT" property="orderOfferId" />
    <result column="send_quantity" jdbcType="BIGINT" property="sendQuantity" />
    <result column="receive_quantity" jdbcType="BIGINT" property="receiveQuantity" />
    <result column="gmt_create" jdbcType="TIMESTAMP" property="gmtCreate" />
    <result column="gmt_modified" jdbcType="TIMESTAMP" property="gmtModified" />
  </resultMap>
  <sql id="Example_Where_Clause">
    <where>
      <foreach collection="oredCriteria" item="criteria" separator="or">
        <if test="criteria.valid">
          <trim prefix="(" prefixOverrides="and" suffix=")">
            <foreach collection="criteria.criteria" item="criterion">
              <choose>
                <when test="criterion.noValue">
                  and ${criterion.condition}
                </when>
                <when test="criterion.singleValue">
                  and ${criterion.condition} #{criterion.value}
                </when>
                <when test="criterion.betweenValue">
                  and ${criterion.condition} #{criterion.value} and #{criterion.secondValue}
                </when>
                <when test="criterion.listValue">
                  and ${criterion.condition}
                  <foreach close=")" collection="criterion.value" item="listItem" open="(" separator=",">
                    #{listItem}
                  </foreach>
                </when>
              </choose>
            </foreach>
          </trim>
        </if>
      </foreach>
    </where>
  </sql>
  <sql id="Update_By_Example_Where_Clause">
    <where>
      <foreach collection="example.oredCriteria" item="criteria" separator="or">
        <if test="criteria.valid">
          <trim prefix="(" prefixOverrides="and" suffix=")">
            <foreach collection="criteria.criteria" item="criterion">
              <choose>
                <when test="criterion.noValue">
                  and ${criterion.condition}
                </when>
                <when test="criterion.singleValue">
                  and ${criterion.condition} #{criterion.value}
                </when>
                <when test="criterion.betweenValue">
                  and ${criterion.condition} #{criterion.value} and #{criterion.secondValue}
                </when>
                <when test="criterion.listValue">
                  and ${criterion.condition}
                  <foreach close=")" collection="criterion.value" item="listItem" open="(" separator=",">
                    #{listItem}
                  </foreach>
                </when>
              </choose>
            </foreach>
          </trim>
        </if>
      </foreach>
    </where>
  </sql>
  <sql id="Base_Column_List">
    id, invoice_id, order_offer_id, send_quantity, receive_quantity, gmt_create, gmt_modified
  </sql>
  <select id="selectByExample" parameterType="com.wuage.order.entity.OrderInvoiceDetailExample" resultMap="BaseResultMap">
    select
    <if test="distinct">
      distinct
    </if>
    <include refid="Base_Column_List" />
    from tc_order_invoice_detail
    <if test="_parameter != null">
      <include refid="Example_Where_Clause" />
    </if>
    <if test="orderByClause != null">
      order by ${orderByClause}
    </if>
    <if test="limitStart &gt;= 0">
       limit ${limitStart} , ${pageSize}
    </if>
  </select>
  <select id="selectByPrimaryKey" parameterType="java.lang.Long" resultMap="BaseResultMap">
    select 
    <include refid="Base_Column_List" />
    from tc_order_invoice_detail
    where id = #{id,jdbcType=BIGINT}
  </select>
  <delete id="deleteByPrimaryKey" parameterType="java.lang.Long">
    delete from tc_order_invoice_detail
    where id = #{id,jdbcType=BIGINT}
  </delete>
  <delete id="deleteByExample" parameterType="com.wuage.order.entity.OrderInvoiceDetailExample">
    delete from tc_order_invoice_detail
    <if test="_parameter != null">
      <include refid="Example_Where_Clause" />
    </if>
  </delete>
  <insert id="insert" parameterType="com.wuage.order.entity.OrderInvoiceDetail">
    insert into tc_order_invoice_detail (id, invoice_id, order_offer_id, 
      send_quantity, receive_quantity, gmt_create, 
      gmt_modified)
    values (#{id,jdbcType=BIGINT}, #{invoiceId,jdbcType=BIGINT}, #{orderOfferId,jdbcType=BIGINT}, 
      #{sendQuantity,jdbcType=BIGINT}, #{receiveQuantity,jdbcType=BIGINT}, #{gmtCreate,jdbcType=TIMESTAMP}, 
      #{gmtModified,jdbcType=TIMESTAMP})
  </insert>
  <insert id="insertSelective" parameterType="com.wuage.order.entity.OrderInvoiceDetail">
    insert into tc_order_invoice_detail
    <trim prefix="(" suffix=")" suffixOverrides=",">
      <if test="id != null">
        id,
      </if>
      <if test="invoiceId != null">
        invoice_id,
      </if>
      <if test="orderOfferId != null">
        order_offer_id,
      </if>
      <if test="sendQuantity != null">
        send_quantity,
      </if>
      <if test="receiveQuantity != null">
        receive_quantity,
      </if>
      <if test="gmtCreate != null">
        gmt_create,
      </if>
      <if test="gmtModified != null">
        gmt_modified,
      </if>
    </trim>
    <trim prefix="values (" suffix=")" suffixOverrides=",">
      <if test="id != null">
        #{id,jdbcType=BIGINT},
      </if>
      <if test="invoiceId != null">
        #{invoiceId,jdbcType=BIGINT},
      </if>
      <if test="orderOfferId != null">
        #{orderOfferId,jdbcType=BIGINT},
      </if>
      <if test="sendQuantity != null">
        #{sendQuantity,jdbcType=BIGINT},
      </if>
      <if test="receiveQuantity != null">
        #{receiveQuantity,jdbcType=BIGINT},
      </if>
      <if test="gmtCreate != null">
        #{gmtCreate,jdbcType=TIMESTAMP},
      </if>
      <if test="gmtModified != null">
        #{gmtModified,jdbcType=TIMESTAMP},
      </if>
    </trim>
  </insert>
  <select id="countByExample" parameterType="com.wuage.order.entity.OrderInvoiceDetailExample" resultType="java.lang.Long">
    select count(*) from tc_order_invoice_detail
    <if test="_parameter != null">
      <include refid="Example_Where_Clause" />
    </if>
  </select>
  <update id="updateByExampleSelective" parameterType="map">
    update tc_order_invoice_detail
    <set>
      <if test="record.id != null">
        id = #{record.id,jdbcType=BIGINT},
      </if>
      <if test="record.invoiceId != null">
        invoice_id = #{record.invoiceId,jdbcType=BIGINT},
      </if>
      <if test="record.orderOfferId != null">
        order_offer_id = #{record.orderOfferId,jdbcType=BIGINT},
      </if>
      <if test="record.sendQuantity != null">
        send_quantity = #{record.sendQuantity,jdbcType=BIGINT},
      </if>
      <if test="record.receiveQuantity != null">
        receive_quantity = #{record.receiveQuantity,jdbcType=BIGINT},
      </if>
      <if test="record.gmtCreate != null">
        gmt_create = #{record.gmtCreate,jdbcType=TIMESTAMP},
      </if>
      <if test="record.gmtModified != null">
        gmt_modified = #{record.gmtModified,jdbcType=TIMESTAMP},
      </if>
    </set>
    <if test="_parameter != null">
      <include refid="Update_By_Example_Where_Clause" />
    </if>
  </update>
  <update id="updateByExample" parameterType="map">
    update tc_order_invoice_detail
    set id = #{record.id,jdbcType=BIGINT},
      invoice_id = #{record.invoiceId,jdbcType=BIGINT},
      order_offer_id = #{record.orderOfferId,jdbcType=BIGINT},
      send_quantity = #{record.sendQuantity,jdbcType=BIGINT},
      receive_quantity = #{record.receiveQuantity,jdbcType=BIGINT},
      gmt_create = #{record.gmtCreate,jdbcType=TIMESTAMP},
      gmt_modified = #{record.gmtModified,jdbcType=TIMESTAMP}
    <if test="_parameter != null">
      <include refid="Update_By_Example_Where_Clause" />
    </if>
  </update>
  <update id="updateByPrimaryKeySelective" parameterType="com.wuage.order.entity.OrderInvoiceDetail">
    update tc_order_invoice_detail
    <set>
      <if test="invoiceId != null">
        invoice_id = #{invoiceId,jdbcType=BIGINT},
      </if>
      <if test="orderOfferId != null">
        order_offer_id = #{orderOfferId,jdbcType=BIGINT},
      </if>
      <if test="sendQuantity != null">
        send_quantity = #{sendQuantity,jdbcType=BIGINT},
      </if>
      <if test="receiveQuantity != null">
        receive_quantity = #{receiveQuantity,jdbcType=BIGINT},
      </if>
      <if test="gmtCreate != null">
        gmt_create = #{gmtCreate,jdbcType=TIMESTAMP},
      </if>
      <if test="gmtModified != null">
        gmt_modified = #{gmtModified,jdbcType=TIMESTAMP},
      </if>
    </set>
    where id = #{id,jdbcType=BIGINT}
  </update>
  <update id="updateByPrimaryKey" parameterType="com.wuage.order.entity.OrderInvoiceDetail">
    update tc_order_invoice_detail
    set invoice_id = #{invoiceId,jdbcType=BIGINT},
      order_offer_id = #{orderOfferId,jdbcType=BIGINT},
      send_quantity = #{sendQuantity,jdbcType=BIGINT},
      receive_quantity = #{receiveQuantity,jdbcType=BIGINT},
      gmt_create = #{gmtCreate,jdbcType=TIMESTAMP},
      gmt_modified = #{gmtModified,jdbcType=TIMESTAMP}
    where id = #{id,jdbcType=BIGINT}
  </update>
  <resultMap id="BaseResultMap" type="com.wuage.order.entity.OrderInvoiceDetail">
    <id column="id" jdbcType="BIGINT" property="id" />
    <result column="invoice_id" jdbcType="BIGINT" property="invoiceId" />
    <result column="order_offer_id" jdbcType="BIGINT" property="orderOfferId" />
    <result column="send_quantity" jdbcType="BIGINT" property="sendQuantity" />
    <result column="receive_quantity" jdbcType="BIGINT" property="receiveQuantity" />
    <result column="gmt_create" jdbcType="TIMESTAMP" property="gmtCreate" />
    <result column="gmt_modified" jdbcType="TIMESTAMP" property="gmtModified" />
  </resultMap>
  <sql id="Example_Where_Clause">
    <where>
      <foreach collection="oredCriteria" item="criteria" separator="or">
        <if test="criteria.valid">
          <trim prefix="(" prefixOverrides="and" suffix=")">
            <foreach collection="criteria.criteria" item="criterion">
              <choose>
                <when test="criterion.noValue">
                  and ${criterion.condition}
                </when>
                <when test="criterion.singleValue">
                  and ${criterion.condition} #{criterion.value}
                </when>
                <when test="criterion.betweenValue">
                  and ${criterion.condition} #{criterion.value} and #{criterion.secondValue}
                </when>
                <when test="criterion.listValue">
                  and ${criterion.condition}
                  <foreach close=")" collection="criterion.value" item="listItem" open="(" separator=",">
                    #{listItem}
                  </foreach>
                </when>
              </choose>
            </foreach>
          </trim>
        </if>
      </foreach>
    </where>
  </sql>
  <sql id="Update_By_Example_Where_Clause">
    <where>
      <foreach collection="example.oredCriteria" item="criteria" separator="or">
        <if test="criteria.valid">
          <trim prefix="(" prefixOverrides="and" suffix=")">
            <foreach collection="criteria.criteria" item="criterion">
              <choose>
                <when test="criterion.noValue">
                  and ${criterion.condition}
                </when>
                <when test="criterion.singleValue">
                  and ${criterion.condition} #{criterion.value}
                </when>
                <when test="criterion.betweenValue">
                  and ${criterion.condition} #{criterion.value} and #{criterion.secondValue}
                </when>
                <when test="criterion.listValue">
                  and ${criterion.condition}
                  <foreach close=")" collection="criterion.value" item="listItem" open="(" separator=",">
                    #{listItem}
                  </foreach>
                </when>
              </choose>
            </foreach>
          </trim>
        </if>
      </foreach>
    </where>
  </sql>
  <sql id="Base_Column_List">
    id, invoice_id, order_offer_id, send_quantity, receive_quantity, gmt_create, gmt_modified
  </sql>
  <select id="selectByExample" parameterType="com.wuage.order.entity.OrderInvoiceDetailExample" resultMap="BaseResultMap">
    select
    <if test="distinct">
      distinct
    </if>
    <include refid="Base_Column_List" />
    from tc_order_invoice_detail
    <if test="_parameter != null">
      <include refid="Example_Where_Clause" />
    </if>
    <if test="orderByClause != null">
      order by ${orderByClause}
    </if>
    <if test="limitStart &gt;= 0">
       limit ${limitStart} , ${pageSize}
    </if>
  </select>
  <select id="selectByPrimaryKey" parameterType="java.lang.Long" resultMap="BaseResultMap">
    select 
    <include refid="Base_Column_List" />
    from tc_order_invoice_detail
    where id = #{id,jdbcType=BIGINT}
  </select>
  <delete id="deleteByPrimaryKey" parameterType="java.lang.Long">
    delete from tc_order_invoice_detail
    where id = #{id,jdbcType=BIGINT}
  </delete>
  <delete id="deleteByExample" parameterType="com.wuage.order.entity.OrderInvoiceDetailExample">
    delete from tc_order_invoice_detail
    <if test="_parameter != null">
      <include refid="Example_Where_Clause" />
    </if>
  </delete>
  <insert id="insert" parameterType="com.wuage.order.entity.OrderInvoiceDetail">
    insert into tc_order_invoice_detail (id, invoice_id, order_offer_id, 
      send_quantity, receive_quantity, gmt_create, 
      gmt_modified)
    values (#{id,jdbcType=BIGINT}, #{invoiceId,jdbcType=BIGINT}, #{orderOfferId,jdbcType=BIGINT}, 
      #{sendQuantity,jdbcType=BIGINT}, #{receiveQuantity,jdbcType=BIGINT}, #{gmtCreate,jdbcType=TIMESTAMP}, 
      #{gmtModified,jdbcType=TIMESTAMP})
  </insert>
  <insert id="insertSelective" parameterType="com.wuage.order.entity.OrderInvoiceDetail">
    insert into tc_order_invoice_detail
    <trim prefix="(" suffix=")" suffixOverrides=",">
      <if test="id != null">
        id,
      </if>
      <if test="invoiceId != null">
        invoice_id,
      </if>
      <if test="orderOfferId != null">
        order_offer_id,
      </if>
      <if test="sendQuantity != null">
        send_quantity,
      </if>
      <if test="receiveQuantity != null">
        receive_quantity,
      </if>
      <if test="gmtCreate != null">
        gmt_create,
      </if>
      <if test="gmtModified != null">
        gmt_modified,
      </if>
    </trim>
    <trim prefix="values (" suffix=")" suffixOverrides=",">
      <if test="id != null">
        #{id,jdbcType=BIGINT},
      </if>
      <if test="invoiceId != null">
        #{invoiceId,jdbcType=BIGINT},
      </if>
      <if test="orderOfferId != null">
        #{orderOfferId,jdbcType=BIGINT},
      </if>
      <if test="sendQuantity != null">
        #{sendQuantity,jdbcType=BIGINT},
      </if>
      <if test="receiveQuantity != null">
        #{receiveQuantity,jdbcType=BIGINT},
      </if>
      <if test="gmtCreate != null">
        #{gmtCreate,jdbcType=TIMESTAMP},
      </if>
      <if test="gmtModified != null">
        #{gmtModified,jdbcType=TIMESTAMP},
      </if>
    </trim>
  </insert>
  <select id="countByExample" parameterType="com.wuage.order.entity.OrderInvoiceDetailExample" resultType="java.lang.Long">
    select count(*) from tc_order_invoice_detail
    <if test="_parameter != null">
      <include refid="Example_Where_Clause" />
    </if>
  </select>
  <update id="updateByExampleSelective" parameterType="map">
    update tc_order_invoice_detail
    <set>
      <if test="record.id != null">
        id = #{record.id,jdbcType=BIGINT},
      </if>
      <if test="record.invoiceId != null">
        invoice_id = #{record.invoiceId,jdbcType=BIGINT},
      </if>
      <if test="record.orderOfferId != null">
        order_offer_id = #{record.orderOfferId,jdbcType=BIGINT},
      </if>
      <if test="record.sendQuantity != null">
        send_quantity = #{record.sendQuantity,jdbcType=BIGINT},
      </if>
      <if test="record.receiveQuantity != null">
        receive_quantity = #{record.receiveQuantity,jdbcType=BIGINT},
      </if>
      <if test="record.gmtCreate != null">
        gmt_create = #{record.gmtCreate,jdbcType=TIMESTAMP},
      </if>
      <if test="record.gmtModified != null">
        gmt_modified = #{record.gmtModified,jdbcType=TIMESTAMP},
      </if>
    </set>
    <if test="_parameter != null">
      <include refid="Update_By_Example_Where_Clause" />
    </if>
  </update>
  <update id="updateByExample" parameterType="map">
    update tc_order_invoice_detail
    set id = #{record.id,jdbcType=BIGINT},
      invoice_id = #{record.invoiceId,jdbcType=BIGINT},
      order_offer_id = #{record.orderOfferId,jdbcType=BIGINT},
      send_quantity = #{record.sendQuantity,jdbcType=BIGINT},
      receive_quantity = #{record.receiveQuantity,jdbcType=BIGINT},
      gmt_create = #{record.gmtCreate,jdbcType=TIMESTAMP},
      gmt_modified = #{record.gmtModified,jdbcType=TIMESTAMP}
    <if test="_parameter != null">
      <include refid="Update_By_Example_Where_Clause" />
    </if>
  </update>
  <update id="updateByPrimaryKeySelective" parameterType="com.wuage.order.entity.OrderInvoiceDetail">
    update tc_order_invoice_detail
    <set>
      <if test="invoiceId != null">
        invoice_id = #{invoiceId,jdbcType=BIGINT},
      </if>
      <if test="orderOfferId != null">
        order_offer_id = #{orderOfferId,jdbcType=BIGINT},
      </if>
      <if test="sendQuantity != null">
        send_quantity = #{sendQuantity,jdbcType=BIGINT},
      </if>
      <if test="receiveQuantity != null">
        receive_quantity = #{receiveQuantity,jdbcType=BIGINT},
      </if>
      <if test="gmtCreate != null">
        gmt_create = #{gmtCreate,jdbcType=TIMESTAMP},
      </if>
      <if test="gmtModified != null">
        gmt_modified = #{gmtModified,jdbcType=TIMESTAMP},
      </if>
    </set>
    where id = #{id,jdbcType=BIGINT}
  </update>
  <update id="updateByPrimaryKey" parameterType="com.wuage.order.entity.OrderInvoiceDetail">
    update tc_order_invoice_detail
    set invoice_id = #{invoiceId,jdbcType=BIGINT},
      order_offer_id = #{orderOfferId,jdbcType=BIGINT},
      send_quantity = #{sendQuantity,jdbcType=BIGINT},
      receive_quantity = #{receiveQuantity,jdbcType=BIGINT},
      gmt_create = #{gmtCreate,jdbcType=TIMESTAMP},
      gmt_modified = #{gmtModified,jdbcType=TIMESTAMP}
    where id = #{id,jdbcType=BIGINT}
  </update>
  <resultMap id="BaseResultMap" type="com.wuage.order.entity.OrderInvoiceDetail">
    <id column="id" jdbcType="BIGINT" property="id" />
    <result column="invoice_id" jdbcType="BIGINT" property="invoiceId" />
    <result column="order_offer_id" jdbcType="BIGINT" property="orderOfferId" />
    <result column="send_quantity" jdbcType="BIGINT" property="sendQuantity" />
    <result column="receive_quantity" jdbcType="BIGINT" property="receiveQuantity" />
    <result column="gmt_create" jdbcType="TIMESTAMP" property="gmtCreate" />
    <result column="gmt_modified" jdbcType="TIMESTAMP" property="gmtModified" />
  </resultMap>
  <sql id="Example_Where_Clause">
    <where>
      <foreach collection="oredCriteria" item="criteria" separator="or">
        <if test="criteria.valid">
          <trim prefix="(" prefixOverrides="and" suffix=")">
            <foreach collection="criteria.criteria" item="criterion">
              <choose>
                <when test="criterion.noValue">
                  and ${criterion.condition}
                </when>
                <when test="criterion.singleValue">
                  and ${criterion.condition} #{criterion.value}
                </when>
                <when test="criterion.betweenValue">
                  and ${criterion.condition} #{criterion.value} and #{criterion.secondValue}
                </when>
                <when test="criterion.listValue">
                  and ${criterion.condition}
                  <foreach close=")" collection="criterion.value" item="listItem" open="(" separator=",">
                    #{listItem}
                  </foreach>
                </when>
              </choose>
            </foreach>
          </trim>
        </if>
      </foreach>
    </where>
  </sql>
  <sql id="Update_By_Example_Where_Clause">
    <where>
      <foreach collection="example.oredCriteria" item="criteria" separator="or">
        <if test="criteria.valid">
          <trim prefix="(" prefixOverrides="and" suffix=")">
            <foreach collection="criteria.criteria" item="criterion">
              <choose>
                <when test="criterion.noValue">
                  and ${criterion.condition}
                </when>
                <when test="criterion.singleValue">
                  and ${criterion.condition} #{criterion.value}
                </when>
                <when test="criterion.betweenValue">
                  and ${criterion.condition} #{criterion.value} and #{criterion.secondValue}
                </when>
                <when test="criterion.listValue">
                  and ${criterion.condition}
                  <foreach close=")" collection="criterion.value" item="listItem" open="(" separator=",">
                    #{listItem}
                  </foreach>
                </when>
              </choose>
            </foreach>
          </trim>
        </if>
      </foreach>
    </where>
  </sql>
  <sql id="Base_Column_List">
    id, invoice_id, order_offer_id, send_quantity, receive_quantity, gmt_create, gmt_modified
  </sql>
  <select id="selectByExample" parameterType="com.wuage.order.entity.OrderInvoiceDetailExample" resultMap="BaseResultMap">
    select
    <if test="distinct">
      distinct
    </if>
    <include refid="Base_Column_List" />
    from tc_order_invoice_detail
    <if test="_parameter != null">
      <include refid="Example_Where_Clause" />
    </if>
    <if test="orderByClause != null">
      order by ${orderByClause}
    </if>
    <if test="limitStart &gt;= 0">
       limit ${limitStart} , ${pageSize}
    </if>
  </select>
  <select id="selectByPrimaryKey" parameterType="java.lang.Long" resultMap="BaseResultMap">
    select 
    <include refid="Base_Column_List" />
    from tc_order_invoice_detail
    where id = #{id,jdbcType=BIGINT}
  </select>
  <delete id="deleteByPrimaryKey" parameterType="java.lang.Long">
    delete from tc_order_invoice_detail
    where id = #{id,jdbcType=BIGINT}
  </delete>
  <delete id="deleteByExample" parameterType="com.wuage.order.entity.OrderInvoiceDetailExample">
    delete from tc_order_invoice_detail
    <if test="_parameter != null">
      <include refid="Example_Where_Clause" />
    </if>
  </delete>
  <insert id="insert" parameterType="com.wuage.order.entity.OrderInvoiceDetail">
    insert into tc_order_invoice_detail (id, invoice_id, order_offer_id, 
      send_quantity, receive_quantity, gmt_create, 
      gmt_modified)
    values (#{id,jdbcType=BIGINT}, #{invoiceId,jdbcType=BIGINT}, #{orderOfferId,jdbcType=BIGINT}, 
      #{sendQuantity,jdbcType=BIGINT}, #{receiveQuantity,jdbcType=BIGINT}, #{gmtCreate,jdbcType=TIMESTAMP}, 
      #{gmtModified,jdbcType=TIMESTAMP})
  </insert>
  <insert id="insertSelective" parameterType="com.wuage.order.entity.OrderInvoiceDetail">
    insert into tc_order_invoice_detail
    <trim prefix="(" suffix=")" suffixOverrides=",">
      <if test="id != null">
        id,
      </if>
      <if test="invoiceId != null">
        invoice_id,
      </if>
      <if test="orderOfferId != null">
        order_offer_id,
      </if>
      <if test="sendQuantity != null">
        send_quantity,
      </if>
      <if test="receiveQuantity != null">
        receive_quantity,
      </if>
      <if test="gmtCreate != null">
        gmt_create,
      </if>
      <if test="gmtModified != null">
        gmt_modified,
      </if>
    </trim>
    <trim prefix="values (" suffix=")" suffixOverrides=",">
      <if test="id != null">
        #{id,jdbcType=BIGINT},
      </if>
      <if test="invoiceId != null">
        #{invoiceId,jdbcType=BIGINT},
      </if>
      <if test="orderOfferId != null">
        #{orderOfferId,jdbcType=BIGINT},
      </if>
      <if test="sendQuantity != null">
        #{sendQuantity,jdbcType=BIGINT},
      </if>
      <if test="receiveQuantity != null">
        #{receiveQuantity,jdbcType=BIGINT},
      </if>
      <if test="gmtCreate != null">
        #{gmtCreate,jdbcType=TIMESTAMP},
      </if>
      <if test="gmtModified != null">
        #{gmtModified,jdbcType=TIMESTAMP},
      </if>
    </trim>
  </insert>
  <select id="countByExample" parameterType="com.wuage.order.entity.OrderInvoiceDetailExample" resultType="java.lang.Long">
    select count(*) from tc_order_invoice_detail
    <if test="_parameter != null">
      <include refid="Example_Where_Clause" />
    </if>
  </select>
  <update id="updateByExampleSelective" parameterType="map">
    update tc_order_invoice_detail
    <set>
      <if test="record.id != null">
        id = #{record.id,jdbcType=BIGINT},
      </if>
      <if test="record.invoiceId != null">
        invoice_id = #{record.invoiceId,jdbcType=BIGINT},
      </if>
      <if test="record.orderOfferId != null">
        order_offer_id = #{record.orderOfferId,jdbcType=BIGINT},
      </if>
      <if test="record.sendQuantity != null">
        send_quantity = #{record.sendQuantity,jdbcType=BIGINT},
      </if>
      <if test="record.receiveQuantity != null">
        receive_quantity = #{record.receiveQuantity,jdbcType=BIGINT},
      </if>
      <if test="record.gmtCreate != null">
        gmt_create = #{record.gmtCreate,jdbcType=TIMESTAMP},
      </if>
      <if test="record.gmtModified != null">
        gmt_modified = #{record.gmtModified,jdbcType=TIMESTAMP},
      </if>
    </set>
    <if test="_parameter != null">
      <include refid="Update_By_Example_Where_Clause" />
    </if>
  </update>
  <update id="updateByExample" parameterType="map">
    update tc_order_invoice_detail
    set id = #{record.id,jdbcType=BIGINT},
      invoice_id = #{record.invoiceId,jdbcType=BIGINT},
      order_offer_id = #{record.orderOfferId,jdbcType=BIGINT},
      send_quantity = #{record.sendQuantity,jdbcType=BIGINT},
      receive_quantity = #{record.receiveQuantity,jdbcType=BIGINT},
      gmt_create = #{record.gmtCreate,jdbcType=TIMESTAMP},
      gmt_modified = #{record.gmtModified,jdbcType=TIMESTAMP}
    <if test="_parameter != null">
      <include refid="Update_By_Example_Where_Clause" />
    </if>
  </update>
  <update id="updateByPrimaryKeySelective" parameterType="com.wuage.order.entity.OrderInvoiceDetail">
    update tc_order_invoice_detail
    <set>
      <if test="invoiceId != null">
        invoice_id = #{invoiceId,jdbcType=BIGINT},
      </if>
      <if test="orderOfferId != null">
        order_offer_id = #{orderOfferId,jdbcType=BIGINT},
      </if>
      <if test="sendQuantity != null">
        send_quantity = #{sendQuantity,jdbcType=BIGINT},
      </if>
      <if test="receiveQuantity != null">
        receive_quantity = #{receiveQuantity,jdbcType=BIGINT},
      </if>
      <if test="gmtCreate != null">
        gmt_create = #{gmtCreate,jdbcType=TIMESTAMP},
      </if>
      <if test="gmtModified != null">
        gmt_modified = #{gmtModified,jdbcType=TIMESTAMP},
      </if>
    </set>
    where id = #{id,jdbcType=BIGINT}
  </update>
  <update id="updateByPrimaryKey" parameterType="com.wuage.order.entity.OrderInvoiceDetail">
    update tc_order_invoice_detail
    set invoice_id = #{invoiceId,jdbcType=BIGINT},
      order_offer_id = #{orderOfferId,jdbcType=BIGINT},
      send_quantity = #{sendQuantity,jdbcType=BIGINT},
      receive_quantity = #{receiveQuantity,jdbcType=BIGINT},
      gmt_create = #{gmtCreate,jdbcType=TIMESTAMP},
      gmt_modified = #{gmtModified,jdbcType=TIMESTAMP}
    where id = #{id,jdbcType=BIGINT}
  </update>
  <resultMap id="BaseResultMap" type="com.wuage.order.entity.OrderInvoiceDetail">
    <id column="id" jdbcType="BIGINT" property="id" />
    <result column="invoice_id" jdbcType="BIGINT" property="invoiceId" />
    <result column="order_offer_id" jdbcType="BIGINT" property="orderOfferId" />
    <result column="send_quantity" jdbcType="BIGINT" property="sendQuantity" />
    <result column="receive_quantity" jdbcType="BIGINT" property="receiveQuantity" />
    <result column="gmt_create" jdbcType="TIMESTAMP" property="gmtCreate" />
    <result column="gmt_modified" jdbcType="TIMESTAMP" property="gmtModified" />
  </resultMap>
  <sql id="Example_Where_Clause">
    <where>
      <foreach collection="oredCriteria" item="criteria" separator="or">
        <if test="criteria.valid">
          <trim prefix="(" prefixOverrides="and" suffix=")">
            <foreach collection="criteria.criteria" item="criterion">
              <choose>
                <when test="criterion.noValue">
                  and ${criterion.condition}
                </when>
                <when test="criterion.singleValue">
                  and ${criterion.condition} #{criterion.value}
                </when>
                <when test="criterion.betweenValue">
                  and ${criterion.condition} #{criterion.value} and #{criterion.secondValue}
                </when>
                <when test="criterion.listValue">
                  and ${criterion.condition}
                  <foreach close=")" collection="criterion.value" item="listItem" open="(" separator=",">
                    #{listItem}
                  </foreach>
                </when>
              </choose>
            </foreach>
          </trim>
        </if>
      </foreach>
    </where>
  </sql>
  <sql id="Update_By_Example_Where_Clause">
    <where>
      <foreach collection="example.oredCriteria" item="criteria" separator="or">
        <if test="criteria.valid">
          <trim prefix="(" prefixOverrides="and" suffix=")">
            <foreach collection="criteria.criteria" item="criterion">
              <choose>
                <when test="criterion.noValue">
                  and ${criterion.condition}
                </when>
                <when test="criterion.singleValue">
                  and ${criterion.condition} #{criterion.value}
                </when>
                <when test="criterion.betweenValue">
                  and ${criterion.condition} #{criterion.value} and #{criterion.secondValue}
                </when>
                <when test="criterion.listValue">
                  and ${criterion.condition}
                  <foreach close=")" collection="criterion.value" item="listItem" open="(" separator=",">
                    #{listItem}
                  </foreach>
                </when>
              </choose>
            </foreach>
          </trim>
        </if>
      </foreach>
    </where>
  </sql>
  <sql id="Base_Column_List">
    id, invoice_id, order_offer_id, send_quantity, receive_quantity, gmt_create, gmt_modified
  </sql>
  <select id="selectByExample" parameterType="com.wuage.order.entity.OrderInvoiceDetailExample" resultMap="BaseResultMap">
    select
    <if test="distinct">
      distinct
    </if>
    <include refid="Base_Column_List" />
    from tc_order_invoice_detail
    <if test="_parameter != null">
      <include refid="Example_Where_Clause" />
    </if>
    <if test="orderByClause != null">
      order by ${orderByClause}
    </if>
    <if test="limitStart &gt;= 0">
       limit ${limitStart} , ${pageSize}
    </if>
  </select>
  <select id="selectByPrimaryKey" parameterType="java.lang.Long" resultMap="BaseResultMap">
    select 
    <include refid="Base_Column_List" />
    from tc_order_invoice_detail
    where id = #{id,jdbcType=BIGINT}
  </select>
  <delete id="deleteByPrimaryKey" parameterType="java.lang.Long">
    delete from tc_order_invoice_detail
    where id = #{id,jdbcType=BIGINT}
  </delete>
  <delete id="deleteByExample" parameterType="com.wuage.order.entity.OrderInvoiceDetailExample">
    delete from tc_order_invoice_detail
    <if test="_parameter != null">
      <include refid="Example_Where_Clause" />
    </if>
  </delete>
  <insert id="insert" parameterType="com.wuage.order.entity.OrderInvoiceDetail">
    insert into tc_order_invoice_detail (id, invoice_id, order_offer_id, 
      send_quantity, receive_quantity, gmt_create, 
      gmt_modified)
    values (#{id,jdbcType=BIGINT}, #{invoiceId,jdbcType=BIGINT}, #{orderOfferId,jdbcType=BIGINT}, 
      #{sendQuantity,jdbcType=BIGINT}, #{receiveQuantity,jdbcType=BIGINT}, #{gmtCreate,jdbcType=TIMESTAMP}, 
      #{gmtModified,jdbcType=TIMESTAMP})
  </insert>
  <insert id="insertSelective" parameterType="com.wuage.order.entity.OrderInvoiceDetail">
    insert into tc_order_invoice_detail
    <trim prefix="(" suffix=")" suffixOverrides=",">
      <if test="id != null">
        id,
      </if>
      <if test="invoiceId != null">
        invoice_id,
      </if>
      <if test="orderOfferId != null">
        order_offer_id,
      </if>
      <if test="sendQuantity != null">
        send_quantity,
      </if>
      <if test="receiveQuantity != null">
        receive_quantity,
      </if>
      <if test="gmtCreate != null">
        gmt_create,
      </if>
      <if test="gmtModified != null">
        gmt_modified,
      </if>
    </trim>
    <trim prefix="values (" suffix=")" suffixOverrides=",">
      <if test="id != null">
        #{id,jdbcType=BIGINT},
      </if>
      <if test="invoiceId != null">
        #{invoiceId,jdbcType=BIGINT},
      </if>
      <if test="orderOfferId != null">
        #{orderOfferId,jdbcType=BIGINT},
      </if>
      <if test="sendQuantity != null">
        #{sendQuantity,jdbcType=BIGINT},
      </if>
      <if test="receiveQuantity != null">
        #{receiveQuantity,jdbcType=BIGINT},
      </if>
      <if test="gmtCreate != null">
        #{gmtCreate,jdbcType=TIMESTAMP},
      </if>
      <if test="gmtModified != null">
        #{gmtModified,jdbcType=TIMESTAMP},
      </if>
    </trim>
  </insert>
  <select id="countByExample" parameterType="com.wuage.order.entity.OrderInvoiceDetailExample" resultType="java.lang.Long">
    select count(*) from tc_order_invoice_detail
    <if test="_parameter != null">
      <include refid="Example_Where_Clause" />
    </if>
  </select>
  <update id="updateByExampleSelective" parameterType="map">
    update tc_order_invoice_detail
    <set>
      <if test="record.id != null">
        id = #{record.id,jdbcType=BIGINT},
      </if>
      <if test="record.invoiceId != null">
        invoice_id = #{record.invoiceId,jdbcType=BIGINT},
      </if>
      <if test="record.orderOfferId != null">
        order_offer_id = #{record.orderOfferId,jdbcType=BIGINT},
      </if>
      <if test="record.sendQuantity != null">
        send_quantity = #{record.sendQuantity,jdbcType=BIGINT},
      </if>
      <if test="record.receiveQuantity != null">
        receive_quantity = #{record.receiveQuantity,jdbcType=BIGINT},
      </if>
      <if test="record.gmtCreate != null">
        gmt_create = #{record.gmtCreate,jdbcType=TIMESTAMP},
      </if>
      <if test="record.gmtModified != null">
        gmt_modified = #{record.gmtModified,jdbcType=TIMESTAMP},
      </if>
    </set>
    <if test="_parameter != null">
      <include refid="Update_By_Example_Where_Clause" />
    </if>
  </update>
  <update id="updateByExample" parameterType="map">
    update tc_order_invoice_detail
    set id = #{record.id,jdbcType=BIGINT},
      invoice_id = #{record.invoiceId,jdbcType=BIGINT},
      order_offer_id = #{record.orderOfferId,jdbcType=BIGINT},
      send_quantity = #{record.sendQuantity,jdbcType=BIGINT},
      receive_quantity = #{record.receiveQuantity,jdbcType=BIGINT},
      gmt_create = #{record.gmtCreate,jdbcType=TIMESTAMP},
      gmt_modified = #{record.gmtModified,jdbcType=TIMESTAMP}
    <if test="_parameter != null">
      <include refid="Update_By_Example_Where_Clause" />
    </if>
  </update>
  <update id="updateByPrimaryKeySelective" parameterType="com.wuage.order.entity.OrderInvoiceDetail">
    update tc_order_invoice_detail
    <set>
      <if test="invoiceId != null">
        invoice_id = #{invoiceId,jdbcType=BIGINT},
      </if>
      <if test="orderOfferId != null">
        order_offer_id = #{orderOfferId,jdbcType=BIGINT},
      </if>
      <if test="sendQuantity != null">
        send_quantity = #{sendQuantity,jdbcType=BIGINT},
      </if>
      <if test="receiveQuantity != null">
        receive_quantity = #{receiveQuantity,jdbcType=BIGINT},
      </if>
      <if test="gmtCreate != null">
        gmt_create = #{gmtCreate,jdbcType=TIMESTAMP},
      </if>
      <if test="gmtModified != null">
        gmt_modified = #{gmtModified,jdbcType=TIMESTAMP},
      </if>
    </set>
    where id = #{id,jdbcType=BIGINT}
  </update>
  <update id="updateByPrimaryKey" parameterType="com.wuage.order.entity.OrderInvoiceDetail">
    update tc_order_invoice_detail
    set invoice_id = #{invoiceId,jdbcType=BIGINT},
      order_offer_id = #{orderOfferId,jdbcType=BIGINT},
      send_quantity = #{sendQuantity,jdbcType=BIGINT},
      receive_quantity = #{receiveQuantity,jdbcType=BIGINT},
      gmt_create = #{gmtCreate,jdbcType=TIMESTAMP},
      gmt_modified = #{gmtModified,jdbcType=TIMESTAMP}
    where id = #{id,jdbcType=BIGINT}
  </update>
</mapper>