<?xml version="1.0" encoding="UTF-8"?>
<!DOCTYPE mapper PUBLIC "-//mybatis.org//DTD Mapper 3.0//EN" "http://mybatis.org/dtd/mybatis-3-mapper.dtd">
<mapper namespace="com.wuage.order.dao.OrderMapper">
  <resultMap id="BaseResultMap" type="com.wuage.order.entity.Order">
    <id column="id" jdbcType="BIGINT" property="id" />
    <result column="order_no" jdbcType="VARCHAR" property="orderNo" />
    <result column="seller_user_id" jdbcType="VARCHAR" property="sellerUserId" />
    <result column="seller_biz_phone" jdbcType="VARCHAR" property="sellerBizPhone" />
    <result column="buyer_user_id" jdbcType="VARCHAR" property="buyerUserId" />
    <result column="buyer_biz_phone" jdbcType="VARCHAR" property="buyerBizPhone" />
    <result column="discount" jdbcType="BIGINT" property="discount" />
    <result column="sum_product_payment" jdbcType="BIGINT" property="sumProductPayment" />
    <result column="sum_payment" jdbcType="BIGINT" property="sumPayment" />
    <result column="additional_fee" jdbcType="BIGINT" property="additionalFee" />
    <result column="refund_status" jdbcType="INTEGER" property="refundStatus" />
    <result column="is_draft" jdbcType="INTEGER" property="isDraft" />
    <result column="is_delete" jdbcType="INTEGER" property="isDelete" />
    <result column="confirmed_time" jdbcType="TIMESTAMP" property="confirmedTime" />
    <result column="confirmed_valid_time" jdbcType="TIMESTAMP" property="confirmedValidTime" />
    <result column="close_type" jdbcType="SMALLINT" property="closeType" />
    <result column="close_reason" jdbcType="VARCHAR" property="closeReason" />
    <result column="status" jdbcType="INTEGER" property="status" />
    <result column="remark" jdbcType="VARCHAR" property="remark" />
    <result column="source_id" jdbcType="VARCHAR" property="sourceId" />
    <result column="operator" jdbcType="VARCHAR" property="operator" />
    <result column="trade_type" jdbcType="SMALLINT" property="tradeType" />
    <result column="pay_type" jdbcType="VARCHAR" property="payType" />
    <result column="order_group_id" jdbcType="VARCHAR" property="orderGroupId" />
    <result column="order_type" jdbcType="VARCHAR" property="orderType" />
    <result column="stage_id" jdbcType="VARCHAR" property="stageId" />
    <result column="is_lock" jdbcType="INTEGER" property="isLock" />
    <result column="end_time" jdbcType="TIMESTAMP" property="endTime" />
    <result column="gmt_create" jdbcType="TIMESTAMP" property="gmtCreate" />
    <result column="gmt_modified" jdbcType="TIMESTAMP" property="gmtModified" />
  </resultMap>
  <sql id="Example_Where_Clause">
    <where>
      <foreach collection="oredCriteria" item="criteria" separator="or">
        <if test="criteria.valid">
          <trim prefix="(" prefixOverrides="and" suffix=")">
            <foreach collection="criteria.criteria" item="criterion">
              <choose>
                <when test="criterion.noValue">
                  and ${criterion.condition}
                </when>
                <when test="criterion.singleValue">
                  and ${criterion.condition} #{criterion.value}
                </when>
                <when test="criterion.betweenValue">
                  and ${criterion.condition} #{criterion.value} and #{criterion.secondValue}
                </when>
                <when test="criterion.listValue">
                  and ${criterion.condition}
                  <foreach close=")" collection="criterion.value" item="listItem" open="(" separator=",">
                    #{listItem}
                  </foreach>
                </when>
              </choose>
            </foreach>
          </trim>
        </if>
      </foreach>
    </where>
  </sql>
  <sql id="Update_By_Example_Where_Clause">
    <where>
      <foreach collection="example.oredCriteria" item="criteria" separator="or">
        <if test="criteria.valid">
          <trim prefix="(" prefixOverrides="and" suffix=")">
            <foreach collection="criteria.criteria" item="criterion">
              <choose>
                <when test="criterion.noValue">
                  and ${criterion.condition}
                </when>
                <when test="criterion.singleValue">
                  and ${criterion.condition} #{criterion.value}
                </when>
                <when test="criterion.betweenValue">
                  and ${criterion.condition} #{criterion.value} and #{criterion.secondValue}
                </when>
                <when test="criterion.listValue">
                  and ${criterion.condition}
                  <foreach close=")" collection="criterion.value" item="listItem" open="(" separator=",">
                    #{listItem}
                  </foreach>
                </when>
              </choose>
            </foreach>
          </trim>
        </if>
      </foreach>
    </where>
  </sql>
  <sql id="Base_Column_List">
    id, order_no, seller_user_id, seller_biz_phone, buyer_user_id, buyer_biz_phone, discount, 
    sum_product_payment, sum_payment, additional_fee, refund_status, is_draft, is_delete, 
    confirmed_time, confirmed_valid_time, close_type, close_reason, status, remark, source_id, 
    operator, trade_type, pay_type, order_group_id, order_type, stage_id, is_lock, end_time, 
    gmt_create, gmt_modified
  </sql>
  <select id="selectByExample" parameterType="com.wuage.order.entity.OrderExample" resultMap="BaseResultMap">
    select
    <if test="distinct">
      distinct
    </if>
    <include refid="Base_Column_List" />
    from tc_order
    <if test="_parameter != null">
      <include refid="Example_Where_Clause" />
    </if>
    <if test="orderByClause != null">
      order by ${orderByClause}
    </if>
    <if test="limitStart &gt;= 0">
       limit ${limitStart} , ${pageSize}
    </if>
  </select>
  <select id="selectByPrimaryKey" parameterType="java.lang.Long" resultMap="BaseResultMap">
    select 
    <include refid="Base_Column_List" />
    from tc_order
    where id = #{id,jdbcType=BIGINT}
  </select>
  <delete id="deleteByPrimaryKey" parameterType="java.lang.Long">
    delete from tc_order
    where id = #{id,jdbcType=BIGINT}
  </delete>
  <delete id="deleteByExample" parameterType="com.wuage.order.entity.OrderExample">
    delete from tc_order
    <if test="_parameter != null">
      <include refid="Example_Where_Clause" />
    </if>
  </delete>
  <insert id="insert" parameterType="com.wuage.order.entity.Order">
    insert into tc_order (id, order_no, seller_user_id, 
      seller_biz_phone, buyer_user_id, buyer_biz_phone, 
      discount, sum_product_payment, sum_payment, 
      additional_fee, refund_status, is_draft, 
      is_delete, confirmed_time, confirmed_valid_time, 
      close_type, close_reason, status, 
      remark, source_id, operator, 
      trade_type, pay_type, order_group_id, 
      order_type, stage_id, is_lock, 
      end_time, gmt_create, gmt_modified
      )
    values (#{id,jdbcType=BIGINT}, #{orderNo,jdbcType=VARCHAR}, #{sellerUserId,jdbcType=VARCHAR}, 
      #{sellerBizPhone,jdbcType=VARCHAR}, #{buyerUserId,jdbcType=VARCHAR}, #{buyerBizPhone,jdbcType=VARCHAR}, 
      #{discount,jdbcType=BIGINT}, #{sumProductPayment,jdbcType=BIGINT}, #{sumPayment,jdbcType=BIGINT}, 
      #{additionalFee,jdbcType=BIGINT}, #{refundStatus,jdbcType=INTEGER}, #{isDraft,jdbcType=INTEGER}, 
      #{isDelete,jdbcType=INTEGER}, #{confirmedTime,jdbcType=TIMESTAMP}, #{confirmedValidTime,jdbcType=TIMESTAMP}, 
      #{closeType,jdbcType=SMALLINT}, #{closeReason,jdbcType=VARCHAR}, #{status,jdbcType=INTEGER}, 
      #{remark,jdbcType=VARCHAR}, #{sourceId,jdbcType=VARCHAR}, #{operator,jdbcType=VARCHAR}, 
      #{tradeType,jdbcType=SMALLINT}, #{payType,jdbcType=VARCHAR}, #{orderGroupId,jdbcType=VARCHAR}, 
      #{orderType,jdbcType=VARCHAR}, #{stageId,jdbcType=VARCHAR}, #{isLock,jdbcType=INTEGER}, 
      #{endTime,jdbcType=TIMESTAMP}, #{gmtCreate,jdbcType=TIMESTAMP}, #{gmtModified,jdbcType=TIMESTAMP}
      )
  </insert>
  <insert id="insertSelective" parameterType="com.wuage.order.entity.Order">
    insert into tc_order
    <trim prefix="(" suffix=")" suffixOverrides=",">
      <if test="id != null">
        id,
      </if>
      <if test="orderNo != null">
        order_no,
      </if>
      <if test="sellerUserId != null">
        seller_user_id,
      </if>
      <if test="sellerBizPhone != null">
        seller_biz_phone,
      </if>
      <if test="buyerUserId != null">
        buyer_user_id,
      </if>
      <if test="buyerBizPhone != null">
        buyer_biz_phone,
      </if>
      <if test="discount != null">
        discount,
      </if>
      <if test="sumProductPayment != null">
        sum_product_payment,
      </if>
      <if test="sumPayment != null">
        sum_payment,
      </if>
      <if test="additionalFee != null">
        additional_fee,
      </if>
      <if test="refundStatus != null">
        refund_status,
      </if>
      <if test="isDraft != null">
        is_draft,
      </if>
      <if test="isDelete != null">
        is_delete,
      </if>
      <if test="confirmedTime != null">
        confirmed_time,
      </if>
      <if test="confirmedValidTime != null">
        confirmed_valid_time,
      </if>
      <if test="closeType != null">
        close_type,
      </if>
      <if test="closeReason != null">
        close_reason,
      </if>
      <if test="status != null">
        status,
      </if>
      <if test="remark != null">
        remark,
      </if>
      <if test="sourceId != null">
        source_id,
      </if>
      <if test="operator != null">
        operator,
      </if>
      <if test="tradeType != null">
        trade_type,
      </if>
      <if test="payType != null">
        pay_type,
      </if>
      <if test="orderGroupId != null">
        order_group_id,
      </if>
      <if test="orderType != null">
        order_type,
      </if>
      <if test="stageId != null">
        stage_id,
      </if>
      <if test="isLock != null">
        is_lock,
      </if>
      <if test="endTime != null">
        end_time,
      </if>
      <if test="gmtCreate != null">
        gmt_create,
      </if>
      <if test="gmtModified != null">
        gmt_modified,
      </if>
    </trim>
    <trim prefix="values (" suffix=")" suffixOverrides=",">
      <if test="id != null">
        #{id,jdbcType=BIGINT},
      </if>
      <if test="orderNo != null">
        #{orderNo,jdbcType=VARCHAR},
      </if>
      <if test="sellerUserId != null">
        #{sellerUserId,jdbcType=VARCHAR},
      </if>
      <if test="sellerBizPhone != null">
        #{sellerBizPhone,jdbcType=VARCHAR},
      </if>
      <if test="buyerUserId != null">
        #{buyerUserId,jdbcType=VARCHAR},
      </if>
      <if test="buyerBizPhone != null">
        #{buyerBizPhone,jdbcType=VARCHAR},
      </if>
      <if test="discount != null">
        #{discount,jdbcType=BIGINT},
      </if>
      <if test="sumProductPayment != null">
        #{sumProductPayment,jdbcType=BIGINT},
      </if>
      <if test="sumPayment != null">
        #{sumPayment,jdbcType=BIGINT},
      </if>
      <if test="additionalFee != null">
        #{additionalFee,jdbcType=BIGINT},
      </if>
      <if test="refundStatus != null">
        #{refundStatus,jdbcType=INTEGER},
      </if>
      <if test="isDraft != null">
        #{isDraft,jdbcType=INTEGER},
      </if>
      <if test="isDelete != null">
        #{isDelete,jdbcType=INTEGER},
      </if>
      <if test="confirmedTime != null">
        #{confirmedTime,jdbcType=TIMESTAMP},
      </if>
      <if test="confirmedValidTime != null">
        #{confirmedValidTime,jdbcType=TIMESTAMP},
      </if>
      <if test="closeType != null">
        #{closeType,jdbcType=SMALLINT},
      </if>
      <if test="closeReason != null">
        #{closeReason,jdbcType=VARCHAR},
      </if>
      <if test="status != null">
        #{status,jdbcType=INTEGER},
      </if>
      <if test="remark != null">
        #{remark,jdbcType=VARCHAR},
      </if>
      <if test="sourceId != null">
        #{sourceId,jdbcType=VARCHAR},
      </if>
      <if test="operator != null">
        #{operator,jdbcType=VARCHAR},
      </if>
      <if test="tradeType != null">
        #{tradeType,jdbcType=SMALLINT},
      </if>
      <if test="payType != null">
        #{payType,jdbcType=VARCHAR},
      </if>
      <if test="orderGroupId != null">
        #{orderGroupId,jdbcType=VARCHAR},
      </if>
      <if test="orderType != null">
        #{orderType,jdbcType=VARCHAR},
      </if>
      <if test="stageId != null">
        #{stageId,jdbcType=VARCHAR},
      </if>
      <if test="isLock != null">
        #{isLock,jdbcType=INTEGER},
      </if>
      <if test="endTime != null">
        #{endTime,jdbcType=TIMESTAMP},
      </if>
      <if test="gmtCreate != null">
        #{gmtCreate,jdbcType=TIMESTAMP},
      </if>
      <if test="gmtModified != null">
        #{gmtModified,jdbcType=TIMESTAMP},
      </if>
    </trim>
  </insert>
  <select id="countByExample" parameterType="com.wuage.order.entity.OrderExample" resultType="java.lang.Long">
    select count(*) from tc_order
    <if test="_parameter != null">
      <include refid="Example_Where_Clause" />
    </if>
  </select>
  <update id="updateByExampleSelective" parameterType="map">
    update tc_order
    <set>
      <if test="record.id != null">
        id = #{record.id,jdbcType=BIGINT},
      </if>
      <if test="record.orderNo != null">
        order_no = #{record.orderNo,jdbcType=VARCHAR},
      </if>
      <if test="record.sellerUserId != null">
        seller_user_id = #{record.sellerUserId,jdbcType=VARCHAR},
      </if>
      <if test="record.sellerBizPhone != null">
        seller_biz_phone = #{record.sellerBizPhone,jdbcType=VARCHAR},
      </if>
      <if test="record.buyerUserId != null">
        buyer_user_id = #{record.buyerUserId,jdbcType=VARCHAR},
      </if>
      <if test="record.buyerBizPhone != null">
        buyer_biz_phone = #{record.buyerBizPhone,jdbcType=VARCHAR},
      </if>
      <if test="record.discount != null">
        discount = #{record.discount,jdbcType=BIGINT},
      </if>
      <if test="record.sumProductPayment != null">
        sum_product_payment = #{record.sumProductPayment,jdbcType=BIGINT},
      </if>
      <if test="record.sumPayment != null">
        sum_payment = #{record.sumPayment,jdbcType=BIGINT},
      </if>
      <if test="record.additionalFee != null">
        additional_fee = #{record.additionalFee,jdbcType=BIGINT},
      </if>
      <if test="record.refundStatus != null">
        refund_status = #{record.refundStatus,jdbcType=INTEGER},
      </if>
      <if test="record.isDraft != null">
        is_draft = #{record.isDraft,jdbcType=INTEGER},
      </if>
      <if test="record.isDelete != null">
        is_delete = #{record.isDelete,jdbcType=INTEGER},
      </if>
      <if test="record.confirmedTime != null">
        confirmed_time = #{record.confirmedTime,jdbcType=TIMESTAMP},
      </if>
      <if test="record.confirmedValidTime != null">
        confirmed_valid_time = #{record.confirmedValidTime,jdbcType=TIMESTAMP},
      </if>
      <if test="record.closeType != null">
        close_type = #{record.closeType,jdbcType=SMALLINT},
      </if>
      <if test="record.closeReason != null">
        close_reason = #{record.closeReason,jdbcType=VARCHAR},
      </if>
      <if test="record.status != null">
        status = #{record.status,jdbcType=INTEGER},
      </if>
      <if test="record.remark != null">
        remark = #{record.remark,jdbcType=VARCHAR},
      </if>
      <if test="record.sourceId != null">
        source_id = #{record.sourceId,jdbcType=VARCHAR},
      </if>
      <if test="record.operator != null">
        operator = #{record.operator,jdbcType=VARCHAR},
      </if>
      <if test="record.tradeType != null">
        trade_type = #{record.tradeType,jdbcType=SMALLINT},
      </if>
      <if test="record.payType != null">
        pay_type = #{record.payType,jdbcType=VARCHAR},
      </if>
      <if test="record.orderGroupId != null">
        order_group_id = #{record.orderGroupId,jdbcType=VARCHAR},
      </if>
      <if test="record.orderType != null">
        order_type = #{record.orderType,jdbcType=VARCHAR},
      </if>
      <if test="record.stageId != null">
        stage_id = #{record.stageId,jdbcType=VARCHAR},
      </if>
      <if test="record.isLock != null">
        is_lock = #{record.isLock,jdbcType=INTEGER},
      </if>
      <if test="record.endTime != null">
        end_time = #{record.endTime,jdbcType=TIMESTAMP},
      </if>
      <if test="record.gmtCreate != null">
        gmt_create = #{record.gmtCreate,jdbcType=TIMESTAMP},
      </if>
      <if test="record.gmtModified != null">
        gmt_modified = #{record.gmtModified,jdbcType=TIMESTAMP},
      </if>
    </set>
    <if test="_parameter != null">
      <include refid="Update_By_Example_Where_Clause" />
    </if>
  </update>
  <update id="updateByExample" parameterType="map">
    update tc_order
    set id = #{record.id,jdbcType=BIGINT},
      order_no = #{record.orderNo,jdbcType=VARCHAR},
      seller_user_id = #{record.sellerUserId,jdbcType=VARCHAR},
      seller_biz_phone = #{record.sellerBizPhone,jdbcType=VARCHAR},
      buyer_user_id = #{record.buyerUserId,jdbcType=VARCHAR},
      buyer_biz_phone = #{record.buyerBizPhone,jdbcType=VARCHAR},
      discount = #{record.discount,jdbcType=BIGINT},
      sum_product_payment = #{record.sumProductPayment,jdbcType=BIGINT},
      sum_payment = #{record.sumPayment,jdbcType=BIGINT},
      additional_fee = #{record.additionalFee,jdbcType=BIGINT},
      refund_status = #{record.refundStatus,jdbcType=INTEGER},
      is_draft = #{record.isDraft,jdbcType=INTEGER},
      is_delete = #{record.isDelete,jdbcType=INTEGER},
      confirmed_time = #{record.confirmedTime,jdbcType=TIMESTAMP},
      confirmed_valid_time = #{record.confirmedValidTime,jdbcType=TIMESTAMP},
      close_type = #{record.closeType,jdbcType=SMALLINT},
      close_reason = #{record.closeReason,jdbcType=VARCHAR},
      status = #{record.status,jdbcType=INTEGER},
      remark = #{record.remark,jdbcType=VARCHAR},
      source_id = #{record.sourceId,jdbcType=VARCHAR},
      operator = #{record.operator,jdbcType=VARCHAR},
      trade_type = #{record.tradeType,jdbcType=SMALLINT},
      pay_type = #{record.payType,jdbcType=VARCHAR},
      order_group_id = #{record.orderGroupId,jdbcType=VARCHAR},
      order_type = #{record.orderType,jdbcType=VARCHAR},
      stage_id = #{record.stageId,jdbcType=VARCHAR},
      is_lock = #{record.isLock,jdbcType=INTEGER},
      end_time = #{record.endTime,jdbcType=TIMESTAMP},
      gmt_create = #{record.gmtCreate,jdbcType=TIMESTAMP},
      gmt_modified = #{record.gmtModified,jdbcType=TIMESTAMP}
    <if test="_parameter != null">
      <include refid="Update_By_Example_Where_Clause" />
    </if>
  </update>
  <update id="updateByPrimaryKeySelective" parameterType="com.wuage.order.entity.Order">
    update tc_order
    <set>
      <if test="orderNo != null">
        order_no = #{orderNo,jdbcType=VARCHAR},
      </if>
      <if test="sellerUserId != null">
        seller_user_id = #{sellerUserId,jdbcType=VARCHAR},
      </if>
      <if test="sellerBizPhone != null">
        seller_biz_phone = #{sellerBizPhone,jdbcType=VARCHAR},
      </if>
      <if test="buyerUserId != null">
        buyer_user_id = #{buyerUserId,jdbcType=VARCHAR},
      </if>
      <if test="buyerBizPhone != null">
        buyer_biz_phone = #{buyerBizPhone,jdbcType=VARCHAR},
      </if>
      <if test="discount != null">
        discount = #{discount,jdbcType=BIGINT},
      </if>
      <if test="sumProductPayment != null">
        sum_product_payment = #{sumProductPayment,jdbcType=BIGINT},
      </if>
      <if test="sumPayment != null">
        sum_payment = #{sumPayment,jdbcType=BIGINT},
      </if>
      <if test="additionalFee != null">
        additional_fee = #{additionalFee,jdbcType=BIGINT},
      </if>
      <if test="refundStatus != null">
        refund_status = #{refundStatus,jdbcType=INTEGER},
      </if>
      <if test="isDraft != null">
        is_draft = #{isDraft,jdbcType=INTEGER},
      </if>
      <if test="isDelete != null">
        is_delete = #{isDelete,jdbcType=INTEGER},
      </if>
      <if test="confirmedTime != null">
        confirmed_time = #{confirmedTime,jdbcType=TIMESTAMP},
      </if>
      <if test="confirmedValidTime != null">
        confirmed_valid_time = #{confirmedValidTime,jdbcType=TIMESTAMP},
      </if>
      <if test="closeType != null">
        close_type = #{closeType,jdbcType=SMALLINT},
      </if>
      <if test="closeReason != null">
        close_reason = #{closeReason,jdbcType=VARCHAR},
      </if>
      <if test="status != null">
        status = #{status,jdbcType=INTEGER},
      </if>
      <if test="remark != null">
        remark = #{remark,jdbcType=VARCHAR},
      </if>
      <if test="sourceId != null">
        source_id = #{sourceId,jdbcType=VARCHAR},
      </if>
      <if test="operator != null">
        operator = #{operator,jdbcType=VARCHAR},
      </if>
      <if test="tradeType != null">
        trade_type = #{tradeType,jdbcType=SMALLINT},
      </if>
      <if test="payType != null">
        pay_type = #{payType,jdbcType=VARCHAR},
      </if>
      <if test="orderGroupId != null">
        order_group_id = #{orderGroupId,jdbcType=VARCHAR},
      </if>
      <if test="orderType != null">
        order_type = #{orderType,jdbcType=VARCHAR},
      </if>
      <if test="stageId != null">
        stage_id = #{stageId,jdbcType=VARCHAR},
      </if>
      <if test="isLock != null">
        is_lock = #{isLock,jdbcType=INTEGER},
      </if>
      <if test="endTime != null">
        end_time = #{endTime,jdbcType=TIMESTAMP},
      </if>
      <if test="gmtCreate != null">
        gmt_create = #{gmtCreate,jdbcType=TIMESTAMP},
      </if>
      <if test="gmtModified != null">
        gmt_modified = #{gmtModified,jdbcType=TIMESTAMP},
      </if>
    </set>
    where id = #{id,jdbcType=BIGINT}
  </update>
  <update id="updateByPrimaryKey" parameterType="com.wuage.order.entity.Order">
    update tc_order
    set order_no = #{orderNo,jdbcType=VARCHAR},
      seller_user_id = #{sellerUserId,jdbcType=VARCHAR},
      seller_biz_phone = #{sellerBizPhone,jdbcType=VARCHAR},
      buyer_user_id = #{buyerUserId,jdbcType=VARCHAR},
      buyer_biz_phone = #{buyerBizPhone,jdbcType=VARCHAR},
      discount = #{discount,jdbcType=BIGINT},
      sum_product_payment = #{sumProductPayment,jdbcType=BIGINT},
      sum_payment = #{sumPayment,jdbcType=BIGINT},
      additional_fee = #{additionalFee,jdbcType=BIGINT},
      refund_status = #{refundStatus,jdbcType=INTEGER},
      is_draft = #{isDraft,jdbcType=INTEGER},
      is_delete = #{isDelete,jdbcType=INTEGER},
      confirmed_time = #{confirmedTime,jdbcType=TIMESTAMP},
      confirmed_valid_time = #{confirmedValidTime,jdbcType=TIMESTAMP},
      close_type = #{closeType,jdbcType=SMALLINT},
      close_reason = #{closeReason,jdbcType=VARCHAR},
      status = #{status,jdbcType=INTEGER},
      remark = #{remark,jdbcType=VARCHAR},
      source_id = #{sourceId,jdbcType=VARCHAR},
      operator = #{operator,jdbcType=VARCHAR},
      trade_type = #{tradeType,jdbcType=SMALLINT},
      pay_type = #{payType,jdbcType=VARCHAR},
      order_group_id = #{orderGroupId,jdbcType=VARCHAR},
      order_type = #{orderType,jdbcType=VARCHAR},
      stage_id = #{stageId,jdbcType=VARCHAR},
      is_lock = #{isLock,jdbcType=INTEGER},
      end_time = #{endTime,jdbcType=TIMESTAMP},
      gmt_create = #{gmtCreate,jdbcType=TIMESTAMP},
      gmt_modified = #{gmtModified,jdbcType=TIMESTAMP}
    where id = #{id,jdbcType=BIGINT}
  </update>
  <resultMap id="BaseResultMap" type="com.wuage.order.entity.Order">
    <id column="id" jdbcType="BIGINT" property="id" />
    <result column="order_no" jdbcType="VARCHAR" property="orderNo" />
    <result column="seller_user_id" jdbcType="VARCHAR" property="sellerUserId" />
    <result column="seller_biz_phone" jdbcType="VARCHAR" property="sellerBizPhone" />
    <result column="buyer_user_id" jdbcType="VARCHAR" property="buyerUserId" />
    <result column="buyer_biz_phone" jdbcType="VARCHAR" property="buyerBizPhone" />
    <result column="discount" jdbcType="BIGINT" property="discount" />
    <result column="sum_product_payment" jdbcType="BIGINT" property="sumProductPayment" />
    <result column="sum_payment" jdbcType="BIGINT" property="sumPayment" />
    <result column="additional_fee" jdbcType="BIGINT" property="additionalFee" />
    <result column="refund_status" jdbcType="INTEGER" property="refundStatus" />
    <result column="is_draft" jdbcType="INTEGER" property="isDraft" />
    <result column="is_delete" jdbcType="INTEGER" property="isDelete" />
    <result column="confirmed_time" jdbcType="TIMESTAMP" property="confirmedTime" />
    <result column="confirmed_valid_time" jdbcType="TIMESTAMP" property="confirmedValidTime" />
    <result column="close_type" jdbcType="SMALLINT" property="closeType" />
    <result column="close_reason" jdbcType="VARCHAR" property="closeReason" />
    <result column="status" jdbcType="INTEGER" property="status" />
    <result column="remark" jdbcType="VARCHAR" property="remark" />
    <result column="source_id" jdbcType="VARCHAR" property="sourceId" />
    <result column="operator" jdbcType="VARCHAR" property="operator" />
    <result column="trade_type" jdbcType="SMALLINT" property="tradeType" />
    <result column="pay_type" jdbcType="VARCHAR" property="payType" />
    <result column="order_group_id" jdbcType="VARCHAR" property="orderGroupId" />
    <result column="order_type" jdbcType="VARCHAR" property="orderType" />
    <result column="stage_id" jdbcType="VARCHAR" property="stageId" />
    <result column="is_lock" jdbcType="INTEGER" property="isLock" />
    <result column="end_time" jdbcType="TIMESTAMP" property="endTime" />
    <result column="gmt_create" jdbcType="TIMESTAMP" property="gmtCreate" />
    <result column="gmt_modified" jdbcType="TIMESTAMP" property="gmtModified" />
  </resultMap>
  <sql id="Example_Where_Clause">
    <where>
      <foreach collection="oredCriteria" item="criteria" separator="or">
        <if test="criteria.valid">
          <trim prefix="(" prefixOverrides="and" suffix=")">
            <foreach collection="criteria.criteria" item="criterion">
              <choose>
                <when test="criterion.noValue">
                  and ${criterion.condition}
                </when>
                <when test="criterion.singleValue">
                  and ${criterion.condition} #{criterion.value}
                </when>
                <when test="criterion.betweenValue">
                  and ${criterion.condition} #{criterion.value} and #{criterion.secondValue}
                </when>
                <when test="criterion.listValue">
                  and ${criterion.condition}
                  <foreach close=")" collection="criterion.value" item="listItem" open="(" separator=",">
                    #{listItem}
                  </foreach>
                </when>
              </choose>
            </foreach>
          </trim>
        </if>
      </foreach>
    </where>
  </sql>
  <sql id="Update_By_Example_Where_Clause">
    <where>
      <foreach collection="example.oredCriteria" item="criteria" separator="or">
        <if test="criteria.valid">
          <trim prefix="(" prefixOverrides="and" suffix=")">
            <foreach collection="criteria.criteria" item="criterion">
              <choose>
                <when test="criterion.noValue">
                  and ${criterion.condition}
                </when>
                <when test="criterion.singleValue">
                  and ${criterion.condition} #{criterion.value}
                </when>
                <when test="criterion.betweenValue">
                  and ${criterion.condition} #{criterion.value} and #{criterion.secondValue}
                </when>
                <when test="criterion.listValue">
                  and ${criterion.condition}
                  <foreach close=")" collection="criterion.value" item="listItem" open="(" separator=",">
                    #{listItem}
                  </foreach>
                </when>
              </choose>
            </foreach>
          </trim>
        </if>
      </foreach>
    </where>
  </sql>
  <sql id="Base_Column_List">
    id, order_no, seller_user_id, seller_biz_phone, buyer_user_id, buyer_biz_phone, discount, 
    sum_product_payment, sum_payment, additional_fee, refund_status, is_draft, is_delete, 
    confirmed_time, confirmed_valid_time, close_type, close_reason, status, remark, source_id, 
    operator, trade_type, pay_type, order_group_id, order_type, stage_id, is_lock, end_time, 
    gmt_create, gmt_modified
  </sql>
  <select id="selectByExample" parameterType="com.wuage.order.entity.OrderExample" resultMap="BaseResultMap">
    select
    <if test="distinct">
      distinct
    </if>
    <include refid="Base_Column_List" />
    from tc_order
    <if test="_parameter != null">
      <include refid="Example_Where_Clause" />
    </if>
    <if test="orderByClause != null">
      order by ${orderByClause}
    </if>
    <if test="limitStart &gt;= 0">
       limit ${limitStart} , ${pageSize}
    </if>
  </select>
  <select id="selectByPrimaryKey" parameterType="java.lang.Long" resultMap="BaseResultMap">
    select 
    <include refid="Base_Column_List" />
    from tc_order
    where id = #{id,jdbcType=BIGINT}
  </select>
  <delete id="deleteByPrimaryKey" parameterType="java.lang.Long">
    delete from tc_order
    where id = #{id,jdbcType=BIGINT}
  </delete>
  <delete id="deleteByExample" parameterType="com.wuage.order.entity.OrderExample">
    delete from tc_order
    <if test="_parameter != null">
      <include refid="Example_Where_Clause" />
    </if>
  </delete>
  <insert id="insert" parameterType="com.wuage.order.entity.Order">
    insert into tc_order (id, order_no, seller_user_id, 
      seller_biz_phone, buyer_user_id, buyer_biz_phone, 
      discount, sum_product_payment, sum_payment, 
      additional_fee, refund_status, is_draft, 
      is_delete, confirmed_time, confirmed_valid_time, 
      close_type, close_reason, status, 
      remark, source_id, operator, 
      trade_type, pay_type, order_group_id, 
      order_type, stage_id, is_lock, 
      end_time, gmt_create, gmt_modified
      )
    values (#{id,jdbcType=BIGINT}, #{orderNo,jdbcType=VARCHAR}, #{sellerUserId,jdbcType=VARCHAR}, 
      #{sellerBizPhone,jdbcType=VARCHAR}, #{buyerUserId,jdbcType=VARCHAR}, #{buyerBizPhone,jdbcType=VARCHAR}, 
      #{discount,jdbcType=BIGINT}, #{sumProductPayment,jdbcType=BIGINT}, #{sumPayment,jdbcType=BIGINT}, 
      #{additionalFee,jdbcType=BIGINT}, #{refundStatus,jdbcType=INTEGER}, #{isDraft,jdbcType=INTEGER}, 
      #{isDelete,jdbcType=INTEGER}, #{confirmedTime,jdbcType=TIMESTAMP}, #{confirmedValidTime,jdbcType=TIMESTAMP}, 
      #{closeType,jdbcType=SMALLINT}, #{closeReason,jdbcType=VARCHAR}, #{status,jdbcType=INTEGER}, 
      #{remark,jdbcType=VARCHAR}, #{sourceId,jdbcType=VARCHAR}, #{operator,jdbcType=VARCHAR}, 
      #{tradeType,jdbcType=SMALLINT}, #{payType,jdbcType=VARCHAR}, #{orderGroupId,jdbcType=VARCHAR}, 
      #{orderType,jdbcType=VARCHAR}, #{stageId,jdbcType=VARCHAR}, #{isLock,jdbcType=INTEGER}, 
      #{endTime,jdbcType=TIMESTAMP}, #{gmtCreate,jdbcType=TIMESTAMP}, #{gmtModified,jdbcType=TIMESTAMP}
      )
  </insert>
  <insert id="insertSelective" parameterType="com.wuage.order.entity.Order">
    insert into tc_order
    <trim prefix="(" suffix=")" suffixOverrides=",">
      <if test="id != null">
        id,
      </if>
      <if test="orderNo != null">
        order_no,
      </if>
      <if test="sellerUserId != null">
        seller_user_id,
      </if>
      <if test="sellerBizPhone != null">
        seller_biz_phone,
      </if>
      <if test="buyerUserId != null">
        buyer_user_id,
      </if>
      <if test="buyerBizPhone != null">
        buyer_biz_phone,
      </if>
      <if test="discount != null">
        discount,
      </if>
      <if test="sumProductPayment != null">
        sum_product_payment,
      </if>
      <if test="sumPayment != null">
        sum_payment,
      </if>
      <if test="additionalFee != null">
        additional_fee,
      </if>
      <if test="refundStatus != null">
        refund_status,
      </if>
      <if test="isDraft != null">
        is_draft,
      </if>
      <if test="isDelete != null">
        is_delete,
      </if>
      <if test="confirmedTime != null">
        confirmed_time,
      </if>
      <if test="confirmedValidTime != null">
        confirmed_valid_time,
      </if>
      <if test="closeType != null">
        close_type,
      </if>
      <if test="closeReason != null">
        close_reason,
      </if>
      <if test="status != null">
        status,
      </if>
      <if test="remark != null">
        remark,
      </if>
      <if test="sourceId != null">
        source_id,
      </if>
      <if test="operator != null">
        operator,
      </if>
      <if test="tradeType != null">
        trade_type,
      </if>
      <if test="payType != null">
        pay_type,
      </if>
      <if test="orderGroupId != null">
        order_group_id,
      </if>
      <if test="orderType != null">
        order_type,
      </if>
      <if test="stageId != null">
        stage_id,
      </if>
      <if test="isLock != null">
        is_lock,
      </if>
      <if test="endTime != null">
        end_time,
      </if>
      <if test="gmtCreate != null">
        gmt_create,
      </if>
      <if test="gmtModified != null">
        gmt_modified,
      </if>
    </trim>
    <trim prefix="values (" suffix=")" suffixOverrides=",">
      <if test="id != null">
        #{id,jdbcType=BIGINT},
      </if>
      <if test="orderNo != null">
        #{orderNo,jdbcType=VARCHAR},
      </if>
      <if test="sellerUserId != null">
        #{sellerUserId,jdbcType=VARCHAR},
      </if>
      <if test="sellerBizPhone != null">
        #{sellerBizPhone,jdbcType=VARCHAR},
      </if>
      <if test="buyerUserId != null">
        #{buyerUserId,jdbcType=VARCHAR},
      </if>
      <if test="buyerBizPhone != null">
        #{buyerBizPhone,jdbcType=VARCHAR},
      </if>
      <if test="discount != null">
        #{discount,jdbcType=BIGINT},
      </if>
      <if test="sumProductPayment != null">
        #{sumProductPayment,jdbcType=BIGINT},
      </if>
      <if test="sumPayment != null">
        #{sumPayment,jdbcType=BIGINT},
      </if>
      <if test="additionalFee != null">
        #{additionalFee,jdbcType=BIGINT},
      </if>
      <if test="refundStatus != null">
        #{refundStatus,jdbcType=INTEGER},
      </if>
      <if test="isDraft != null">
        #{isDraft,jdbcType=INTEGER},
      </if>
      <if test="isDelete != null">
        #{isDelete,jdbcType=INTEGER},
      </if>
      <if test="confirmedTime != null">
        #{confirmedTime,jdbcType=TIMESTAMP},
      </if>
      <if test="confirmedValidTime != null">
        #{confirmedValidTime,jdbcType=TIMESTAMP},
      </if>
      <if test="closeType != null">
        #{closeType,jdbcType=SMALLINT},
      </if>
      <if test="closeReason != null">
        #{closeReason,jdbcType=VARCHAR},
      </if>
      <if test="status != null">
        #{status,jdbcType=INTEGER},
      </if>
      <if test="remark != null">
        #{remark,jdbcType=VARCHAR},
      </if>
      <if test="sourceId != null">
        #{sourceId,jdbcType=VARCHAR},
      </if>
      <if test="operator != null">
        #{operator,jdbcType=VARCHAR},
      </if>
      <if test="tradeType != null">
        #{tradeType,jdbcType=SMALLINT},
      </if>
      <if test="payType != null">
        #{payType,jdbcType=VARCHAR},
      </if>
      <if test="orderGroupId != null">
        #{orderGroupId,jdbcType=VARCHAR},
      </if>
      <if test="orderType != null">
        #{orderType,jdbcType=VARCHAR},
      </if>
      <if test="stageId != null">
        #{stageId,jdbcType=VARCHAR},
      </if>
      <if test="isLock != null">
        #{isLock,jdbcType=INTEGER},
      </if>
      <if test="endTime != null">
        #{endTime,jdbcType=TIMESTAMP},
      </if>
      <if test="gmtCreate != null">
        #{gmtCreate,jdbcType=TIMESTAMP},
      </if>
      <if test="gmtModified != null">
        #{gmtModified,jdbcType=TIMESTAMP},
      </if>
    </trim>
  </insert>
  <select id="countByExample" parameterType="com.wuage.order.entity.OrderExample" resultType="java.lang.Long">
    select count(*) from tc_order
    <if test="_parameter != null">
      <include refid="Example_Where_Clause" />
    </if>
  </select>
  <update id="updateByExampleSelective" parameterType="map">
    update tc_order
    <set>
      <if test="record.id != null">
        id = #{record.id,jdbcType=BIGINT},
      </if>
      <if test="record.orderNo != null">
        order_no = #{record.orderNo,jdbcType=VARCHAR},
      </if>
      <if test="record.sellerUserId != null">
        seller_user_id = #{record.sellerUserId,jdbcType=VARCHAR},
      </if>
      <if test="record.sellerBizPhone != null">
        seller_biz_phone = #{record.sellerBizPhone,jdbcType=VARCHAR},
      </if>
      <if test="record.buyerUserId != null">
        buyer_user_id = #{record.buyerUserId,jdbcType=VARCHAR},
      </if>
      <if test="record.buyerBizPhone != null">
        buyer_biz_phone = #{record.buyerBizPhone,jdbcType=VARCHAR},
      </if>
      <if test="record.discount != null">
        discount = #{record.discount,jdbcType=BIGINT},
      </if>
      <if test="record.sumProductPayment != null">
        sum_product_payment = #{record.sumProductPayment,jdbcType=BIGINT},
      </if>
      <if test="record.sumPayment != null">
        sum_payment = #{record.sumPayment,jdbcType=BIGINT},
      </if>
      <if test="record.additionalFee != null">
        additional_fee = #{record.additionalFee,jdbcType=BIGINT},
      </if>
      <if test="record.refundStatus != null">
        refund_status = #{record.refundStatus,jdbcType=INTEGER},
      </if>
      <if test="record.isDraft != null">
        is_draft = #{record.isDraft,jdbcType=INTEGER},
      </if>
      <if test="record.isDelete != null">
        is_delete = #{record.isDelete,jdbcType=INTEGER},
      </if>
      <if test="record.confirmedTime != null">
        confirmed_time = #{record.confirmedTime,jdbcType=TIMESTAMP},
      </if>
      <if test="record.confirmedValidTime != null">
        confirmed_valid_time = #{record.confirmedValidTime,jdbcType=TIMESTAMP},
      </if>
      <if test="record.closeType != null">
        close_type = #{record.closeType,jdbcType=SMALLINT},
      </if>
      <if test="record.closeReason != null">
        close_reason = #{record.closeReason,jdbcType=VARCHAR},
      </if>
      <if test="record.status != null">
        status = #{record.status,jdbcType=INTEGER},
      </if>
      <if test="record.remark != null">
        remark = #{record.remark,jdbcType=VARCHAR},
      </if>
      <if test="record.sourceId != null">
        source_id = #{record.sourceId,jdbcType=VARCHAR},
      </if>
      <if test="record.operator != null">
        operator = #{record.operator,jdbcType=VARCHAR},
      </if>
      <if test="record.tradeType != null">
        trade_type = #{record.tradeType,jdbcType=SMALLINT},
      </if>
      <if test="record.payType != null">
        pay_type = #{record.payType,jdbcType=VARCHAR},
      </if>
      <if test="record.orderGroupId != null">
        order_group_id = #{record.orderGroupId,jdbcType=VARCHAR},
      </if>
      <if test="record.orderType != null">
        order_type = #{record.orderType,jdbcType=VARCHAR},
      </if>
      <if test="record.stageId != null">
        stage_id = #{record.stageId,jdbcType=VARCHAR},
      </if>
      <if test="record.isLock != null">
        is_lock = #{record.isLock,jdbcType=INTEGER},
      </if>
      <if test="record.endTime != null">
        end_time = #{record.endTime,jdbcType=TIMESTAMP},
      </if>
      <if test="record.gmtCreate != null">
        gmt_create = #{record.gmtCreate,jdbcType=TIMESTAMP},
      </if>
      <if test="record.gmtModified != null">
        gmt_modified = #{record.gmtModified,jdbcType=TIMESTAMP},
      </if>
    </set>
    <if test="_parameter != null">
      <include refid="Update_By_Example_Where_Clause" />
    </if>
  </update>
  <update id="updateByExample" parameterType="map">
    update tc_order
    set id = #{record.id,jdbcType=BIGINT},
      order_no = #{record.orderNo,jdbcType=VARCHAR},
      seller_user_id = #{record.sellerUserId,jdbcType=VARCHAR},
      seller_biz_phone = #{record.sellerBizPhone,jdbcType=VARCHAR},
      buyer_user_id = #{record.buyerUserId,jdbcType=VARCHAR},
      buyer_biz_phone = #{record.buyerBizPhone,jdbcType=VARCHAR},
      discount = #{record.discount,jdbcType=BIGINT},
      sum_product_payment = #{record.sumProductPayment,jdbcType=BIGINT},
      sum_payment = #{record.sumPayment,jdbcType=BIGINT},
      additional_fee = #{record.additionalFee,jdbcType=BIGINT},
      refund_status = #{record.refundStatus,jdbcType=INTEGER},
      is_draft = #{record.isDraft,jdbcType=INTEGER},
      is_delete = #{record.isDelete,jdbcType=INTEGER},
      confirmed_time = #{record.confirmedTime,jdbcType=TIMESTAMP},
      confirmed_valid_time = #{record.confirmedValidTime,jdbcType=TIMESTAMP},
      close_type = #{record.closeType,jdbcType=SMALLINT},
      close_reason = #{record.closeReason,jdbcType=VARCHAR},
      status = #{record.status,jdbcType=INTEGER},
      remark = #{record.remark,jdbcType=VARCHAR},
      source_id = #{record.sourceId,jdbcType=VARCHAR},
      operator = #{record.operator,jdbcType=VARCHAR},
      trade_type = #{record.tradeType,jdbcType=SMALLINT},
      pay_type = #{record.payType,jdbcType=VARCHAR},
      order_group_id = #{record.orderGroupId,jdbcType=VARCHAR},
      order_type = #{record.orderType,jdbcType=VARCHAR},
      stage_id = #{record.stageId,jdbcType=VARCHAR},
      is_lock = #{record.isLock,jdbcType=INTEGER},
      end_time = #{record.endTime,jdbcType=TIMESTAMP},
      gmt_create = #{record.gmtCreate,jdbcType=TIMESTAMP},
      gmt_modified = #{record.gmtModified,jdbcType=TIMESTAMP}
    <if test="_parameter != null">
      <include refid="Update_By_Example_Where_Clause" />
    </if>
  </update>
  <update id="updateByPrimaryKeySelective" parameterType="com.wuage.order.entity.Order">
    update tc_order
    <set>
      <if test="orderNo != null">
        order_no = #{orderNo,jdbcType=VARCHAR},
      </if>
      <if test="sellerUserId != null">
        seller_user_id = #{sellerUserId,jdbcType=VARCHAR},
      </if>
      <if test="sellerBizPhone != null">
        seller_biz_phone = #{sellerBizPhone,jdbcType=VARCHAR},
      </if>
      <if test="buyerUserId != null">
        buyer_user_id = #{buyerUserId,jdbcType=VARCHAR},
      </if>
      <if test="buyerBizPhone != null">
        buyer_biz_phone = #{buyerBizPhone,jdbcType=VARCHAR},
      </if>
      <if test="discount != null">
        discount = #{discount,jdbcType=BIGINT},
      </if>
      <if test="sumProductPayment != null">
        sum_product_payment = #{sumProductPayment,jdbcType=BIGINT},
      </if>
      <if test="sumPayment != null">
        sum_payment = #{sumPayment,jdbcType=BIGINT},
      </if>
      <if test="additionalFee != null">
        additional_fee = #{additionalFee,jdbcType=BIGINT},
      </if>
      <if test="refundStatus != null">
        refund_status = #{refundStatus,jdbcType=INTEGER},
      </if>
      <if test="isDraft != null">
        is_draft = #{isDraft,jdbcType=INTEGER},
      </if>
      <if test="isDelete != null">
        is_delete = #{isDelete,jdbcType=INTEGER},
      </if>
      <if test="confirmedTime != null">
        confirmed_time = #{confirmedTime,jdbcType=TIMESTAMP},
      </if>
      <if test="confirmedValidTime != null">
        confirmed_valid_time = #{confirmedValidTime,jdbcType=TIMESTAMP},
      </if>
      <if test="closeType != null">
        close_type = #{closeType,jdbcType=SMALLINT},
      </if>
      <if test="closeReason != null">
        close_reason = #{closeReason,jdbcType=VARCHAR},
      </if>
      <if test="status != null">
        status = #{status,jdbcType=INTEGER},
      </if>
      <if test="remark != null">
        remark = #{remark,jdbcType=VARCHAR},
      </if>
      <if test="sourceId != null">
        source_id = #{sourceId,jdbcType=VARCHAR},
      </if>
      <if test="operator != null">
        operator = #{operator,jdbcType=VARCHAR},
      </if>
      <if test="tradeType != null">
        trade_type = #{tradeType,jdbcType=SMALLINT},
      </if>
      <if test="payType != null">
        pay_type = #{payType,jdbcType=VARCHAR},
      </if>
      <if test="orderGroupId != null">
        order_group_id = #{orderGroupId,jdbcType=VARCHAR},
      </if>
      <if test="orderType != null">
        order_type = #{orderType,jdbcType=VARCHAR},
      </if>
      <if test="stageId != null">
        stage_id = #{stageId,jdbcType=VARCHAR},
      </if>
      <if test="isLock != null">
        is_lock = #{isLock,jdbcType=INTEGER},
      </if>
      <if test="endTime != null">
        end_time = #{endTime,jdbcType=TIMESTAMP},
      </if>
      <if test="gmtCreate != null">
        gmt_create = #{gmtCreate,jdbcType=TIMESTAMP},
      </if>
      <if test="gmtModified != null">
        gmt_modified = #{gmtModified,jdbcType=TIMESTAMP},
      </if>
    </set>
    where id = #{id,jdbcType=BIGINT}
  </update>
  <update id="updateByPrimaryKey" parameterType="com.wuage.order.entity.Order">
    update tc_order
    set order_no = #{orderNo,jdbcType=VARCHAR},
      seller_user_id = #{sellerUserId,jdbcType=VARCHAR},
      seller_biz_phone = #{sellerBizPhone,jdbcType=VARCHAR},
      buyer_user_id = #{buyerUserId,jdbcType=VARCHAR},
      buyer_biz_phone = #{buyerBizPhone,jdbcType=VARCHAR},
      discount = #{discount,jdbcType=BIGINT},
      sum_product_payment = #{sumProductPayment,jdbcType=BIGINT},
      sum_payment = #{sumPayment,jdbcType=BIGINT},
      additional_fee = #{additionalFee,jdbcType=BIGINT},
      refund_status = #{refundStatus,jdbcType=INTEGER},
      is_draft = #{isDraft,jdbcType=INTEGER},
      is_delete = #{isDelete,jdbcType=INTEGER},
      confirmed_time = #{confirmedTime,jdbcType=TIMESTAMP},
      confirmed_valid_time = #{confirmedValidTime,jdbcType=TIMESTAMP},
      close_type = #{closeType,jdbcType=SMALLINT},
      close_reason = #{closeReason,jdbcType=VARCHAR},
      status = #{status,jdbcType=INTEGER},
      remark = #{remark,jdbcType=VARCHAR},
      source_id = #{sourceId,jdbcType=VARCHAR},
      operator = #{operator,jdbcType=VARCHAR},
      trade_type = #{tradeType,jdbcType=SMALLINT},
      pay_type = #{payType,jdbcType=VARCHAR},
      order_group_id = #{orderGroupId,jdbcType=VARCHAR},
      order_type = #{orderType,jdbcType=VARCHAR},
      stage_id = #{stageId,jdbcType=VARCHAR},
      is_lock = #{isLock,jdbcType=INTEGER},
      end_time = #{endTime,jdbcType=TIMESTAMP},
      gmt_create = #{gmtCreate,jdbcType=TIMESTAMP},
      gmt_modified = #{gmtModified,jdbcType=TIMESTAMP}
    where id = #{id,jdbcType=BIGINT}
  </update>
  <resultMap id="BaseResultMap" type="com.wuage.order.entity.Order">
    <id column="id" jdbcType="BIGINT" property="id" />
    <result column="order_no" jdbcType="VARCHAR" property="orderNo" />
    <result column="seller_user_id" jdbcType="VARCHAR" property="sellerUserId" />
    <result column="seller_biz_phone" jdbcType="VARCHAR" property="sellerBizPhone" />
    <result column="buyer_user_id" jdbcType="VARCHAR" property="buyerUserId" />
    <result column="buyer_biz_phone" jdbcType="VARCHAR" property="buyerBizPhone" />
    <result column="discount" jdbcType="BIGINT" property="discount" />
    <result column="sum_product_payment" jdbcType="BIGINT" property="sumProductPayment" />
    <result column="sum_payment" jdbcType="BIGINT" property="sumPayment" />
    <result column="additional_fee" jdbcType="BIGINT" property="additionalFee" />
    <result column="refund_status" jdbcType="INTEGER" property="refundStatus" />
    <result column="is_draft" jdbcType="INTEGER" property="isDraft" />
    <result column="is_delete" jdbcType="INTEGER" property="isDelete" />
    <result column="confirmed_time" jdbcType="TIMESTAMP" property="confirmedTime" />
    <result column="confirmed_valid_time" jdbcType="TIMESTAMP" property="confirmedValidTime" />
    <result column="close_type" jdbcType="SMALLINT" property="closeType" />
    <result column="close_reason" jdbcType="VARCHAR" property="closeReason" />
    <result column="status" jdbcType="INTEGER" property="status" />
    <result column="remark" jdbcType="VARCHAR" property="remark" />
    <result column="source_id" jdbcType="VARCHAR" property="sourceId" />
    <result column="operator" jdbcType="VARCHAR" property="operator" />
    <result column="trade_type" jdbcType="SMALLINT" property="tradeType" />
    <result column="pay_type" jdbcType="VARCHAR" property="payType" />
    <result column="order_group_id" jdbcType="VARCHAR" property="orderGroupId" />
    <result column="order_type" jdbcType="VARCHAR" property="orderType" />
    <result column="stage_id" jdbcType="VARCHAR" property="stageId" />
    <result column="is_lock" jdbcType="INTEGER" property="isLock" />
    <result column="end_time" jdbcType="TIMESTAMP" property="endTime" />
    <result column="gmt_create" jdbcType="TIMESTAMP" property="gmtCreate" />
    <result column="gmt_modified" jdbcType="TIMESTAMP" property="gmtModified" />
  </resultMap>
  <sql id="Example_Where_Clause">
    <where>
      <foreach collection="oredCriteria" item="criteria" separator="or">
        <if test="criteria.valid">
          <trim prefix="(" prefixOverrides="and" suffix=")">
            <foreach collection="criteria.criteria" item="criterion">
              <choose>
                <when test="criterion.noValue">
                  and ${criterion.condition}
                </when>
                <when test="criterion.singleValue">
                  and ${criterion.condition} #{criterion.value}
                </when>
                <when test="criterion.betweenValue">
                  and ${criterion.condition} #{criterion.value} and #{criterion.secondValue}
                </when>
                <when test="criterion.listValue">
                  and ${criterion.condition}
                  <foreach close=")" collection="criterion.value" item="listItem" open="(" separator=",">
                    #{listItem}
                  </foreach>
                </when>
              </choose>
            </foreach>
          </trim>
        </if>
      </foreach>
    </where>
  </sql>
  <sql id="Update_By_Example_Where_Clause">
    <where>
      <foreach collection="example.oredCriteria" item="criteria" separator="or">
        <if test="criteria.valid">
          <trim prefix="(" prefixOverrides="and" suffix=")">
            <foreach collection="criteria.criteria" item="criterion">
              <choose>
                <when test="criterion.noValue">
                  and ${criterion.condition}
                </when>
                <when test="criterion.singleValue">
                  and ${criterion.condition} #{criterion.value}
                </when>
                <when test="criterion.betweenValue">
                  and ${criterion.condition} #{criterion.value} and #{criterion.secondValue}
                </when>
                <when test="criterion.listValue">
                  and ${criterion.condition}
                  <foreach close=")" collection="criterion.value" item="listItem" open="(" separator=",">
                    #{listItem}
                  </foreach>
                </when>
              </choose>
            </foreach>
          </trim>
        </if>
      </foreach>
    </where>
  </sql>
  <sql id="Base_Column_List">
    id, order_no, seller_user_id, seller_biz_phone, buyer_user_id, buyer_biz_phone, discount, 
    sum_product_payment, sum_payment, additional_fee, refund_status, is_draft, is_delete, 
    confirmed_time, confirmed_valid_time, close_type, close_reason, status, remark, source_id, 
    operator, trade_type, pay_type, order_group_id, order_type, stage_id, is_lock, end_time, 
    gmt_create, gmt_modified
  </sql>
  <select id="selectByExample" parameterType="com.wuage.order.entity.OrderExample" resultMap="BaseResultMap">
    select
    <if test="distinct">
      distinct
    </if>
    <include refid="Base_Column_List" />
    from tc_order
    <if test="_parameter != null">
      <include refid="Example_Where_Clause" />
    </if>
    <if test="orderByClause != null">
      order by ${orderByClause}
    </if>
    <if test="limitStart &gt;= 0">
       limit ${limitStart} , ${pageSize}
    </if>
  </select>
  <select id="selectByPrimaryKey" parameterType="java.lang.Long" resultMap="BaseResultMap">
    select 
    <include refid="Base_Column_List" />
    from tc_order
    where id = #{id,jdbcType=BIGINT}
  </select>
  <delete id="deleteByPrimaryKey" parameterType="java.lang.Long">
    delete from tc_order
    where id = #{id,jdbcType=BIGINT}
  </delete>
  <delete id="deleteByExample" parameterType="com.wuage.order.entity.OrderExample">
    delete from tc_order
    <if test="_parameter != null">
      <include refid="Example_Where_Clause" />
    </if>
  </delete>
  <insert id="insert" parameterType="com.wuage.order.entity.Order">
    insert into tc_order (id, order_no, seller_user_id, 
      seller_biz_phone, buyer_user_id, buyer_biz_phone, 
      discount, sum_product_payment, sum_payment, 
      additional_fee, refund_status, is_draft, 
      is_delete, confirmed_time, confirmed_valid_time, 
      close_type, close_reason, status, 
      remark, source_id, operator, 
      trade_type, pay_type, order_group_id, 
      order_type, stage_id, is_lock, 
      end_time, gmt_create, gmt_modified
      )
    values (#{id,jdbcType=BIGINT}, #{orderNo,jdbcType=VARCHAR}, #{sellerUserId,jdbcType=VARCHAR}, 
      #{sellerBizPhone,jdbcType=VARCHAR}, #{buyerUserId,jdbcType=VARCHAR}, #{buyerBizPhone,jdbcType=VARCHAR}, 
      #{discount,jdbcType=BIGINT}, #{sumProductPayment,jdbcType=BIGINT}, #{sumPayment,jdbcType=BIGINT}, 
      #{additionalFee,jdbcType=BIGINT}, #{refundStatus,jdbcType=INTEGER}, #{isDraft,jdbcType=INTEGER}, 
      #{isDelete,jdbcType=INTEGER}, #{confirmedTime,jdbcType=TIMESTAMP}, #{confirmedValidTime,jdbcType=TIMESTAMP}, 
      #{closeType,jdbcType=SMALLINT}, #{closeReason,jdbcType=VARCHAR}, #{status,jdbcType=INTEGER}, 
      #{remark,jdbcType=VARCHAR}, #{sourceId,jdbcType=VARCHAR}, #{operator,jdbcType=VARCHAR}, 
      #{tradeType,jdbcType=SMALLINT}, #{payType,jdbcType=VARCHAR}, #{orderGroupId,jdbcType=VARCHAR}, 
      #{orderType,jdbcType=VARCHAR}, #{stageId,jdbcType=VARCHAR}, #{isLock,jdbcType=INTEGER}, 
      #{endTime,jdbcType=TIMESTAMP}, #{gmtCreate,jdbcType=TIMESTAMP}, #{gmtModified,jdbcType=TIMESTAMP}
      )
  </insert>
  <insert id="insertSelective" parameterType="com.wuage.order.entity.Order">
    insert into tc_order
    <trim prefix="(" suffix=")" suffixOverrides=",">
      <if test="id != null">
        id,
      </if>
      <if test="orderNo != null">
        order_no,
      </if>
      <if test="sellerUserId != null">
        seller_user_id,
      </if>
      <if test="sellerBizPhone != null">
        seller_biz_phone,
      </if>
      <if test="buyerUserId != null">
        buyer_user_id,
      </if>
      <if test="buyerBizPhone != null">
        buyer_biz_phone,
      </if>
      <if test="discount != null">
        discount,
      </if>
      <if test="sumProductPayment != null">
        sum_product_payment,
      </if>
      <if test="sumPayment != null">
        sum_payment,
      </if>
      <if test="additionalFee != null">
        additional_fee,
      </if>
      <if test="refundStatus != null">
        refund_status,
      </if>
      <if test="isDraft != null">
        is_draft,
      </if>
      <if test="isDelete != null">
        is_delete,
      </if>
      <if test="confirmedTime != null">
        confirmed_time,
      </if>
      <if test="confirmedValidTime != null">
        confirmed_valid_time,
      </if>
      <if test="closeType != null">
        close_type,
      </if>
      <if test="closeReason != null">
        close_reason,
      </if>
      <if test="status != null">
        status,
      </if>
      <if test="remark != null">
        remark,
      </if>
      <if test="sourceId != null">
        source_id,
      </if>
      <if test="operator != null">
        operator,
      </if>
      <if test="tradeType != null">
        trade_type,
      </if>
      <if test="payType != null">
        pay_type,
      </if>
      <if test="orderGroupId != null">
        order_group_id,
      </if>
      <if test="orderType != null">
        order_type,
      </if>
      <if test="stageId != null">
        stage_id,
      </if>
      <if test="isLock != null">
        is_lock,
      </if>
      <if test="endTime != null">
        end_time,
      </if>
      <if test="gmtCreate != null">
        gmt_create,
      </if>
      <if test="gmtModified != null">
        gmt_modified,
      </if>
    </trim>
    <trim prefix="values (" suffix=")" suffixOverrides=",">
      <if test="id != null">
        #{id,jdbcType=BIGINT},
      </if>
      <if test="orderNo != null">
        #{orderNo,jdbcType=VARCHAR},
      </if>
      <if test="sellerUserId != null">
        #{sellerUserId,jdbcType=VARCHAR},
      </if>
      <if test="sellerBizPhone != null">
        #{sellerBizPhone,jdbcType=VARCHAR},
      </if>
      <if test="buyerUserId != null">
        #{buyerUserId,jdbcType=VARCHAR},
      </if>
      <if test="buyerBizPhone != null">
        #{buyerBizPhone,jdbcType=VARCHAR},
      </if>
      <if test="discount != null">
        #{discount,jdbcType=BIGINT},
      </if>
      <if test="sumProductPayment != null">
        #{sumProductPayment,jdbcType=BIGINT},
      </if>
      <if test="sumPayment != null">
        #{sumPayment,jdbcType=BIGINT},
      </if>
      <if test="additionalFee != null">
        #{additionalFee,jdbcType=BIGINT},
      </if>
      <if test="refundStatus != null">
        #{refundStatus,jdbcType=INTEGER},
      </if>
      <if test="isDraft != null">
        #{isDraft,jdbcType=INTEGER},
      </if>
      <if test="isDelete != null">
        #{isDelete,jdbcType=INTEGER},
      </if>
      <if test="confirmedTime != null">
        #{confirmedTime,jdbcType=TIMESTAMP},
      </if>
      <if test="confirmedValidTime != null">
        #{confirmedValidTime,jdbcType=TIMESTAMP},
      </if>
      <if test="closeType != null">
        #{closeType,jdbcType=SMALLINT},
      </if>
      <if test="closeReason != null">
        #{closeReason,jdbcType=VARCHAR},
      </if>
      <if test="status != null">
        #{status,jdbcType=INTEGER},
      </if>
      <if test="remark != null">
        #{remark,jdbcType=VARCHAR},
      </if>
      <if test="sourceId != null">
        #{sourceId,jdbcType=VARCHAR},
      </if>
      <if test="operator != null">
        #{operator,jdbcType=VARCHAR},
      </if>
      <if test="tradeType != null">
        #{tradeType,jdbcType=SMALLINT},
      </if>
      <if test="payType != null">
        #{payType,jdbcType=VARCHAR},
      </if>
      <if test="orderGroupId != null">
        #{orderGroupId,jdbcType=VARCHAR},
      </if>
      <if test="orderType != null">
        #{orderType,jdbcType=VARCHAR},
      </if>
      <if test="stageId != null">
        #{stageId,jdbcType=VARCHAR},
      </if>
      <if test="isLock != null">
        #{isLock,jdbcType=INTEGER},
      </if>
      <if test="endTime != null">
        #{endTime,jdbcType=TIMESTAMP},
      </if>
      <if test="gmtCreate != null">
        #{gmtCreate,jdbcType=TIMESTAMP},
      </if>
      <if test="gmtModified != null">
        #{gmtModified,jdbcType=TIMESTAMP},
      </if>
    </trim>
  </insert>
  <select id="countByExample" parameterType="com.wuage.order.entity.OrderExample" resultType="java.lang.Long">
    select count(*) from tc_order
    <if test="_parameter != null">
      <include refid="Example_Where_Clause" />
    </if>
  </select>
  <update id="updateByExampleSelective" parameterType="map">
    update tc_order
    <set>
      <if test="record.id != null">
        id = #{record.id,jdbcType=BIGINT},
      </if>
      <if test="record.orderNo != null">
        order_no = #{record.orderNo,jdbcType=VARCHAR},
      </if>
      <if test="record.sellerUserId != null">
        seller_user_id = #{record.sellerUserId,jdbcType=VARCHAR},
      </if>
      <if test="record.sellerBizPhone != null">
        seller_biz_phone = #{record.sellerBizPhone,jdbcType=VARCHAR},
      </if>
      <if test="record.buyerUserId != null">
        buyer_user_id = #{record.buyerUserId,jdbcType=VARCHAR},
      </if>
      <if test="record.buyerBizPhone != null">
        buyer_biz_phone = #{record.buyerBizPhone,jdbcType=VARCHAR},
      </if>
      <if test="record.discount != null">
        discount = #{record.discount,jdbcType=BIGINT},
      </if>
      <if test="record.sumProductPayment != null">
        sum_product_payment = #{record.sumProductPayment,jdbcType=BIGINT},
      </if>
      <if test="record.sumPayment != null">
        sum_payment = #{record.sumPayment,jdbcType=BIGINT},
      </if>
      <if test="record.additionalFee != null">
        additional_fee = #{record.additionalFee,jdbcType=BIGINT},
      </if>
      <if test="record.refundStatus != null">
        refund_status = #{record.refundStatus,jdbcType=INTEGER},
      </if>
      <if test="record.isDraft != null">
        is_draft = #{record.isDraft,jdbcType=INTEGER},
      </if>
      <if test="record.isDelete != null">
        is_delete = #{record.isDelete,jdbcType=INTEGER},
      </if>
      <if test="record.confirmedTime != null">
        confirmed_time = #{record.confirmedTime,jdbcType=TIMESTAMP},
      </if>
      <if test="record.confirmedValidTime != null">
        confirmed_valid_time = #{record.confirmedValidTime,jdbcType=TIMESTAMP},
      </if>
      <if test="record.closeType != null">
        close_type = #{record.closeType,jdbcType=SMALLINT},
      </if>
      <if test="record.closeReason != null">
        close_reason = #{record.closeReason,jdbcType=VARCHAR},
      </if>
      <if test="record.status != null">
        status = #{record.status,jdbcType=INTEGER},
      </if>
      <if test="record.remark != null">
        remark = #{record.remark,jdbcType=VARCHAR},
      </if>
      <if test="record.sourceId != null">
        source_id = #{record.sourceId,jdbcType=VARCHAR},
      </if>
      <if test="record.operator != null">
        operator = #{record.operator,jdbcType=VARCHAR},
      </if>
      <if test="record.tradeType != null">
        trade_type = #{record.tradeType,jdbcType=SMALLINT},
      </if>
      <if test="record.payType != null">
        pay_type = #{record.payType,jdbcType=VARCHAR},
      </if>
      <if test="record.orderGroupId != null">
        order_group_id = #{record.orderGroupId,jdbcType=VARCHAR},
      </if>
      <if test="record.orderType != null">
        order_type = #{record.orderType,jdbcType=VARCHAR},
      </if>
      <if test="record.stageId != null">
        stage_id = #{record.stageId,jdbcType=VARCHAR},
      </if>
      <if test="record.isLock != null">
        is_lock = #{record.isLock,jdbcType=INTEGER},
      </if>
      <if test="record.endTime != null">
        end_time = #{record.endTime,jdbcType=TIMESTAMP},
      </if>
      <if test="record.gmtCreate != null">
        gmt_create = #{record.gmtCreate,jdbcType=TIMESTAMP},
      </if>
      <if test="record.gmtModified != null">
        gmt_modified = #{record.gmtModified,jdbcType=TIMESTAMP},
      </if>
    </set>
    <if test="_parameter != null">
      <include refid="Update_By_Example_Where_Clause" />
    </if>
  </update>
  <update id="updateByExample" parameterType="map">
    update tc_order
    set id = #{record.id,jdbcType=BIGINT},
      order_no = #{record.orderNo,jdbcType=VARCHAR},
      seller_user_id = #{record.sellerUserId,jdbcType=VARCHAR},
      seller_biz_phone = #{record.sellerBizPhone,jdbcType=VARCHAR},
      buyer_user_id = #{record.buyerUserId,jdbcType=VARCHAR},
      buyer_biz_phone = #{record.buyerBizPhone,jdbcType=VARCHAR},
      discount = #{record.discount,jdbcType=BIGINT},
      sum_product_payment = #{record.sumProductPayment,jdbcType=BIGINT},
      sum_payment = #{record.sumPayment,jdbcType=BIGINT},
      additional_fee = #{record.additionalFee,jdbcType=BIGINT},
      refund_status = #{record.refundStatus,jdbcType=INTEGER},
      is_draft = #{record.isDraft,jdbcType=INTEGER},
      is_delete = #{record.isDelete,jdbcType=INTEGER},
      confirmed_time = #{record.confirmedTime,jdbcType=TIMESTAMP},
      confirmed_valid_time = #{record.confirmedValidTime,jdbcType=TIMESTAMP},
      close_type = #{record.closeType,jdbcType=SMALLINT},
      close_reason = #{record.closeReason,jdbcType=VARCHAR},
      status = #{record.status,jdbcType=INTEGER},
      remark = #{record.remark,jdbcType=VARCHAR},
      source_id = #{record.sourceId,jdbcType=VARCHAR},
      operator = #{record.operator,jdbcType=VARCHAR},
      trade_type = #{record.tradeType,jdbcType=SMALLINT},
      pay_type = #{record.payType,jdbcType=VARCHAR},
      order_group_id = #{record.orderGroupId,jdbcType=VARCHAR},
      order_type = #{record.orderType,jdbcType=VARCHAR},
      stage_id = #{record.stageId,jdbcType=VARCHAR},
      is_lock = #{record.isLock,jdbcType=INTEGER},
      end_time = #{record.endTime,jdbcType=TIMESTAMP},
      gmt_create = #{record.gmtCreate,jdbcType=TIMESTAMP},
      gmt_modified = #{record.gmtModified,jdbcType=TIMESTAMP}
    <if test="_parameter != null">
      <include refid="Update_By_Example_Where_Clause" />
    </if>
  </update>
  <update id="updateByPrimaryKeySelective" parameterType="com.wuage.order.entity.Order">
    update tc_order
    <set>
      <if test="orderNo != null">
        order_no = #{orderNo,jdbcType=VARCHAR},
      </if>
      <if test="sellerUserId != null">
        seller_user_id = #{sellerUserId,jdbcType=VARCHAR},
      </if>
      <if test="sellerBizPhone != null">
        seller_biz_phone = #{sellerBizPhone,jdbcType=VARCHAR},
      </if>
      <if test="buyerUserId != null">
        buyer_user_id = #{buyerUserId,jdbcType=VARCHAR},
      </if>
      <if test="buyerBizPhone != null">
        buyer_biz_phone = #{buyerBizPhone,jdbcType=VARCHAR},
      </if>
      <if test="discount != null">
        discount = #{discount,jdbcType=BIGINT},
      </if>
      <if test="sumProductPayment != null">
        sum_product_payment = #{sumProductPayment,jdbcType=BIGINT},
      </if>
      <if test="sumPayment != null">
        sum_payment = #{sumPayment,jdbcType=BIGINT},
      </if>
      <if test="additionalFee != null">
        additional_fee = #{additionalFee,jdbcType=BIGINT},
      </if>
      <if test="refundStatus != null">
        refund_status = #{refundStatus,jdbcType=INTEGER},
      </if>
      <if test="isDraft != null">
        is_draft = #{isDraft,jdbcType=INTEGER},
      </if>
      <if test="isDelete != null">
        is_delete = #{isDelete,jdbcType=INTEGER},
      </if>
      <if test="confirmedTime != null">
        confirmed_time = #{confirmedTime,jdbcType=TIMESTAMP},
      </if>
      <if test="confirmedValidTime != null">
        confirmed_valid_time = #{confirmedValidTime,jdbcType=TIMESTAMP},
      </if>
      <if test="closeType != null">
        close_type = #{closeType,jdbcType=SMALLINT},
      </if>
      <if test="closeReason != null">
        close_reason = #{closeReason,jdbcType=VARCHAR},
      </if>
      <if test="status != null">
        status = #{status,jdbcType=INTEGER},
      </if>
      <if test="remark != null">
        remark = #{remark,jdbcType=VARCHAR},
      </if>
      <if test="sourceId != null">
        source_id = #{sourceId,jdbcType=VARCHAR},
      </if>
      <if test="operator != null">
        operator = #{operator,jdbcType=VARCHAR},
      </if>
      <if test="tradeType != null">
        trade_type = #{tradeType,jdbcType=SMALLINT},
      </if>
      <if test="payType != null">
        pay_type = #{payType,jdbcType=VARCHAR},
      </if>
      <if test="orderGroupId != null">
        order_group_id = #{orderGroupId,jdbcType=VARCHAR},
      </if>
      <if test="orderType != null">
        order_type = #{orderType,jdbcType=VARCHAR},
      </if>
      <if test="stageId != null">
        stage_id = #{stageId,jdbcType=VARCHAR},
      </if>
      <if test="isLock != null">
        is_lock = #{isLock,jdbcType=INTEGER},
      </if>
      <if test="endTime != null">
        end_time = #{endTime,jdbcType=TIMESTAMP},
      </if>
      <if test="gmtCreate != null">
        gmt_create = #{gmtCreate,jdbcType=TIMESTAMP},
      </if>
      <if test="gmtModified != null">
        gmt_modified = #{gmtModified,jdbcType=TIMESTAMP},
      </if>
    </set>
    where id = #{id,jdbcType=BIGINT}
  </update>
  <update id="updateByPrimaryKey" parameterType="com.wuage.order.entity.Order">
    update tc_order
    set order_no = #{orderNo,jdbcType=VARCHAR},
      seller_user_id = #{sellerUserId,jdbcType=VARCHAR},
      seller_biz_phone = #{sellerBizPhone,jdbcType=VARCHAR},
      buyer_user_id = #{buyerUserId,jdbcType=VARCHAR},
      buyer_biz_phone = #{buyerBizPhone,jdbcType=VARCHAR},
      discount = #{discount,jdbcType=BIGINT},
      sum_product_payment = #{sumProductPayment,jdbcType=BIGINT},
      sum_payment = #{sumPayment,jdbcType=BIGINT},
      additional_fee = #{additionalFee,jdbcType=BIGINT},
      refund_status = #{refundStatus,jdbcType=INTEGER},
      is_draft = #{isDraft,jdbcType=INTEGER},
      is_delete = #{isDelete,jdbcType=INTEGER},
      confirmed_time = #{confirmedTime,jdbcType=TIMESTAMP},
      confirmed_valid_time = #{confirmedValidTime,jdbcType=TIMESTAMP},
      close_type = #{closeType,jdbcType=SMALLINT},
      close_reason = #{closeReason,jdbcType=VARCHAR},
      status = #{status,jdbcType=INTEGER},
      remark = #{remark,jdbcType=VARCHAR},
      source_id = #{sourceId,jdbcType=VARCHAR},
      operator = #{operator,jdbcType=VARCHAR},
      trade_type = #{tradeType,jdbcType=SMALLINT},
      pay_type = #{payType,jdbcType=VARCHAR},
      order_group_id = #{orderGroupId,jdbcType=VARCHAR},
      order_type = #{orderType,jdbcType=VARCHAR},
      stage_id = #{stageId,jdbcType=VARCHAR},
      is_lock = #{isLock,jdbcType=INTEGER},
      end_time = #{endTime,jdbcType=TIMESTAMP},
      gmt_create = #{gmtCreate,jdbcType=TIMESTAMP},
      gmt_modified = #{gmtModified,jdbcType=TIMESTAMP}
    where id = #{id,jdbcType=BIGINT}
  </update>
  <resultMap id="BaseResultMap" type="com.wuage.order.entity.Order">
    <id column="id" jdbcType="BIGINT" property="id" />
    <result column="order_no" jdbcType="VARCHAR" property="orderNo" />
    <result column="seller_user_id" jdbcType="VARCHAR" property="sellerUserId" />
    <result column="seller_biz_phone" jdbcType="VARCHAR" property="sellerBizPhone" />
    <result column="buyer_user_id" jdbcType="VARCHAR" property="buyerUserId" />
    <result column="buyer_biz_phone" jdbcType="VARCHAR" property="buyerBizPhone" />
    <result column="discount" jdbcType="BIGINT" property="discount" />
    <result column="sum_product_payment" jdbcType="BIGINT" property="sumProductPayment" />
    <result column="sum_payment" jdbcType="BIGINT" property="sumPayment" />
    <result column="additional_fee" jdbcType="BIGINT" property="additionalFee" />
    <result column="refund_status" jdbcType="INTEGER" property="refundStatus" />
    <result column="is_draft" jdbcType="INTEGER" property="isDraft" />
    <result column="is_delete" jdbcType="INTEGER" property="isDelete" />
    <result column="confirmed_valid_time" jdbcType="TIMESTAMP" property="confirmedValidTime" />
    <result column="close_type" jdbcType="SMALLINT" property="closeType" />
    <result column="close_reason" jdbcType="VARCHAR" property="closeReason" />
    <result column="status" jdbcType="INTEGER" property="status" />
    <result column="remark" jdbcType="VARCHAR" property="remark" />
    <result column="source_id" jdbcType="VARCHAR" property="sourceId" />
    <result column="operator" jdbcType="VARCHAR" property="operator" />
    <result column="trade_type" jdbcType="SMALLINT" property="tradeType" />
    <result column="pay_type" jdbcType="VARCHAR" property="payType" />
    <result column="order_group_id" jdbcType="VARCHAR" property="orderGroupId" />
    <result column="order_type" jdbcType="VARCHAR" property="orderType" />
    <result column="stage_id" jdbcType="VARCHAR" property="stageId" />
    <result column="is_lock" jdbcType="INTEGER" property="isLock" />
    <result column="gmt_create" jdbcType="TIMESTAMP" property="gmtCreate" />
    <result column="gmt_modified" jdbcType="TIMESTAMP" property="gmtModified" />
  </resultMap>
  <sql id="Example_Where_Clause">
    <where>
      <foreach collection="oredCriteria" item="criteria" separator="or">
        <if test="criteria.valid">
          <trim prefix="(" prefixOverrides="and" suffix=")">
            <foreach collection="criteria.criteria" item="criterion">
              <choose>
                <when test="criterion.noValue">
                  and ${criterion.condition}
                </when>
                <when test="criterion.singleValue">
                  and ${criterion.condition} #{criterion.value}
                </when>
                <when test="criterion.betweenValue">
                  and ${criterion.condition} #{criterion.value} and #{criterion.secondValue}
                </when>
                <when test="criterion.listValue">
                  and ${criterion.condition}
                  <foreach close=")" collection="criterion.value" item="listItem" open="(" separator=",">
                    #{listItem}
                  </foreach>
                </when>
              </choose>
            </foreach>
          </trim>
        </if>
      </foreach>
    </where>
  </sql>
  <sql id="Update_By_Example_Where_Clause">
    <where>
      <foreach collection="example.oredCriteria" item="criteria" separator="or">
        <if test="criteria.valid">
          <trim prefix="(" prefixOverrides="and" suffix=")">
            <foreach collection="criteria.criteria" item="criterion">
              <choose>
                <when test="criterion.noValue">
                  and ${criterion.condition}
                </when>
                <when test="criterion.singleValue">
                  and ${criterion.condition} #{criterion.value}
                </when>
                <when test="criterion.betweenValue">
                  and ${criterion.condition} #{criterion.value} and #{criterion.secondValue}
                </when>
                <when test="criterion.listValue">
                  and ${criterion.condition}
                  <foreach close=")" collection="criterion.value" item="listItem" open="(" separator=",">
                    #{listItem}
                  </foreach>
                </when>
              </choose>
            </foreach>
          </trim>
        </if>
      </foreach>
    </where>
  </sql>
  <sql id="Base_Column_List">
    id, order_no, seller_user_id, seller_biz_phone, buyer_user_id, buyer_biz_phone, discount, 
    sum_product_payment, sum_payment, additional_fee, refund_status, is_draft, is_delete, 
    confirmed_valid_time, close_type, close_reason, status, remark, source_id, operator, 
    trade_type, pay_type, order_group_id, order_type, stage_id, is_lock, gmt_create, 
    gmt_modified
  </sql>
  <select id="selectByExample" parameterType="com.wuage.order.entity.OrderExample" resultMap="BaseResultMap">
    select
    <if test="distinct">
      distinct
    </if>
    <include refid="Base_Column_List" />
    from tc_order
    <if test="_parameter != null">
      <include refid="Example_Where_Clause" />
    </if>
    <if test="orderByClause != null">
      order by ${orderByClause}
    </if>
    <if test="limitStart &gt;= 0">
       limit ${limitStart} , ${pageSize}
    </if>
  </select>
  <select id="selectByPrimaryKey" parameterType="java.lang.Long" resultMap="BaseResultMap">
    select 
    <include refid="Base_Column_List" />
    from tc_order
    where id = #{id,jdbcType=BIGINT}
  </select>
  <delete id="deleteByPrimaryKey" parameterType="java.lang.Long">
    delete from tc_order
    where id = #{id,jdbcType=BIGINT}
  </delete>
  <delete id="deleteByExample" parameterType="com.wuage.order.entity.OrderExample">
    delete from tc_order
    <if test="_parameter != null">
      <include refid="Example_Where_Clause" />
    </if>
  </delete>
  <insert id="insert" parameterType="com.wuage.order.entity.Order">
    insert into tc_order (id, order_no, seller_user_id, 
      seller_biz_phone, buyer_user_id, buyer_biz_phone, 
      discount, sum_product_payment, sum_payment, 
      additional_fee, refund_status, is_draft, 
      is_delete, confirmed_valid_time, close_type, 
      close_reason, status, remark, 
      source_id, operator, trade_type, 
      pay_type, order_group_id, order_type, 
      stage_id, is_lock, gmt_create, 
      gmt_modified)
    values (#{id,jdbcType=BIGINT}, #{orderNo,jdbcType=VARCHAR}, #{sellerUserId,jdbcType=VARCHAR}, 
      #{sellerBizPhone,jdbcType=VARCHAR}, #{buyerUserId,jdbcType=VARCHAR}, #{buyerBizPhone,jdbcType=VARCHAR}, 
      #{discount,jdbcType=BIGINT}, #{sumProductPayment,jdbcType=BIGINT}, #{sumPayment,jdbcType=BIGINT}, 
      #{additionalFee,jdbcType=BIGINT}, #{refundStatus,jdbcType=INTEGER}, #{isDraft,jdbcType=INTEGER}, 
      #{isDelete,jdbcType=INTEGER}, #{confirmedValidTime,jdbcType=TIMESTAMP}, #{closeType,jdbcType=SMALLINT}, 
      #{closeReason,jdbcType=VARCHAR}, #{status,jdbcType=INTEGER}, #{remark,jdbcType=VARCHAR}, 
      #{sourceId,jdbcType=VARCHAR}, #{operator,jdbcType=VARCHAR}, #{tradeType,jdbcType=SMALLINT}, 
      #{payType,jdbcType=VARCHAR}, #{orderGroupId,jdbcType=VARCHAR}, #{orderType,jdbcType=VARCHAR}, 
      #{stageId,jdbcType=VARCHAR}, #{isLock,jdbcType=INTEGER}, #{gmtCreate,jdbcType=TIMESTAMP}, 
      #{gmtModified,jdbcType=TIMESTAMP})
  </insert>
  <insert id="insertSelective" parameterType="com.wuage.order.entity.Order">
    insert into tc_order
    <trim prefix="(" suffix=")" suffixOverrides=",">
      <if test="id != null">
        id,
      </if>
      <if test="orderNo != null">
        order_no,
      </if>
      <if test="sellerUserId != null">
        seller_user_id,
      </if>
      <if test="sellerBizPhone != null">
        seller_biz_phone,
      </if>
      <if test="buyerUserId != null">
        buyer_user_id,
      </if>
      <if test="buyerBizPhone != null">
        buyer_biz_phone,
      </if>
      <if test="discount != null">
        discount,
      </if>
      <if test="sumProductPayment != null">
        sum_product_payment,
      </if>
      <if test="sumPayment != null">
        sum_payment,
      </if>
      <if test="additionalFee != null">
        additional_fee,
      </if>
      <if test="refundStatus != null">
        refund_status,
      </if>
      <if test="isDraft != null">
        is_draft,
      </if>
      <if test="isDelete != null">
        is_delete,
      </if>
      <if test="confirmedValidTime != null">
        confirmed_valid_time,
      </if>
      <if test="closeType != null">
        close_type,
      </if>
      <if test="closeReason != null">
        close_reason,
      </if>
      <if test="status != null">
        status,
      </if>
      <if test="remark != null">
        remark,
      </if>
      <if test="sourceId != null">
        source_id,
      </if>
      <if test="operator != null">
        operator,
      </if>
      <if test="tradeType != null">
        trade_type,
      </if>
      <if test="payType != null">
        pay_type,
      </if>
      <if test="orderGroupId != null">
        order_group_id,
      </if>
      <if test="orderType != null">
        order_type,
      </if>
      <if test="stageId != null">
        stage_id,
      </if>
      <if test="isLock != null">
        is_lock,
      </if>
      <if test="gmtCreate != null">
        gmt_create,
      </if>
      <if test="gmtModified != null">
        gmt_modified,
      </if>
    </trim>
    <trim prefix="values (" suffix=")" suffixOverrides=",">
      <if test="id != null">
        #{id,jdbcType=BIGINT},
      </if>
      <if test="orderNo != null">
        #{orderNo,jdbcType=VARCHAR},
      </if>
      <if test="sellerUserId != null">
        #{sellerUserId,jdbcType=VARCHAR},
      </if>
      <if test="sellerBizPhone != null">
        #{sellerBizPhone,jdbcType=VARCHAR},
      </if>
      <if test="buyerUserId != null">
        #{buyerUserId,jdbcType=VARCHAR},
      </if>
      <if test="buyerBizPhone != null">
        #{buyerBizPhone,jdbcType=VARCHAR},
      </if>
      <if test="discount != null">
        #{discount,jdbcType=BIGINT},
      </if>
      <if test="sumProductPayment != null">
        #{sumProductPayment,jdbcType=BIGINT},
      </if>
      <if test="sumPayment != null">
        #{sumPayment,jdbcType=BIGINT},
      </if>
      <if test="additionalFee != null">
        #{additionalFee,jdbcType=BIGINT},
      </if>
      <if test="refundStatus != null">
        #{refundStatus,jdbcType=INTEGER},
      </if>
      <if test="isDraft != null">
        #{isDraft,jdbcType=INTEGER},
      </if>
      <if test="isDelete != null">
        #{isDelete,jdbcType=INTEGER},
      </if>
      <if test="confirmedValidTime != null">
        #{confirmedValidTime,jdbcType=TIMESTAMP},
      </if>
      <if test="closeType != null">
        #{closeType,jdbcType=SMALLINT},
      </if>
      <if test="closeReason != null">
        #{closeReason,jdbcType=VARCHAR},
      </if>
      <if test="status != null">
        #{status,jdbcType=INTEGER},
      </if>
      <if test="remark != null">
        #{remark,jdbcType=VARCHAR},
      </if>
      <if test="sourceId != null">
        #{sourceId,jdbcType=VARCHAR},
      </if>
      <if test="operator != null">
        #{operator,jdbcType=VARCHAR},
      </if>
      <if test="tradeType != null">
        #{tradeType,jdbcType=SMALLINT},
      </if>
      <if test="payType != null">
        #{payType,jdbcType=VARCHAR},
      </if>
      <if test="orderGroupId != null">
        #{orderGroupId,jdbcType=VARCHAR},
      </if>
      <if test="orderType != null">
        #{orderType,jdbcType=VARCHAR},
      </if>
      <if test="stageId != null">
        #{stageId,jdbcType=VARCHAR},
      </if>
      <if test="isLock != null">
        #{isLock,jdbcType=INTEGER},
      </if>
      <if test="gmtCreate != null">
        #{gmtCreate,jdbcType=TIMESTAMP},
      </if>
      <if test="gmtModified != null">
        #{gmtModified,jdbcType=TIMESTAMP},
      </if>
    </trim>
  </insert>
  <select id="countByExample" parameterType="com.wuage.order.entity.OrderExample" resultType="java.lang.Long">
    select count(*) from tc_order
    <if test="_parameter != null">
      <include refid="Example_Where_Clause" />
    </if>
  </select>
  <update id="updateByExampleSelective" parameterType="map">
    update tc_order
    <set>
      <if test="record.id != null">
        id = #{record.id,jdbcType=BIGINT},
      </if>
      <if test="record.orderNo != null">
        order_no = #{record.orderNo,jdbcType=VARCHAR},
      </if>
      <if test="record.sellerUserId != null">
        seller_user_id = #{record.sellerUserId,jdbcType=VARCHAR},
      </if>
      <if test="record.sellerBizPhone != null">
        seller_biz_phone = #{record.sellerBizPhone,jdbcType=VARCHAR},
      </if>
      <if test="record.buyerUserId != null">
        buyer_user_id = #{record.buyerUserId,jdbcType=VARCHAR},
      </if>
      <if test="record.buyerBizPhone != null">
        buyer_biz_phone = #{record.buyerBizPhone,jdbcType=VARCHAR},
      </if>
      <if test="record.discount != null">
        discount = #{record.discount,jdbcType=BIGINT},
      </if>
      <if test="record.sumProductPayment != null">
        sum_product_payment = #{record.sumProductPayment,jdbcType=BIGINT},
      </if>
      <if test="record.sumPayment != null">
        sum_payment = #{record.sumPayment,jdbcType=BIGINT},
      </if>
      <if test="record.additionalFee != null">
        additional_fee = #{record.additionalFee,jdbcType=BIGINT},
      </if>
      <if test="record.refundStatus != null">
        refund_status = #{record.refundStatus,jdbcType=INTEGER},
      </if>
      <if test="record.isDraft != null">
        is_draft = #{record.isDraft,jdbcType=INTEGER},
      </if>
      <if test="record.isDelete != null">
        is_delete = #{record.isDelete,jdbcType=INTEGER},
      </if>
      <if test="record.confirmedValidTime != null">
        confirmed_valid_time = #{record.confirmedValidTime,jdbcType=TIMESTAMP},
      </if>
      <if test="record.closeType != null">
        close_type = #{record.closeType,jdbcType=SMALLINT},
      </if>
      <if test="record.closeReason != null">
        close_reason = #{record.closeReason,jdbcType=VARCHAR},
      </if>
      <if test="record.status != null">
        status = #{record.status,jdbcType=INTEGER},
      </if>
      <if test="record.remark != null">
        remark = #{record.remark,jdbcType=VARCHAR},
      </if>
      <if test="record.sourceId != null">
        source_id = #{record.sourceId,jdbcType=VARCHAR},
      </if>
      <if test="record.operator != null">
        operator = #{record.operator,jdbcType=VARCHAR},
      </if>
      <if test="record.tradeType != null">
        trade_type = #{record.tradeType,jdbcType=SMALLINT},
      </if>
      <if test="record.payType != null">
        pay_type = #{record.payType,jdbcType=VARCHAR},
      </if>
      <if test="record.orderGroupId != null">
        order_group_id = #{record.orderGroupId,jdbcType=VARCHAR},
      </if>
      <if test="record.orderType != null">
        order_type = #{record.orderType,jdbcType=VARCHAR},
      </if>
      <if test="record.stageId != null">
        stage_id = #{record.stageId,jdbcType=VARCHAR},
      </if>
      <if test="record.isLock != null">
        is_lock = #{record.isLock,jdbcType=INTEGER},
      </if>
      <if test="record.gmtCreate != null">
        gmt_create = #{record.gmtCreate,jdbcType=TIMESTAMP},
      </if>
      <if test="record.gmtModified != null">
        gmt_modified = #{record.gmtModified,jdbcType=TIMESTAMP},
      </if>
    </set>
    <if test="_parameter != null">
      <include refid="Update_By_Example_Where_Clause" />
    </if>
  </update>
  <update id="updateByExample" parameterType="map">
    update tc_order
    set id = #{record.id,jdbcType=BIGINT},
      order_no = #{record.orderNo,jdbcType=VARCHAR},
      seller_user_id = #{record.sellerUserId,jdbcType=VARCHAR},
      seller_biz_phone = #{record.sellerBizPhone,jdbcType=VARCHAR},
      buyer_user_id = #{record.buyerUserId,jdbcType=VARCHAR},
      buyer_biz_phone = #{record.buyerBizPhone,jdbcType=VARCHAR},
      discount = #{record.discount,jdbcType=BIGINT},
      sum_product_payment = #{record.sumProductPayment,jdbcType=BIGINT},
      sum_payment = #{record.sumPayment,jdbcType=BIGINT},
      additional_fee = #{record.additionalFee,jdbcType=BIGINT},
      refund_status = #{record.refundStatus,jdbcType=INTEGER},
      is_draft = #{record.isDraft,jdbcType=INTEGER},
      is_delete = #{record.isDelete,jdbcType=INTEGER},
      confirmed_valid_time = #{record.confirmedValidTime,jdbcType=TIMESTAMP},
      close_type = #{record.closeType,jdbcType=SMALLINT},
      close_reason = #{record.closeReason,jdbcType=VARCHAR},
      status = #{record.status,jdbcType=INTEGER},
      remark = #{record.remark,jdbcType=VARCHAR},
      source_id = #{record.sourceId,jdbcType=VARCHAR},
      operator = #{record.operator,jdbcType=VARCHAR},
      trade_type = #{record.tradeType,jdbcType=SMALLINT},
      pay_type = #{record.payType,jdbcType=VARCHAR},
      order_group_id = #{record.orderGroupId,jdbcType=VARCHAR},
      order_type = #{record.orderType,jdbcType=VARCHAR},
      stage_id = #{record.stageId,jdbcType=VARCHAR},
      is_lock = #{record.isLock,jdbcType=INTEGER},
      gmt_create = #{record.gmtCreate,jdbcType=TIMESTAMP},
      gmt_modified = #{record.gmtModified,jdbcType=TIMESTAMP}
    <if test="_parameter != null">
      <include refid="Update_By_Example_Where_Clause" />
    </if>
  </update>
  <update id="updateByPrimaryKeySelective" parameterType="com.wuage.order.entity.Order">
    update tc_order
    <set>
      <if test="orderNo != null">
        order_no = #{orderNo,jdbcType=VARCHAR},
      </if>
      <if test="sellerUserId != null">
        seller_user_id = #{sellerUserId,jdbcType=VARCHAR},
      </if>
      <if test="sellerBizPhone != null">
        seller_biz_phone = #{sellerBizPhone,jdbcType=VARCHAR},
      </if>
      <if test="buyerUserId != null">
        buyer_user_id = #{buyerUserId,jdbcType=VARCHAR},
      </if>
      <if test="buyerBizPhone != null">
        buyer_biz_phone = #{buyerBizPhone,jdbcType=VARCHAR},
      </if>
      <if test="discount != null">
        discount = #{discount,jdbcType=BIGINT},
      </if>
      <if test="sumProductPayment != null">
        sum_product_payment = #{sumProductPayment,jdbcType=BIGINT},
      </if>
      <if test="sumPayment != null">
        sum_payment = #{sumPayment,jdbcType=BIGINT},
      </if>
      <if test="additionalFee != null">
        additional_fee = #{additionalFee,jdbcType=BIGINT},
      </if>
      <if test="refundStatus != null">
        refund_status = #{refundStatus,jdbcType=INTEGER},
      </if>
      <if test="isDraft != null">
        is_draft = #{isDraft,jdbcType=INTEGER},
      </if>
      <if test="isDelete != null">
        is_delete = #{isDelete,jdbcType=INTEGER},
      </if>
      <if test="confirmedValidTime != null">
        confirmed_valid_time = #{confirmedValidTime,jdbcType=TIMESTAMP},
      </if>
      <if test="closeType != null">
        close_type = #{closeType,jdbcType=SMALLINT},
      </if>
      <if test="closeReason != null">
        close_reason = #{closeReason,jdbcType=VARCHAR},
      </if>
      <if test="status != null">
        status = #{status,jdbcType=INTEGER},
      </if>
      <if test="remark != null">
        remark = #{remark,jdbcType=VARCHAR},
      </if>
      <if test="sourceId != null">
        source_id = #{sourceId,jdbcType=VARCHAR},
      </if>
      <if test="operator != null">
        operator = #{operator,jdbcType=VARCHAR},
      </if>
      <if test="tradeType != null">
        trade_type = #{tradeType,jdbcType=SMALLINT},
      </if>
      <if test="payType != null">
        pay_type = #{payType,jdbcType=VARCHAR},
      </if>
      <if test="orderGroupId != null">
        order_group_id = #{orderGroupId,jdbcType=VARCHAR},
      </if>
      <if test="orderType != null">
        order_type = #{orderType,jdbcType=VARCHAR},
      </if>
      <if test="stageId != null">
        stage_id = #{stageId,jdbcType=VARCHAR},
      </if>
      <if test="isLock != null">
        is_lock = #{isLock,jdbcType=INTEGER},
      </if>
      <if test="gmtCreate != null">
        gmt_create = #{gmtCreate,jdbcType=TIMESTAMP},
      </if>
      <if test="gmtModified != null">
        gmt_modified = #{gmtModified,jdbcType=TIMESTAMP},
      </if>
    </set>
    where id = #{id,jdbcType=BIGINT}
  </update>
  <update id="updateByPrimaryKey" parameterType="com.wuage.order.entity.Order">
    update tc_order
    set order_no = #{orderNo,jdbcType=VARCHAR},
      seller_user_id = #{sellerUserId,jdbcType=VARCHAR},
      seller_biz_phone = #{sellerBizPhone,jdbcType=VARCHAR},
      buyer_user_id = #{buyerUserId,jdbcType=VARCHAR},
      buyer_biz_phone = #{buyerBizPhone,jdbcType=VARCHAR},
      discount = #{discount,jdbcType=BIGINT},
      sum_product_payment = #{sumProductPayment,jdbcType=BIGINT},
      sum_payment = #{sumPayment,jdbcType=BIGINT},
      additional_fee = #{additionalFee,jdbcType=BIGINT},
      refund_status = #{refundStatus,jdbcType=INTEGER},
      is_draft = #{isDraft,jdbcType=INTEGER},
      is_delete = #{isDelete,jdbcType=INTEGER},
      confirmed_valid_time = #{confirmedValidTime,jdbcType=TIMESTAMP},
      close_type = #{closeType,jdbcType=SMALLINT},
      close_reason = #{closeReason,jdbcType=VARCHAR},
      status = #{status,jdbcType=INTEGER},
      remark = #{remark,jdbcType=VARCHAR},
      source_id = #{sourceId,jdbcType=VARCHAR},
      operator = #{operator,jdbcType=VARCHAR},
      trade_type = #{tradeType,jdbcType=SMALLINT},
      pay_type = #{payType,jdbcType=VARCHAR},
      order_group_id = #{orderGroupId,jdbcType=VARCHAR},
      order_type = #{orderType,jdbcType=VARCHAR},
      stage_id = #{stageId,jdbcType=VARCHAR},
      is_lock = #{isLock,jdbcType=INTEGER},
      gmt_create = #{gmtCreate,jdbcType=TIMESTAMP},
      gmt_modified = #{gmtModified,jdbcType=TIMESTAMP}
    where id = #{id,jdbcType=BIGINT}
  </update>
</mapper>