<?xml version="1.0" encoding="UTF-8"?>
<!DOCTYPE mapper PUBLIC "-//mybatis.org//DTD Mapper 3.0//EN" "http://mybatis.org/dtd/mybatis-3-mapper.dtd">
<mapper namespace="com.wuage.order.dao.OrderOfferMapper">
  <resultMap id="BaseResultMap" type="com.wuage.order.entity.OrderOffer">
    <id column="id" jdbcType="BIGINT" property="id" />
    <result column="offer_id" jdbcType="VARCHAR" property="offerId" />
    <result column="sku_id" jdbcType="VARCHAR" property="skuId" />
    <result column="product_name" jdbcType="VARCHAR" property="productName" />
    <result column="material" jdbcType="VARCHAR" property="material" />
    <result column="specification" jdbcType="VARCHAR" property="specification" />
    <result column="quantity" jdbcType="DECIMAL" property="quantity" />
    <result column="unit" jdbcType="VARCHAR" property="unit" />
    <result column="unit_price" jdbcType="BIGINT" property="unitPrice" />
    <result column="total_price" jdbcType="BIGINT" property="totalPrice" />
    <result column="warehouse" jdbcType="VARCHAR" property="warehouse" />
    <result column="facturer" jdbcType="VARCHAR" property="facturer" />
    <result column="send_num" jdbcType="BIGINT" property="sendNum" />
    <result column="received_num" jdbcType="BIGINT" property="receivedNum" />
    <result column="order_id" jdbcType="BIGINT" property="orderId" />
    <result column="gmt_create2" jdbcType="TIMESTAMP" property="gmtCreate2" />
    <result column="gmt_modified2" jdbcType="TIMESTAMP" property="gmtModified2" />
  </resultMap>
  <sql id="Example_Where_Clause">
    <where>
      <foreach collection="oredCriteria" item="criteria" separator="or">
        <if test="criteria.valid">
          <trim prefix="(" prefixOverrides="and" suffix=")">
            <foreach collection="criteria.criteria" item="criterion">
              <choose>
                <when test="criterion.noValue">
                  and ${criterion.condition}
                </when>
                <when test="criterion.singleValue">
                  and ${criterion.condition} #{criterion.value}
                </when>
                <when test="criterion.betweenValue">
                  and ${criterion.condition} #{criterion.value} and #{criterion.secondValue}
                </when>
                <when test="criterion.listValue">
                  and ${criterion.condition}
                  <foreach close=")" collection="criterion.value" item="listItem" open="(" separator=",">
                    #{listItem}
                  </foreach>
                </when>
              </choose>
            </foreach>
          </trim>
        </if>
      </foreach>
    </where>
  </sql>
  <sql id="Update_By_Example_Where_Clause">
    <where>
      <foreach collection="example.oredCriteria" item="criteria" separator="or">
        <if test="criteria.valid">
          <trim prefix="(" prefixOverrides="and" suffix=")">
            <foreach collection="criteria.criteria" item="criterion">
              <choose>
                <when test="criterion.noValue">
                  and ${criterion.condition}
                </when>
                <when test="criterion.singleValue">
                  and ${criterion.condition} #{criterion.value}
                </when>
                <when test="criterion.betweenValue">
                  and ${criterion.condition} #{criterion.value} and #{criterion.secondValue}
                </when>
                <when test="criterion.listValue">
                  and ${criterion.condition}
                  <foreach close=")" collection="criterion.value" item="listItem" open="(" separator=",">
                    #{listItem}
                  </foreach>
                </when>
              </choose>
            </foreach>
          </trim>
        </if>
      </foreach>
    </where>
  </sql>
  <sql id="Base_Column_List">
    id, offer_id, sku_id, product_name, material, specification, quantity, unit, unit_price, 
    total_price, warehouse, facturer, send_num, received_num, order_id, gmt_create2, 
    gmt_modified2
  </sql>
  <select id="selectByExample" parameterType="com.wuage.order.entity.OrderOfferExample" resultMap="BaseResultMap">
    select
    <if test="distinct">
      distinct
    </if>
    <include refid="Base_Column_List" />
    from tc_order_offer
    <if test="_parameter != null">
      <include refid="Example_Where_Clause" />
    </if>
    <if test="orderByClause != null">
      order by ${orderByClause}
    </if>
    <if test="limitStart &gt;= 0">
       limit ${limitStart} , ${pageSize}
    </if>
  </select>
  <select id="selectByPrimaryKey" parameterType="java.lang.Long" resultMap="BaseResultMap">
    select 
    <include refid="Base_Column_List" />
    from tc_order_offer
    where id = #{id,jdbcType=BIGINT}
  </select>
  <delete id="deleteByPrimaryKey" parameterType="java.lang.Long">
    delete from tc_order_offer
    where id = #{id,jdbcType=BIGINT}
  </delete>
  <delete id="deleteByExample" parameterType="com.wuage.order.entity.OrderOfferExample">
    delete from tc_order_offer
    <if test="_parameter != null">
      <include refid="Example_Where_Clause" />
    </if>
  </delete>
  <insert id="insert" parameterType="com.wuage.order.entity.OrderOffer">
    insert into tc_order_offer (id, offer_id, sku_id, 
      product_name, material, specification, 
      quantity, unit, unit_price, 
      total_price, warehouse, facturer, 
      send_num, received_num, order_id, 
      gmt_create2, gmt_modified2)
    values (#{id,jdbcType=BIGINT}, #{offerId,jdbcType=VARCHAR}, #{skuId,jdbcType=VARCHAR}, 
      #{productName,jdbcType=VARCHAR}, #{material,jdbcType=VARCHAR}, #{specification,jdbcType=VARCHAR}, 
      #{quantity,jdbcType=DECIMAL}, #{unit,jdbcType=VARCHAR}, #{unitPrice,jdbcType=BIGINT}, 
      #{totalPrice,jdbcType=BIGINT}, #{warehouse,jdbcType=VARCHAR}, #{facturer,jdbcType=VARCHAR}, 
      #{sendNum,jdbcType=BIGINT}, #{receivedNum,jdbcType=BIGINT}, #{orderId,jdbcType=BIGINT}, 
      #{gmtCreate2,jdbcType=TIMESTAMP}, #{gmtModified2,jdbcType=TIMESTAMP})
  </insert>
  <insert id="insertSelective" parameterType="com.wuage.order.entity.OrderOffer">
    insert into tc_order_offer
    <trim prefix="(" suffix=")" suffixOverrides=",">
      <if test="id != null">
        id,
      </if>
      <if test="offerId != null">
        offer_id,
      </if>
      <if test="skuId != null">
        sku_id,
      </if>
      <if test="productName != null">
        product_name,
      </if>
      <if test="material != null">
        material,
      </if>
      <if test="specification != null">
        specification,
      </if>
      <if test="quantity != null">
        quantity,
      </if>
      <if test="unit != null">
        unit,
      </if>
      <if test="unitPrice != null">
        unit_price,
      </if>
      <if test="totalPrice != null">
        total_price,
      </if>
      <if test="warehouse != null">
        warehouse,
      </if>
      <if test="facturer != null">
        facturer,
      </if>
      <if test="sendNum != null">
        send_num,
      </if>
      <if test="receivedNum != null">
        received_num,
      </if>
      <if test="orderId != null">
        order_id,
      </if>
      <if test="gmtCreate2 != null">
        gmt_create2,
      </if>
      <if test="gmtModified2 != null">
        gmt_modified2,
      </if>
    </trim>
    <trim prefix="values (" suffix=")" suffixOverrides=",">
      <if test="id != null">
        #{id,jdbcType=BIGINT},
      </if>
      <if test="offerId != null">
        #{offerId,jdbcType=VARCHAR},
      </if>
      <if test="skuId != null">
        #{skuId,jdbcType=VARCHAR},
      </if>
      <if test="productName != null">
        #{productName,jdbcType=VARCHAR},
      </if>
      <if test="material != null">
        #{material,jdbcType=VARCHAR},
      </if>
      <if test="specification != null">
        #{specification,jdbcType=VARCHAR},
      </if>
      <if test="quantity != null">
        #{quantity,jdbcType=DECIMAL},
      </if>
      <if test="unit != null">
        #{unit,jdbcType=VARCHAR},
      </if>
      <if test="unitPrice != null">
        #{unitPrice,jdbcType=BIGINT},
      </if>
      <if test="totalPrice != null">
        #{totalPrice,jdbcType=BIGINT},
      </if>
      <if test="warehouse != null">
        #{warehouse,jdbcType=VARCHAR},
      </if>
      <if test="facturer != null">
        #{facturer,jdbcType=VARCHAR},
      </if>
      <if test="sendNum != null">
        #{sendNum,jdbcType=BIGINT},
      </if>
      <if test="receivedNum != null">
        #{receivedNum,jdbcType=BIGINT},
      </if>
      <if test="orderId != null">
        #{orderId,jdbcType=BIGINT},
      </if>
      <if test="gmtCreate2 != null">
        #{gmtCreate2,jdbcType=TIMESTAMP},
      </if>
      <if test="gmtModified2 != null">
        #{gmtModified2,jdbcType=TIMESTAMP},
      </if>
    </trim>
  </insert>
  <select id="countByExample" parameterType="com.wuage.order.entity.OrderOfferExample" resultType="java.lang.Long">
    select count(*) from tc_order_offer
    <if test="_parameter != null">
      <include refid="Example_Where_Clause" />
    </if>
  </select>
  <update id="updateByExampleSelective" parameterType="map">
    update tc_order_offer
    <set>
      <if test="record.id != null">
        id = #{record.id,jdbcType=BIGINT},
      </if>
      <if test="record.offerId != null">
        offer_id = #{record.offerId,jdbcType=VARCHAR},
      </if>
      <if test="record.skuId != null">
        sku_id = #{record.skuId,jdbcType=VARCHAR},
      </if>
      <if test="record.productName != null">
        product_name = #{record.productName,jdbcType=VARCHAR},
      </if>
      <if test="record.material != null">
        material = #{record.material,jdbcType=VARCHAR},
      </if>
      <if test="record.specification != null">
        specification = #{record.specification,jdbcType=VARCHAR},
      </if>
      <if test="record.quantity != null">
        quantity = #{record.quantity,jdbcType=DECIMAL},
      </if>
      <if test="record.unit != null">
        unit = #{record.unit,jdbcType=VARCHAR},
      </if>
      <if test="record.unitPrice != null">
        unit_price = #{record.unitPrice,jdbcType=BIGINT},
      </if>
      <if test="record.totalPrice != null">
        total_price = #{record.totalPrice,jdbcType=BIGINT},
      </if>
      <if test="record.warehouse != null">
        warehouse = #{record.warehouse,jdbcType=VARCHAR},
      </if>
      <if test="record.facturer != null">
        facturer = #{record.facturer,jdbcType=VARCHAR},
      </if>
      <if test="record.sendNum != null">
        send_num = #{record.sendNum,jdbcType=BIGINT},
      </if>
      <if test="record.receivedNum != null">
        received_num = #{record.receivedNum,jdbcType=BIGINT},
      </if>
      <if test="record.orderId != null">
        order_id = #{record.orderId,jdbcType=BIGINT},
      </if>
      <if test="record.gmtCreate2 != null">
        gmt_create2 = #{record.gmtCreate2,jdbcType=TIMESTAMP},
      </if>
      <if test="record.gmtModified2 != null">
        gmt_modified2 = #{record.gmtModified2,jdbcType=TIMESTAMP},
      </if>
    </set>
    <if test="_parameter != null">
      <include refid="Update_By_Example_Where_Clause" />
    </if>
  </update>
  <update id="updateByExample" parameterType="map">
    update tc_order_offer
    set id = #{record.id,jdbcType=BIGINT},
      offer_id = #{record.offerId,jdbcType=VARCHAR},
      sku_id = #{record.skuId,jdbcType=VARCHAR},
      product_name = #{record.productName,jdbcType=VARCHAR},
      material = #{record.material,jdbcType=VARCHAR},
      specification = #{record.specification,jdbcType=VARCHAR},
      quantity = #{record.quantity,jdbcType=DECIMAL},
      unit = #{record.unit,jdbcType=VARCHAR},
      unit_price = #{record.unitPrice,jdbcType=BIGINT},
      total_price = #{record.totalPrice,jdbcType=BIGINT},
      warehouse = #{record.warehouse,jdbcType=VARCHAR},
      facturer = #{record.facturer,jdbcType=VARCHAR},
      send_num = #{record.sendNum,jdbcType=BIGINT},
      received_num = #{record.receivedNum,jdbcType=BIGINT},
      order_id = #{record.orderId,jdbcType=BIGINT},
      gmt_create2 = #{record.gmtCreate2,jdbcType=TIMESTAMP},
      gmt_modified2 = #{record.gmtModified2,jdbcType=TIMESTAMP}
    <if test="_parameter != null">
      <include refid="Update_By_Example_Where_Clause" />
    </if>
  </update>
  <update id="updateByPrimaryKeySelective" parameterType="com.wuage.order.entity.OrderOffer">
    update tc_order_offer
    <set>
      <if test="offerId != null">
        offer_id = #{offerId,jdbcType=VARCHAR},
      </if>
      <if test="skuId != null">
        sku_id = #{skuId,jdbcType=VARCHAR},
      </if>
      <if test="productName != null">
        product_name = #{productName,jdbcType=VARCHAR},
      </if>
      <if test="material != null">
        material = #{material,jdbcType=VARCHAR},
      </if>
      <if test="specification != null">
        specification = #{specification,jdbcType=VARCHAR},
      </if>
      <if test="quantity != null">
        quantity = #{quantity,jdbcType=DECIMAL},
      </if>
      <if test="unit != null">
        unit = #{unit,jdbcType=VARCHAR},
      </if>
      <if test="unitPrice != null">
        unit_price = #{unitPrice,jdbcType=BIGINT},
      </if>
      <if test="totalPrice != null">
        total_price = #{totalPrice,jdbcType=BIGINT},
      </if>
      <if test="warehouse != null">
        warehouse = #{warehouse,jdbcType=VARCHAR},
      </if>
      <if test="facturer != null">
        facturer = #{facturer,jdbcType=VARCHAR},
      </if>
      <if test="sendNum != null">
        send_num = #{sendNum,jdbcType=BIGINT},
      </if>
      <if test="receivedNum != null">
        received_num = #{receivedNum,jdbcType=BIGINT},
      </if>
      <if test="orderId != null">
        order_id = #{orderId,jdbcType=BIGINT},
      </if>
      <if test="gmtCreate2 != null">
        gmt_create2 = #{gmtCreate2,jdbcType=TIMESTAMP},
      </if>
      <if test="gmtModified2 != null">
        gmt_modified2 = #{gmtModified2,jdbcType=TIMESTAMP},
      </if>
    </set>
    where id = #{id,jdbcType=BIGINT}
  </update>
  <update id="updateByPrimaryKey" parameterType="com.wuage.order.entity.OrderOffer">
    update tc_order_offer
    set offer_id = #{offerId,jdbcType=VARCHAR},
      sku_id = #{skuId,jdbcType=VARCHAR},
      product_name = #{productName,jdbcType=VARCHAR},
      material = #{material,jdbcType=VARCHAR},
      specification = #{specification,jdbcType=VARCHAR},
      quantity = #{quantity,jdbcType=DECIMAL},
      unit = #{unit,jdbcType=VARCHAR},
      unit_price = #{unitPrice,jdbcType=BIGINT},
      total_price = #{totalPrice,jdbcType=BIGINT},
      warehouse = #{warehouse,jdbcType=VARCHAR},
      facturer = #{facturer,jdbcType=VARCHAR},
      send_num = #{sendNum,jdbcType=BIGINT},
      received_num = #{receivedNum,jdbcType=BIGINT},
      order_id = #{orderId,jdbcType=BIGINT},
      gmt_create2 = #{gmtCreate2,jdbcType=TIMESTAMP},
      gmt_modified2 = #{gmtModified2,jdbcType=TIMESTAMP}
    where id = #{id,jdbcType=BIGINT}
  </update>
  <resultMap id="BaseResultMap" type="com.wuage.order.entity.OrderOffer">
    <id column="id" jdbcType="BIGINT" property="id" />
    <result column="offer_id" jdbcType="VARCHAR" property="offerId" />
    <result column="sku_id" jdbcType="VARCHAR" property="skuId" />
    <result column="product_name" jdbcType="VARCHAR" property="productName" />
    <result column="material" jdbcType="VARCHAR" property="material" />
    <result column="specification" jdbcType="VARCHAR" property="specification" />
    <result column="quantity" jdbcType="DECIMAL" property="quantity" />
    <result column="unit" jdbcType="VARCHAR" property="unit" />
    <result column="unit_price" jdbcType="BIGINT" property="unitPrice" />
    <result column="total_price" jdbcType="BIGINT" property="totalPrice" />
    <result column="warehouse" jdbcType="VARCHAR" property="warehouse" />
    <result column="facturer" jdbcType="VARCHAR" property="facturer" />
    <result column="send_num" jdbcType="BIGINT" property="sendNum" />
    <result column="received_num" jdbcType="BIGINT" property="receivedNum" />
    <result column="order_id" jdbcType="BIGINT" property="orderId" />
    <result column="gmt_create" jdbcType="TIMESTAMP" property="gmtCreate" />
    <result column="gmt_modified" jdbcType="TIMESTAMP" property="gmtModified" />
  </resultMap>
  <sql id="Example_Where_Clause">
    <where>
      <foreach collection="oredCriteria" item="criteria" separator="or">
        <if test="criteria.valid">
          <trim prefix="(" prefixOverrides="and" suffix=")">
            <foreach collection="criteria.criteria" item="criterion">
              <choose>
                <when test="criterion.noValue">
                  and ${criterion.condition}
                </when>
                <when test="criterion.singleValue">
                  and ${criterion.condition} #{criterion.value}
                </when>
                <when test="criterion.betweenValue">
                  and ${criterion.condition} #{criterion.value} and #{criterion.secondValue}
                </when>
                <when test="criterion.listValue">
                  and ${criterion.condition}
                  <foreach close=")" collection="criterion.value" item="listItem" open="(" separator=",">
                    #{listItem}
                  </foreach>
                </when>
              </choose>
            </foreach>
          </trim>
        </if>
      </foreach>
    </where>
  </sql>
  <sql id="Update_By_Example_Where_Clause">
    <where>
      <foreach collection="example.oredCriteria" item="criteria" separator="or">
        <if test="criteria.valid">
          <trim prefix="(" prefixOverrides="and" suffix=")">
            <foreach collection="criteria.criteria" item="criterion">
              <choose>
                <when test="criterion.noValue">
                  and ${criterion.condition}
                </when>
                <when test="criterion.singleValue">
                  and ${criterion.condition} #{criterion.value}
                </when>
                <when test="criterion.betweenValue">
                  and ${criterion.condition} #{criterion.value} and #{criterion.secondValue}
                </when>
                <when test="criterion.listValue">
                  and ${criterion.condition}
                  <foreach close=")" collection="criterion.value" item="listItem" open="(" separator=",">
                    #{listItem}
                  </foreach>
                </when>
              </choose>
            </foreach>
          </trim>
        </if>
      </foreach>
    </where>
  </sql>
  <sql id="Base_Column_List">
    id, offer_id, sku_id, product_name, material, specification, quantity, unit, unit_price, 
    total_price, warehouse, facturer, send_num, received_num, order_id, gmt_create, gmt_modified
  </sql>
  <select id="selectByExample" parameterType="com.wuage.order.entity.OrderOfferExample" resultMap="BaseResultMap">
    select
    <if test="distinct">
      distinct
    </if>
    <include refid="Base_Column_List" />
    from tc_order_offer
    <if test="_parameter != null">
      <include refid="Example_Where_Clause" />
    </if>
    <if test="orderByClause != null">
      order by ${orderByClause}
    </if>
    <if test="limitStart &gt;= 0">
       limit ${limitStart} , ${pageSize}
    </if>
  </select>
  <select id="selectByPrimaryKey" parameterType="java.lang.Long" resultMap="BaseResultMap">
    select 
    <include refid="Base_Column_List" />
    from tc_order_offer
    where id = #{id,jdbcType=BIGINT}
  </select>
  <delete id="deleteByPrimaryKey" parameterType="java.lang.Long">
    delete from tc_order_offer
    where id = #{id,jdbcType=BIGINT}
  </delete>
  <delete id="deleteByExample" parameterType="com.wuage.order.entity.OrderOfferExample">
    delete from tc_order_offer
    <if test="_parameter != null">
      <include refid="Example_Where_Clause" />
    </if>
  </delete>
  <insert id="insert" parameterType="com.wuage.order.entity.OrderOffer">
    insert into tc_order_offer (id, offer_id, sku_id, 
      product_name, material, specification, 
      quantity, unit, unit_price, 
      total_price, warehouse, facturer, 
      send_num, received_num, order_id, 
      gmt_create, gmt_modified)
    values (#{id,jdbcType=BIGINT}, #{offerId,jdbcType=VARCHAR}, #{skuId,jdbcType=VARCHAR}, 
      #{productName,jdbcType=VARCHAR}, #{material,jdbcType=VARCHAR}, #{specification,jdbcType=VARCHAR}, 
      #{quantity,jdbcType=DECIMAL}, #{unit,jdbcType=VARCHAR}, #{unitPrice,jdbcType=BIGINT}, 
      #{totalPrice,jdbcType=BIGINT}, #{warehouse,jdbcType=VARCHAR}, #{facturer,jdbcType=VARCHAR}, 
      #{sendNum,jdbcType=BIGINT}, #{receivedNum,jdbcType=BIGINT}, #{orderId,jdbcType=BIGINT}, 
      #{gmtCreate,jdbcType=TIMESTAMP}, #{gmtModified,jdbcType=TIMESTAMP})
  </insert>
  <insert id="insertSelective" parameterType="com.wuage.order.entity.OrderOffer">
    insert into tc_order_offer
    <trim prefix="(" suffix=")" suffixOverrides=",">
      <if test="id != null">
        id,
      </if>
      <if test="offerId != null">
        offer_id,
      </if>
      <if test="skuId != null">
        sku_id,
      </if>
      <if test="productName != null">
        product_name,
      </if>
      <if test="material != null">
        material,
      </if>
      <if test="specification != null">
        specification,
      </if>
      <if test="quantity != null">
        quantity,
      </if>
      <if test="unit != null">
        unit,
      </if>
      <if test="unitPrice != null">
        unit_price,
      </if>
      <if test="totalPrice != null">
        total_price,
      </if>
      <if test="warehouse != null">
        warehouse,
      </if>
      <if test="facturer != null">
        facturer,
      </if>
      <if test="sendNum != null">
        send_num,
      </if>
      <if test="receivedNum != null">
        received_num,
      </if>
      <if test="orderId != null">
        order_id,
      </if>
      <if test="gmtCreate != null">
        gmt_create,
      </if>
      <if test="gmtModified != null">
        gmt_modified,
      </if>
    </trim>
    <trim prefix="values (" suffix=")" suffixOverrides=",">
      <if test="id != null">
        #{id,jdbcType=BIGINT},
      </if>
      <if test="offerId != null">
        #{offerId,jdbcType=VARCHAR},
      </if>
      <if test="skuId != null">
        #{skuId,jdbcType=VARCHAR},
      </if>
      <if test="productName != null">
        #{productName,jdbcType=VARCHAR},
      </if>
      <if test="material != null">
        #{material,jdbcType=VARCHAR},
      </if>
      <if test="specification != null">
        #{specification,jdbcType=VARCHAR},
      </if>
      <if test="quantity != null">
        #{quantity,jdbcType=DECIMAL},
      </if>
      <if test="unit != null">
        #{unit,jdbcType=VARCHAR},
      </if>
      <if test="unitPrice != null">
        #{unitPrice,jdbcType=BIGINT},
      </if>
      <if test="totalPrice != null">
        #{totalPrice,jdbcType=BIGINT},
      </if>
      <if test="warehouse != null">
        #{warehouse,jdbcType=VARCHAR},
      </if>
      <if test="facturer != null">
        #{facturer,jdbcType=VARCHAR},
      </if>
      <if test="sendNum != null">
        #{sendNum,jdbcType=BIGINT},
      </if>
      <if test="receivedNum != null">
        #{receivedNum,jdbcType=BIGINT},
      </if>
      <if test="orderId != null">
        #{orderId,jdbcType=BIGINT},
      </if>
      <if test="gmtCreate != null">
        #{gmtCreate,jdbcType=TIMESTAMP},
      </if>
      <if test="gmtModified != null">
        #{gmtModified,jdbcType=TIMESTAMP},
      </if>
    </trim>
  </insert>
  <select id="countByExample" parameterType="com.wuage.order.entity.OrderOfferExample" resultType="java.lang.Long">
    select count(*) from tc_order_offer
    <if test="_parameter != null">
      <include refid="Example_Where_Clause" />
    </if>
  </select>
  <update id="updateByExampleSelective" parameterType="map">
    update tc_order_offer
    <set>
      <if test="record.id != null">
        id = #{record.id,jdbcType=BIGINT},
      </if>
      <if test="record.offerId != null">
        offer_id = #{record.offerId,jdbcType=VARCHAR},
      </if>
      <if test="record.skuId != null">
        sku_id = #{record.skuId,jdbcType=VARCHAR},
      </if>
      <if test="record.productName != null">
        product_name = #{record.productName,jdbcType=VARCHAR},
      </if>
      <if test="record.material != null">
        material = #{record.material,jdbcType=VARCHAR},
      </if>
      <if test="record.specification != null">
        specification = #{record.specification,jdbcType=VARCHAR},
      </if>
      <if test="record.quantity != null">
        quantity = #{record.quantity,jdbcType=DECIMAL},
      </if>
      <if test="record.unit != null">
        unit = #{record.unit,jdbcType=VARCHAR},
      </if>
      <if test="record.unitPrice != null">
        unit_price = #{record.unitPrice,jdbcType=BIGINT},
      </if>
      <if test="record.totalPrice != null">
        total_price = #{record.totalPrice,jdbcType=BIGINT},
      </if>
      <if test="record.warehouse != null">
        warehouse = #{record.warehouse,jdbcType=VARCHAR},
      </if>
      <if test="record.facturer != null">
        facturer = #{record.facturer,jdbcType=VARCHAR},
      </if>
      <if test="record.sendNum != null">
        send_num = #{record.sendNum,jdbcType=BIGINT},
      </if>
      <if test="record.receivedNum != null">
        received_num = #{record.receivedNum,jdbcType=BIGINT},
      </if>
      <if test="record.orderId != null">
        order_id = #{record.orderId,jdbcType=BIGINT},
      </if>
      <if test="record.gmtCreate != null">
        gmt_create = #{record.gmtCreate,jdbcType=TIMESTAMP},
      </if>
      <if test="record.gmtModified != null">
        gmt_modified = #{record.gmtModified,jdbcType=TIMESTAMP},
      </if>
    </set>
    <if test="_parameter != null">
      <include refid="Update_By_Example_Where_Clause" />
    </if>
  </update>
  <update id="updateByExample" parameterType="map">
    update tc_order_offer
    set id = #{record.id,jdbcType=BIGINT},
      offer_id = #{record.offerId,jdbcType=VARCHAR},
      sku_id = #{record.skuId,jdbcType=VARCHAR},
      product_name = #{record.productName,jdbcType=VARCHAR},
      material = #{record.material,jdbcType=VARCHAR},
      specification = #{record.specification,jdbcType=VARCHAR},
      quantity = #{record.quantity,jdbcType=DECIMAL},
      unit = #{record.unit,jdbcType=VARCHAR},
      unit_price = #{record.unitPrice,jdbcType=BIGINT},
      total_price = #{record.totalPrice,jdbcType=BIGINT},
      warehouse = #{record.warehouse,jdbcType=VARCHAR},
      facturer = #{record.facturer,jdbcType=VARCHAR},
      send_num = #{record.sendNum,jdbcType=BIGINT},
      received_num = #{record.receivedNum,jdbcType=BIGINT},
      order_id = #{record.orderId,jdbcType=BIGINT},
      gmt_create = #{record.gmtCreate,jdbcType=TIMESTAMP},
      gmt_modified = #{record.gmtModified,jdbcType=TIMESTAMP}
    <if test="_parameter != null">
      <include refid="Update_By_Example_Where_Clause" />
    </if>
  </update>
  <update id="updateByPrimaryKeySelective" parameterType="com.wuage.order.entity.OrderOffer">
    update tc_order_offer
    <set>
      <if test="offerId != null">
        offer_id = #{offerId,jdbcType=VARCHAR},
      </if>
      <if test="skuId != null">
        sku_id = #{skuId,jdbcType=VARCHAR},
      </if>
      <if test="productName != null">
        product_name = #{productName,jdbcType=VARCHAR},
      </if>
      <if test="material != null">
        material = #{material,jdbcType=VARCHAR},
      </if>
      <if test="specification != null">
        specification = #{specification,jdbcType=VARCHAR},
      </if>
      <if test="quantity != null">
        quantity = #{quantity,jdbcType=DECIMAL},
      </if>
      <if test="unit != null">
        unit = #{unit,jdbcType=VARCHAR},
      </if>
      <if test="unitPrice != null">
        unit_price = #{unitPrice,jdbcType=BIGINT},
      </if>
      <if test="totalPrice != null">
        total_price = #{totalPrice,jdbcType=BIGINT},
      </if>
      <if test="warehouse != null">
        warehouse = #{warehouse,jdbcType=VARCHAR},
      </if>
      <if test="facturer != null">
        facturer = #{facturer,jdbcType=VARCHAR},
      </if>
      <if test="sendNum != null">
        send_num = #{sendNum,jdbcType=BIGINT},
      </if>
      <if test="receivedNum != null">
        received_num = #{receivedNum,jdbcType=BIGINT},
      </if>
      <if test="orderId != null">
        order_id = #{orderId,jdbcType=BIGINT},
      </if>
      <if test="gmtCreate != null">
        gmt_create = #{gmtCreate,jdbcType=TIMESTAMP},
      </if>
      <if test="gmtModified != null">
        gmt_modified = #{gmtModified,jdbcType=TIMESTAMP},
      </if>
    </set>
    where id = #{id,jdbcType=BIGINT}
  </update>
  <update id="updateByPrimaryKey" parameterType="com.wuage.order.entity.OrderOffer">
    update tc_order_offer
    set offer_id = #{offerId,jdbcType=VARCHAR},
      sku_id = #{skuId,jdbcType=VARCHAR},
      product_name = #{productName,jdbcType=VARCHAR},
      material = #{material,jdbcType=VARCHAR},
      specification = #{specification,jdbcType=VARCHAR},
      quantity = #{quantity,jdbcType=DECIMAL},
      unit = #{unit,jdbcType=VARCHAR},
      unit_price = #{unitPrice,jdbcType=BIGINT},
      total_price = #{totalPrice,jdbcType=BIGINT},
      warehouse = #{warehouse,jdbcType=VARCHAR},
      facturer = #{facturer,jdbcType=VARCHAR},
      send_num = #{sendNum,jdbcType=BIGINT},
      received_num = #{receivedNum,jdbcType=BIGINT},
      order_id = #{orderId,jdbcType=BIGINT},
      gmt_create = #{gmtCreate,jdbcType=TIMESTAMP},
      gmt_modified = #{gmtModified,jdbcType=TIMESTAMP}
    where id = #{id,jdbcType=BIGINT}
  </update>
  <resultMap id="BaseResultMap" type="com.wuage.order.entity.OrderOffer">
    <id column="id" jdbcType="BIGINT" property="id" />
    <result column="offer_id" jdbcType="VARCHAR" property="offerId" />
    <result column="sku_id" jdbcType="VARCHAR" property="skuId" />
    <result column="product_name" jdbcType="VARCHAR" property="productName" />
    <result column="material" jdbcType="VARCHAR" property="material" />
    <result column="specification" jdbcType="VARCHAR" property="specification" />
    <result column="quantity" jdbcType="DECIMAL" property="quantity" />
    <result column="unit" jdbcType="VARCHAR" property="unit" />
    <result column="unit_price" jdbcType="BIGINT" property="unitPrice" />
    <result column="total_price" jdbcType="BIGINT" property="totalPrice" />
    <result column="warehouse" jdbcType="VARCHAR" property="warehouse" />
    <result column="facturer" jdbcType="VARCHAR" property="facturer" />
    <result column="send_num" jdbcType="BIGINT" property="sendNum" />
    <result column="received_num" jdbcType="BIGINT" property="receivedNum" />
    <result column="order_id" jdbcType="BIGINT" property="orderId" />
    <result column="gmt_create" jdbcType="TIMESTAMP" property="gmtCreate" />
    <result column="gmt_modified" jdbcType="TIMESTAMP" property="gmtModified" />
  </resultMap>
  <sql id="Example_Where_Clause">
    <where>
      <foreach collection="oredCriteria" item="criteria" separator="or">
        <if test="criteria.valid">
          <trim prefix="(" prefixOverrides="and" suffix=")">
            <foreach collection="criteria.criteria" item="criterion">
              <choose>
                <when test="criterion.noValue">
                  and ${criterion.condition}
                </when>
                <when test="criterion.singleValue">
                  and ${criterion.condition} #{criterion.value}
                </when>
                <when test="criterion.betweenValue">
                  and ${criterion.condition} #{criterion.value} and #{criterion.secondValue}
                </when>
                <when test="criterion.listValue">
                  and ${criterion.condition}
                  <foreach close=")" collection="criterion.value" item="listItem" open="(" separator=",">
                    #{listItem}
                  </foreach>
                </when>
              </choose>
            </foreach>
          </trim>
        </if>
      </foreach>
    </where>
  </sql>
  <sql id="Update_By_Example_Where_Clause">
    <where>
      <foreach collection="example.oredCriteria" item="criteria" separator="or">
        <if test="criteria.valid">
          <trim prefix="(" prefixOverrides="and" suffix=")">
            <foreach collection="criteria.criteria" item="criterion">
              <choose>
                <when test="criterion.noValue">
                  and ${criterion.condition}
                </when>
                <when test="criterion.singleValue">
                  and ${criterion.condition} #{criterion.value}
                </when>
                <when test="criterion.betweenValue">
                  and ${criterion.condition} #{criterion.value} and #{criterion.secondValue}
                </when>
                <when test="criterion.listValue">
                  and ${criterion.condition}
                  <foreach close=")" collection="criterion.value" item="listItem" open="(" separator=",">
                    #{listItem}
                  </foreach>
                </when>
              </choose>
            </foreach>
          </trim>
        </if>
      </foreach>
    </where>
  </sql>
  <sql id="Base_Column_List">
    id, offer_id, sku_id, product_name, material, specification, quantity, unit, unit_price, 
    total_price, warehouse, facturer, send_num, received_num, order_id, gmt_create, gmt_modified
  </sql>
  <select id="selectByExample" parameterType="com.wuage.order.entity.OrderOfferExample" resultMap="BaseResultMap">
    select
    <if test="distinct">
      distinct
    </if>
    <include refid="Base_Column_List" />
    from tc_order_offer
    <if test="_parameter != null">
      <include refid="Example_Where_Clause" />
    </if>
    <if test="orderByClause != null">
      order by ${orderByClause}
    </if>
    <if test="limitStart &gt;= 0">
       limit ${limitStart} , ${pageSize}
    </if>
  </select>
  <select id="selectByPrimaryKey" parameterType="java.lang.Long" resultMap="BaseResultMap">
    select 
    <include refid="Base_Column_List" />
    from tc_order_offer
    where id = #{id,jdbcType=BIGINT}
  </select>
  <delete id="deleteByPrimaryKey" parameterType="java.lang.Long">
    delete from tc_order_offer
    where id = #{id,jdbcType=BIGINT}
  </delete>
  <delete id="deleteByExample" parameterType="com.wuage.order.entity.OrderOfferExample">
    delete from tc_order_offer
    <if test="_parameter != null">
      <include refid="Example_Where_Clause" />
    </if>
  </delete>
  <insert id="insert" parameterType="com.wuage.order.entity.OrderOffer">
    insert into tc_order_offer (id, offer_id, sku_id, 
      product_name, material, specification, 
      quantity, unit, unit_price, 
      total_price, warehouse, facturer, 
      send_num, received_num, order_id, 
      gmt_create, gmt_modified)
    values (#{id,jdbcType=BIGINT}, #{offerId,jdbcType=VARCHAR}, #{skuId,jdbcType=VARCHAR}, 
      #{productName,jdbcType=VARCHAR}, #{material,jdbcType=VARCHAR}, #{specification,jdbcType=VARCHAR}, 
      #{quantity,jdbcType=DECIMAL}, #{unit,jdbcType=VARCHAR}, #{unitPrice,jdbcType=BIGINT}, 
      #{totalPrice,jdbcType=BIGINT}, #{warehouse,jdbcType=VARCHAR}, #{facturer,jdbcType=VARCHAR}, 
      #{sendNum,jdbcType=BIGINT}, #{receivedNum,jdbcType=BIGINT}, #{orderId,jdbcType=BIGINT}, 
      #{gmtCreate,jdbcType=TIMESTAMP}, #{gmtModified,jdbcType=TIMESTAMP})
  </insert>
  <insert id="insertSelective" parameterType="com.wuage.order.entity.OrderOffer">
    insert into tc_order_offer
    <trim prefix="(" suffix=")" suffixOverrides=",">
      <if test="id != null">
        id,
      </if>
      <if test="offerId != null">
        offer_id,
      </if>
      <if test="skuId != null">
        sku_id,
      </if>
      <if test="productName != null">
        product_name,
      </if>
      <if test="material != null">
        material,
      </if>
      <if test="specification != null">
        specification,
      </if>
      <if test="quantity != null">
        quantity,
      </if>
      <if test="unit != null">
        unit,
      </if>
      <if test="unitPrice != null">
        unit_price,
      </if>
      <if test="totalPrice != null">
        total_price,
      </if>
      <if test="warehouse != null">
        warehouse,
      </if>
      <if test="facturer != null">
        facturer,
      </if>
      <if test="sendNum != null">
        send_num,
      </if>
      <if test="receivedNum != null">
        received_num,
      </if>
      <if test="orderId != null">
        order_id,
      </if>
      <if test="gmtCreate != null">
        gmt_create,
      </if>
      <if test="gmtModified != null">
        gmt_modified,
      </if>
    </trim>
    <trim prefix="values (" suffix=")" suffixOverrides=",">
      <if test="id != null">
        #{id,jdbcType=BIGINT},
      </if>
      <if test="offerId != null">
        #{offerId,jdbcType=VARCHAR},
      </if>
      <if test="skuId != null">
        #{skuId,jdbcType=VARCHAR},
      </if>
      <if test="productName != null">
        #{productName,jdbcType=VARCHAR},
      </if>
      <if test="material != null">
        #{material,jdbcType=VARCHAR},
      </if>
      <if test="specification != null">
        #{specification,jdbcType=VARCHAR},
      </if>
      <if test="quantity != null">
        #{quantity,jdbcType=DECIMAL},
      </if>
      <if test="unit != null">
        #{unit,jdbcType=VARCHAR},
      </if>
      <if test="unitPrice != null">
        #{unitPrice,jdbcType=BIGINT},
      </if>
      <if test="totalPrice != null">
        #{totalPrice,jdbcType=BIGINT},
      </if>
      <if test="warehouse != null">
        #{warehouse,jdbcType=VARCHAR},
      </if>
      <if test="facturer != null">
        #{facturer,jdbcType=VARCHAR},
      </if>
      <if test="sendNum != null">
        #{sendNum,jdbcType=BIGINT},
      </if>
      <if test="receivedNum != null">
        #{receivedNum,jdbcType=BIGINT},
      </if>
      <if test="orderId != null">
        #{orderId,jdbcType=BIGINT},
      </if>
      <if test="gmtCreate != null">
        #{gmtCreate,jdbcType=TIMESTAMP},
      </if>
      <if test="gmtModified != null">
        #{gmtModified,jdbcType=TIMESTAMP},
      </if>
    </trim>
  </insert>
  <select id="countByExample" parameterType="com.wuage.order.entity.OrderOfferExample" resultType="java.lang.Long">
    select count(*) from tc_order_offer
    <if test="_parameter != null">
      <include refid="Example_Where_Clause" />
    </if>
  </select>
  <update id="updateByExampleSelective" parameterType="map">
    update tc_order_offer
    <set>
      <if test="record.id != null">
        id = #{record.id,jdbcType=BIGINT},
      </if>
      <if test="record.offerId != null">
        offer_id = #{record.offerId,jdbcType=VARCHAR},
      </if>
      <if test="record.skuId != null">
        sku_id = #{record.skuId,jdbcType=VARCHAR},
      </if>
      <if test="record.productName != null">
        product_name = #{record.productName,jdbcType=VARCHAR},
      </if>
      <if test="record.material != null">
        material = #{record.material,jdbcType=VARCHAR},
      </if>
      <if test="record.specification != null">
        specification = #{record.specification,jdbcType=VARCHAR},
      </if>
      <if test="record.quantity != null">
        quantity = #{record.quantity,jdbcType=DECIMAL},
      </if>
      <if test="record.unit != null">
        unit = #{record.unit,jdbcType=VARCHAR},
      </if>
      <if test="record.unitPrice != null">
        unit_price = #{record.unitPrice,jdbcType=BIGINT},
      </if>
      <if test="record.totalPrice != null">
        total_price = #{record.totalPrice,jdbcType=BIGINT},
      </if>
      <if test="record.warehouse != null">
        warehouse = #{record.warehouse,jdbcType=VARCHAR},
      </if>
      <if test="record.facturer != null">
        facturer = #{record.facturer,jdbcType=VARCHAR},
      </if>
      <if test="record.sendNum != null">
        send_num = #{record.sendNum,jdbcType=BIGINT},
      </if>
      <if test="record.receivedNum != null">
        received_num = #{record.receivedNum,jdbcType=BIGINT},
      </if>
      <if test="record.orderId != null">
        order_id = #{record.orderId,jdbcType=BIGINT},
      </if>
      <if test="record.gmtCreate != null">
        gmt_create = #{record.gmtCreate,jdbcType=TIMESTAMP},
      </if>
      <if test="record.gmtModified != null">
        gmt_modified = #{record.gmtModified,jdbcType=TIMESTAMP},
      </if>
    </set>
    <if test="_parameter != null">
      <include refid="Update_By_Example_Where_Clause" />
    </if>
  </update>
  <update id="updateByExample" parameterType="map">
    update tc_order_offer
    set id = #{record.id,jdbcType=BIGINT},
      offer_id = #{record.offerId,jdbcType=VARCHAR},
      sku_id = #{record.skuId,jdbcType=VARCHAR},
      product_name = #{record.productName,jdbcType=VARCHAR},
      material = #{record.material,jdbcType=VARCHAR},
      specification = #{record.specification,jdbcType=VARCHAR},
      quantity = #{record.quantity,jdbcType=DECIMAL},
      unit = #{record.unit,jdbcType=VARCHAR},
      unit_price = #{record.unitPrice,jdbcType=BIGINT},
      total_price = #{record.totalPrice,jdbcType=BIGINT},
      warehouse = #{record.warehouse,jdbcType=VARCHAR},
      facturer = #{record.facturer,jdbcType=VARCHAR},
      send_num = #{record.sendNum,jdbcType=BIGINT},
      received_num = #{record.receivedNum,jdbcType=BIGINT},
      order_id = #{record.orderId,jdbcType=BIGINT},
      gmt_create = #{record.gmtCreate,jdbcType=TIMESTAMP},
      gmt_modified = #{record.gmtModified,jdbcType=TIMESTAMP}
    <if test="_parameter != null">
      <include refid="Update_By_Example_Where_Clause" />
    </if>
  </update>
  <update id="updateByPrimaryKeySelective" parameterType="com.wuage.order.entity.OrderOffer">
    update tc_order_offer
    <set>
      <if test="offerId != null">
        offer_id = #{offerId,jdbcType=VARCHAR},
      </if>
      <if test="skuId != null">
        sku_id = #{skuId,jdbcType=VARCHAR},
      </if>
      <if test="productName != null">
        product_name = #{productName,jdbcType=VARCHAR},
      </if>
      <if test="material != null">
        material = #{material,jdbcType=VARCHAR},
      </if>
      <if test="specification != null">
        specification = #{specification,jdbcType=VARCHAR},
      </if>
      <if test="quantity != null">
        quantity = #{quantity,jdbcType=DECIMAL},
      </if>
      <if test="unit != null">
        unit = #{unit,jdbcType=VARCHAR},
      </if>
      <if test="unitPrice != null">
        unit_price = #{unitPrice,jdbcType=BIGINT},
      </if>
      <if test="totalPrice != null">
        total_price = #{totalPrice,jdbcType=BIGINT},
      </if>
      <if test="warehouse != null">
        warehouse = #{warehouse,jdbcType=VARCHAR},
      </if>
      <if test="facturer != null">
        facturer = #{facturer,jdbcType=VARCHAR},
      </if>
      <if test="sendNum != null">
        send_num = #{sendNum,jdbcType=BIGINT},
      </if>
      <if test="receivedNum != null">
        received_num = #{receivedNum,jdbcType=BIGINT},
      </if>
      <if test="orderId != null">
        order_id = #{orderId,jdbcType=BIGINT},
      </if>
      <if test="gmtCreate != null">
        gmt_create = #{gmtCreate,jdbcType=TIMESTAMP},
      </if>
      <if test="gmtModified != null">
        gmt_modified = #{gmtModified,jdbcType=TIMESTAMP},
      </if>
    </set>
    where id = #{id,jdbcType=BIGINT}
  </update>
  <update id="updateByPrimaryKey" parameterType="com.wuage.order.entity.OrderOffer">
    update tc_order_offer
    set offer_id = #{offerId,jdbcType=VARCHAR},
      sku_id = #{skuId,jdbcType=VARCHAR},
      product_name = #{productName,jdbcType=VARCHAR},
      material = #{material,jdbcType=VARCHAR},
      specification = #{specification,jdbcType=VARCHAR},
      quantity = #{quantity,jdbcType=DECIMAL},
      unit = #{unit,jdbcType=VARCHAR},
      unit_price = #{unitPrice,jdbcType=BIGINT},
      total_price = #{totalPrice,jdbcType=BIGINT},
      warehouse = #{warehouse,jdbcType=VARCHAR},
      facturer = #{facturer,jdbcType=VARCHAR},
      send_num = #{sendNum,jdbcType=BIGINT},
      received_num = #{receivedNum,jdbcType=BIGINT},
      order_id = #{orderId,jdbcType=BIGINT},
      gmt_create = #{gmtCreate,jdbcType=TIMESTAMP},
      gmt_modified = #{gmtModified,jdbcType=TIMESTAMP}
    where id = #{id,jdbcType=BIGINT}
  </update>
  <resultMap id="BaseResultMap" type="com.wuage.order.entity.OrderOffer">
    <id column="id" jdbcType="BIGINT" property="id" />
    <result column="offer_id" jdbcType="VARCHAR" property="offerId" />
    <result column="sku_id" jdbcType="VARCHAR" property="skuId" />
    <result column="product_name" jdbcType="VARCHAR" property="productName" />
    <result column="material" jdbcType="VARCHAR" property="material" />
    <result column="specification" jdbcType="VARCHAR" property="specification" />
    <result column="quantity" jdbcType="DECIMAL" property="quantity" />
    <result column="unit" jdbcType="VARCHAR" property="unit" />
    <result column="unit_price" jdbcType="BIGINT" property="unitPrice" />
    <result column="total_price" jdbcType="BIGINT" property="totalPrice" />
    <result column="warehouse" jdbcType="VARCHAR" property="warehouse" />
    <result column="facturer" jdbcType="VARCHAR" property="facturer" />
    <result column="send_num" jdbcType="BIGINT" property="sendNum" />
    <result column="received_num" jdbcType="BIGINT" property="receivedNum" />
    <result column="order_id" jdbcType="BIGINT" property="orderId" />
    <result column="gmt_create" jdbcType="TIMESTAMP" property="gmtCreate" />
    <result column="gmt_modified" jdbcType="TIMESTAMP" property="gmtModified" />
  </resultMap>
  <sql id="Example_Where_Clause">
    <where>
      <foreach collection="oredCriteria" item="criteria" separator="or">
        <if test="criteria.valid">
          <trim prefix="(" prefixOverrides="and" suffix=")">
            <foreach collection="criteria.criteria" item="criterion">
              <choose>
                <when test="criterion.noValue">
                  and ${criterion.condition}
                </when>
                <when test="criterion.singleValue">
                  and ${criterion.condition} #{criterion.value}
                </when>
                <when test="criterion.betweenValue">
                  and ${criterion.condition} #{criterion.value} and #{criterion.secondValue}
                </when>
                <when test="criterion.listValue">
                  and ${criterion.condition}
                  <foreach close=")" collection="criterion.value" item="listItem" open="(" separator=",">
                    #{listItem}
                  </foreach>
                </when>
              </choose>
            </foreach>
          </trim>
        </if>
      </foreach>
    </where>
  </sql>
  <sql id="Update_By_Example_Where_Clause">
    <where>
      <foreach collection="example.oredCriteria" item="criteria" separator="or">
        <if test="criteria.valid">
          <trim prefix="(" prefixOverrides="and" suffix=")">
            <foreach collection="criteria.criteria" item="criterion">
              <choose>
                <when test="criterion.noValue">
                  and ${criterion.condition}
                </when>
                <when test="criterion.singleValue">
                  and ${criterion.condition} #{criterion.value}
                </when>
                <when test="criterion.betweenValue">
                  and ${criterion.condition} #{criterion.value} and #{criterion.secondValue}
                </when>
                <when test="criterion.listValue">
                  and ${criterion.condition}
                  <foreach close=")" collection="criterion.value" item="listItem" open="(" separator=",">
                    #{listItem}
                  </foreach>
                </when>
              </choose>
            </foreach>
          </trim>
        </if>
      </foreach>
    </where>
  </sql>
  <sql id="Base_Column_List">
    id, offer_id, sku_id, product_name, material, specification, quantity, unit, unit_price, 
    total_price, warehouse, facturer, send_num, received_num, order_id, gmt_create, gmt_modified
  </sql>
  <select id="selectByExample" parameterType="com.wuage.order.entity.OrderOfferExample" resultMap="BaseResultMap">
    select
    <if test="distinct">
      distinct
    </if>
    <include refid="Base_Column_List" />
    from tc_order_offer
    <if test="_parameter != null">
      <include refid="Example_Where_Clause" />
    </if>
    <if test="orderByClause != null">
      order by ${orderByClause}
    </if>
    <if test="limitStart &gt;= 0">
       limit ${limitStart} , ${pageSize}
    </if>
  </select>
  <select id="selectByPrimaryKey" parameterType="java.lang.Long" resultMap="BaseResultMap">
    select 
    <include refid="Base_Column_List" />
    from tc_order_offer
    where id = #{id,jdbcType=BIGINT}
  </select>
  <delete id="deleteByPrimaryKey" parameterType="java.lang.Long">
    delete from tc_order_offer
    where id = #{id,jdbcType=BIGINT}
  </delete>
  <delete id="deleteByExample" parameterType="com.wuage.order.entity.OrderOfferExample">
    delete from tc_order_offer
    <if test="_parameter != null">
      <include refid="Example_Where_Clause" />
    </if>
  </delete>
  <insert id="insert" parameterType="com.wuage.order.entity.OrderOffer">
    insert into tc_order_offer (id, offer_id, sku_id, 
      product_name, material, specification, 
      quantity, unit, unit_price, 
      total_price, warehouse, facturer, 
      send_num, received_num, order_id, 
      gmt_create, gmt_modified)
    values (#{id,jdbcType=BIGINT}, #{offerId,jdbcType=VARCHAR}, #{skuId,jdbcType=VARCHAR}, 
      #{productName,jdbcType=VARCHAR}, #{material,jdbcType=VARCHAR}, #{specification,jdbcType=VARCHAR}, 
      #{quantity,jdbcType=DECIMAL}, #{unit,jdbcType=VARCHAR}, #{unitPrice,jdbcType=BIGINT}, 
      #{totalPrice,jdbcType=BIGINT}, #{warehouse,jdbcType=VARCHAR}, #{facturer,jdbcType=VARCHAR}, 
      #{sendNum,jdbcType=BIGINT}, #{receivedNum,jdbcType=BIGINT}, #{orderId,jdbcType=BIGINT}, 
      #{gmtCreate,jdbcType=TIMESTAMP}, #{gmtModified,jdbcType=TIMESTAMP})
  </insert>
  <insert id="insertSelective" parameterType="com.wuage.order.entity.OrderOffer">
    insert into tc_order_offer
    <trim prefix="(" suffix=")" suffixOverrides=",">
      <if test="id != null">
        id,
      </if>
      <if test="offerId != null">
        offer_id,
      </if>
      <if test="skuId != null">
        sku_id,
      </if>
      <if test="productName != null">
        product_name,
      </if>
      <if test="material != null">
        material,
      </if>
      <if test="specification != null">
        specification,
      </if>
      <if test="quantity != null">
        quantity,
      </if>
      <if test="unit != null">
        unit,
      </if>
      <if test="unitPrice != null">
        unit_price,
      </if>
      <if test="totalPrice != null">
        total_price,
      </if>
      <if test="warehouse != null">
        warehouse,
      </if>
      <if test="facturer != null">
        facturer,
      </if>
      <if test="sendNum != null">
        send_num,
      </if>
      <if test="receivedNum != null">
        received_num,
      </if>
      <if test="orderId != null">
        order_id,
      </if>
      <if test="gmtCreate != null">
        gmt_create,
      </if>
      <if test="gmtModified != null">
        gmt_modified,
      </if>
    </trim>
    <trim prefix="values (" suffix=")" suffixOverrides=",">
      <if test="id != null">
        #{id,jdbcType=BIGINT},
      </if>
      <if test="offerId != null">
        #{offerId,jdbcType=VARCHAR},
      </if>
      <if test="skuId != null">
        #{skuId,jdbcType=VARCHAR},
      </if>
      <if test="productName != null">
        #{productName,jdbcType=VARCHAR},
      </if>
      <if test="material != null">
        #{material,jdbcType=VARCHAR},
      </if>
      <if test="specification != null">
        #{specification,jdbcType=VARCHAR},
      </if>
      <if test="quantity != null">
        #{quantity,jdbcType=DECIMAL},
      </if>
      <if test="unit != null">
        #{unit,jdbcType=VARCHAR},
      </if>
      <if test="unitPrice != null">
        #{unitPrice,jdbcType=BIGINT},
      </if>
      <if test="totalPrice != null">
        #{totalPrice,jdbcType=BIGINT},
      </if>
      <if test="warehouse != null">
        #{warehouse,jdbcType=VARCHAR},
      </if>
      <if test="facturer != null">
        #{facturer,jdbcType=VARCHAR},
      </if>
      <if test="sendNum != null">
        #{sendNum,jdbcType=BIGINT},
      </if>
      <if test="receivedNum != null">
        #{receivedNum,jdbcType=BIGINT},
      </if>
      <if test="orderId != null">
        #{orderId,jdbcType=BIGINT},
      </if>
      <if test="gmtCreate != null">
        #{gmtCreate,jdbcType=TIMESTAMP},
      </if>
      <if test="gmtModified != null">
        #{gmtModified,jdbcType=TIMESTAMP},
      </if>
    </trim>
  </insert>
  <select id="countByExample" parameterType="com.wuage.order.entity.OrderOfferExample" resultType="java.lang.Long">
    select count(*) from tc_order_offer
    <if test="_parameter != null">
      <include refid="Example_Where_Clause" />
    </if>
  </select>
  <update id="updateByExampleSelective" parameterType="map">
    update tc_order_offer
    <set>
      <if test="record.id != null">
        id = #{record.id,jdbcType=BIGINT},
      </if>
      <if test="record.offerId != null">
        offer_id = #{record.offerId,jdbcType=VARCHAR},
      </if>
      <if test="record.skuId != null">
        sku_id = #{record.skuId,jdbcType=VARCHAR},
      </if>
      <if test="record.productName != null">
        product_name = #{record.productName,jdbcType=VARCHAR},
      </if>
      <if test="record.material != null">
        material = #{record.material,jdbcType=VARCHAR},
      </if>
      <if test="record.specification != null">
        specification = #{record.specification,jdbcType=VARCHAR},
      </if>
      <if test="record.quantity != null">
        quantity = #{record.quantity,jdbcType=DECIMAL},
      </if>
      <if test="record.unit != null">
        unit = #{record.unit,jdbcType=VARCHAR},
      </if>
      <if test="record.unitPrice != null">
        unit_price = #{record.unitPrice,jdbcType=BIGINT},
      </if>
      <if test="record.totalPrice != null">
        total_price = #{record.totalPrice,jdbcType=BIGINT},
      </if>
      <if test="record.warehouse != null">
        warehouse = #{record.warehouse,jdbcType=VARCHAR},
      </if>
      <if test="record.facturer != null">
        facturer = #{record.facturer,jdbcType=VARCHAR},
      </if>
      <if test="record.sendNum != null">
        send_num = #{record.sendNum,jdbcType=BIGINT},
      </if>
      <if test="record.receivedNum != null">
        received_num = #{record.receivedNum,jdbcType=BIGINT},
      </if>
      <if test="record.orderId != null">
        order_id = #{record.orderId,jdbcType=BIGINT},
      </if>
      <if test="record.gmtCreate != null">
        gmt_create = #{record.gmtCreate,jdbcType=TIMESTAMP},
      </if>
      <if test="record.gmtModified != null">
        gmt_modified = #{record.gmtModified,jdbcType=TIMESTAMP},
      </if>
    </set>
    <if test="_parameter != null">
      <include refid="Update_By_Example_Where_Clause" />
    </if>
  </update>
  <update id="updateByExample" parameterType="map">
    update tc_order_offer
    set id = #{record.id,jdbcType=BIGINT},
      offer_id = #{record.offerId,jdbcType=VARCHAR},
      sku_id = #{record.skuId,jdbcType=VARCHAR},
      product_name = #{record.productName,jdbcType=VARCHAR},
      material = #{record.material,jdbcType=VARCHAR},
      specification = #{record.specification,jdbcType=VARCHAR},
      quantity = #{record.quantity,jdbcType=DECIMAL},
      unit = #{record.unit,jdbcType=VARCHAR},
      unit_price = #{record.unitPrice,jdbcType=BIGINT},
      total_price = #{record.totalPrice,jdbcType=BIGINT},
      warehouse = #{record.warehouse,jdbcType=VARCHAR},
      facturer = #{record.facturer,jdbcType=VARCHAR},
      send_num = #{record.sendNum,jdbcType=BIGINT},
      received_num = #{record.receivedNum,jdbcType=BIGINT},
      order_id = #{record.orderId,jdbcType=BIGINT},
      gmt_create = #{record.gmtCreate,jdbcType=TIMESTAMP},
      gmt_modified = #{record.gmtModified,jdbcType=TIMESTAMP}
    <if test="_parameter != null">
      <include refid="Update_By_Example_Where_Clause" />
    </if>
  </update>
  <update id="updateByPrimaryKeySelective" parameterType="com.wuage.order.entity.OrderOffer">
    update tc_order_offer
    <set>
      <if test="offerId != null">
        offer_id = #{offerId,jdbcType=VARCHAR},
      </if>
      <if test="skuId != null">
        sku_id = #{skuId,jdbcType=VARCHAR},
      </if>
      <if test="productName != null">
        product_name = #{productName,jdbcType=VARCHAR},
      </if>
      <if test="material != null">
        material = #{material,jdbcType=VARCHAR},
      </if>
      <if test="specification != null">
        specification = #{specification,jdbcType=VARCHAR},
      </if>
      <if test="quantity != null">
        quantity = #{quantity,jdbcType=DECIMAL},
      </if>
      <if test="unit != null">
        unit = #{unit,jdbcType=VARCHAR},
      </if>
      <if test="unitPrice != null">
        unit_price = #{unitPrice,jdbcType=BIGINT},
      </if>
      <if test="totalPrice != null">
        total_price = #{totalPrice,jdbcType=BIGINT},
      </if>
      <if test="warehouse != null">
        warehouse = #{warehouse,jdbcType=VARCHAR},
      </if>
      <if test="facturer != null">
        facturer = #{facturer,jdbcType=VARCHAR},
      </if>
      <if test="sendNum != null">
        send_num = #{sendNum,jdbcType=BIGINT},
      </if>
      <if test="receivedNum != null">
        received_num = #{receivedNum,jdbcType=BIGINT},
      </if>
      <if test="orderId != null">
        order_id = #{orderId,jdbcType=BIGINT},
      </if>
      <if test="gmtCreate != null">
        gmt_create = #{gmtCreate,jdbcType=TIMESTAMP},
      </if>
      <if test="gmtModified != null">
        gmt_modified = #{gmtModified,jdbcType=TIMESTAMP},
      </if>
    </set>
    where id = #{id,jdbcType=BIGINT}
  </update>
  <update id="updateByPrimaryKey" parameterType="com.wuage.order.entity.OrderOffer">
    update tc_order_offer
    set offer_id = #{offerId,jdbcType=VARCHAR},
      sku_id = #{skuId,jdbcType=VARCHAR},
      product_name = #{productName,jdbcType=VARCHAR},
      material = #{material,jdbcType=VARCHAR},
      specification = #{specification,jdbcType=VARCHAR},
      quantity = #{quantity,jdbcType=DECIMAL},
      unit = #{unit,jdbcType=VARCHAR},
      unit_price = #{unitPrice,jdbcType=BIGINT},
      total_price = #{totalPrice,jdbcType=BIGINT},
      warehouse = #{warehouse,jdbcType=VARCHAR},
      facturer = #{facturer,jdbcType=VARCHAR},
      send_num = #{sendNum,jdbcType=BIGINT},
      received_num = #{receivedNum,jdbcType=BIGINT},
      order_id = #{orderId,jdbcType=BIGINT},
      gmt_create = #{gmtCreate,jdbcType=TIMESTAMP},
      gmt_modified = #{gmtModified,jdbcType=TIMESTAMP}
    where id = #{id,jdbcType=BIGINT}
  </update>
</mapper>