<?xml version="1.0" encoding="UTF-8"?>
<!DOCTYPE mapper PUBLIC "-//mybatis.org//DTD Mapper 3.0//EN" "http://mybatis.org/dtd/mybatis-3-mapper.dtd">
<mapper namespace="com.wuage.order.dao.OrderStageMapper">
  <resultMap id="BaseResultMap" type="com.wuage.order.entity.OrderStage">
    <id column="id" jdbcType="BIGINT" property="id" />
    <result column="stage_seq" jdbcType="VARCHAR" property="stageSeq" />
    <result column="sum_money" jdbcType="BIGINT" property="sumMoney" />
    <result column="pay_time" jdbcType="TIMESTAMP" property="payTime" />
    <result column="pay_timeout" jdbcType="TIMESTAMP" property="payTimeout" />
    <result column="send_time" jdbcType="TIMESTAMP" property="sendTime" />
    <result column="receive_time" jdbcType="TIMESTAMP" property="receiveTime" />
    <result column="receive_timeout" jdbcType="TIMESTAMP" property="receiveTimeout" />
    <result column="delay_receive_timeout" jdbcType="TIMESTAMP" property="delayReceiveTimeout" />
    <result column="order_id" jdbcType="BIGINT" property="orderId" />
    <result column="status" jdbcType="SMALLINT" property="status" />
    <result column="send_status" jdbcType="INTEGER" property="sendStatus" />
    <result column="receive_status" jdbcType="INTEGER" property="receiveStatus" />
    <result column="payment_status" jdbcType="INTEGER" property="paymentStatus" />
    <result column="gmt_create" jdbcType="TIMESTAMP" property="gmtCreate" />
    <result column="gmt_modified" jdbcType="TIMESTAMP" property="gmtModified" />
  </resultMap>
  <sql id="Example_Where_Clause">
    <where>
      <foreach collection="oredCriteria" item="criteria" separator="or">
        <if test="criteria.valid">
          <trim prefix="(" prefixOverrides="and" suffix=")">
            <foreach collection="criteria.criteria" item="criterion">
              <choose>
                <when test="criterion.noValue">
                  and ${criterion.condition}
                </when>
                <when test="criterion.singleValue">
                  and ${criterion.condition} #{criterion.value}
                </when>
                <when test="criterion.betweenValue">
                  and ${criterion.condition} #{criterion.value} and #{criterion.secondValue}
                </when>
                <when test="criterion.listValue">
                  and ${criterion.condition}
                  <foreach close=")" collection="criterion.value" item="listItem" open="(" separator=",">
                    #{listItem}
                  </foreach>
                </when>
              </choose>
            </foreach>
          </trim>
        </if>
      </foreach>
    </where>
  </sql>
  <sql id="Update_By_Example_Where_Clause">
    <where>
      <foreach collection="example.oredCriteria" item="criteria" separator="or">
        <if test="criteria.valid">
          <trim prefix="(" prefixOverrides="and" suffix=")">
            <foreach collection="criteria.criteria" item="criterion">
              <choose>
                <when test="criterion.noValue">
                  and ${criterion.condition}
                </when>
                <when test="criterion.singleValue">
                  and ${criterion.condition} #{criterion.value}
                </when>
                <when test="criterion.betweenValue">
                  and ${criterion.condition} #{criterion.value} and #{criterion.secondValue}
                </when>
                <when test="criterion.listValue">
                  and ${criterion.condition}
                  <foreach close=")" collection="criterion.value" item="listItem" open="(" separator=",">
                    #{listItem}
                  </foreach>
                </when>
              </choose>
            </foreach>
          </trim>
        </if>
      </foreach>
    </where>
  </sql>
  <sql id="Base_Column_List">
    id, stage_seq, sum_money, pay_time, pay_timeout, send_time, receive_time, receive_timeout, 
    delay_receive_timeout, order_id, status, send_status, receive_status, payment_status, 
    gmt_create, gmt_modified
  </sql>
  <select id="selectByExample" parameterType="com.wuage.order.entity.OrderStageExample" resultMap="BaseResultMap">
    select
    <if test="distinct">
      distinct
    </if>
    <include refid="Base_Column_List" />
    from tc_order_stage
    <if test="_parameter != null">
      <include refid="Example_Where_Clause" />
    </if>
    <if test="orderByClause != null">
      order by ${orderByClause}
    </if>
    <if test="limitStart &gt;= 0">
       limit ${limitStart} , ${pageSize}
    </if>
  </select>
  <select id="selectByPrimaryKey" parameterType="java.lang.Long" resultMap="BaseResultMap">
    select 
    <include refid="Base_Column_List" />
    from tc_order_stage
    where id = #{id,jdbcType=BIGINT}
  </select>
  <delete id="deleteByPrimaryKey" parameterType="java.lang.Long">
    delete from tc_order_stage
    where id = #{id,jdbcType=BIGINT}
  </delete>
  <delete id="deleteByExample" parameterType="com.wuage.order.entity.OrderStageExample">
    delete from tc_order_stage
    <if test="_parameter != null">
      <include refid="Example_Where_Clause" />
    </if>
  </delete>
  <insert id="insert" parameterType="com.wuage.order.entity.OrderStage">
    insert into tc_order_stage (id, stage_seq, sum_money, 
      pay_time, pay_timeout, send_time, 
      receive_time, receive_timeout, delay_receive_timeout, 
      order_id, status, send_status, 
      receive_status, payment_status, gmt_create, 
      gmt_modified)
    values (#{id,jdbcType=BIGINT}, #{stageSeq,jdbcType=VARCHAR}, #{sumMoney,jdbcType=BIGINT}, 
      #{payTime,jdbcType=TIMESTAMP}, #{payTimeout,jdbcType=TIMESTAMP}, #{sendTime,jdbcType=TIMESTAMP}, 
      #{receiveTime,jdbcType=TIMESTAMP}, #{receiveTimeout,jdbcType=TIMESTAMP}, #{delayReceiveTimeout,jdbcType=TIMESTAMP}, 
      #{orderId,jdbcType=BIGINT}, #{status,jdbcType=SMALLINT}, #{sendStatus,jdbcType=INTEGER}, 
      #{receiveStatus,jdbcType=INTEGER}, #{paymentStatus,jdbcType=INTEGER}, #{gmtCreate,jdbcType=TIMESTAMP}, 
      #{gmtModified,jdbcType=TIMESTAMP})
  </insert>
  <insert id="insertSelective" parameterType="com.wuage.order.entity.OrderStage">
    insert into tc_order_stage
    <trim prefix="(" suffix=")" suffixOverrides=",">
      <if test="id != null">
        id,
      </if>
      <if test="stageSeq != null">
        stage_seq,
      </if>
      <if test="sumMoney != null">
        sum_money,
      </if>
      <if test="payTime != null">
        pay_time,
      </if>
      <if test="payTimeout != null">
        pay_timeout,
      </if>
      <if test="sendTime != null">
        send_time,
      </if>
      <if test="receiveTime != null">
        receive_time,
      </if>
      <if test="receiveTimeout != null">
        receive_timeout,
      </if>
      <if test="delayReceiveTimeout != null">
        delay_receive_timeout,
      </if>
      <if test="orderId != null">
        order_id,
      </if>
      <if test="status != null">
        status,
      </if>
      <if test="sendStatus != null">
        send_status,
      </if>
      <if test="receiveStatus != null">
        receive_status,
      </if>
      <if test="paymentStatus != null">
        payment_status,
      </if>
      <if test="gmtCreate != null">
        gmt_create,
      </if>
      <if test="gmtModified != null">
        gmt_modified,
      </if>
    </trim>
    <trim prefix="values (" suffix=")" suffixOverrides=",">
      <if test="id != null">
        #{id,jdbcType=BIGINT},
      </if>
      <if test="stageSeq != null">
        #{stageSeq,jdbcType=VARCHAR},
      </if>
      <if test="sumMoney != null">
        #{sumMoney,jdbcType=BIGINT},
      </if>
      <if test="payTime != null">
        #{payTime,jdbcType=TIMESTAMP},
      </if>
      <if test="payTimeout != null">
        #{payTimeout,jdbcType=TIMESTAMP},
      </if>
      <if test="sendTime != null">
        #{sendTime,jdbcType=TIMESTAMP},
      </if>
      <if test="receiveTime != null">
        #{receiveTime,jdbcType=TIMESTAMP},
      </if>
      <if test="receiveTimeout != null">
        #{receiveTimeout,jdbcType=TIMESTAMP},
      </if>
      <if test="delayReceiveTimeout != null">
        #{delayReceiveTimeout,jdbcType=TIMESTAMP},
      </if>
      <if test="orderId != null">
        #{orderId,jdbcType=BIGINT},
      </if>
      <if test="status != null">
        #{status,jdbcType=SMALLINT},
      </if>
      <if test="sendStatus != null">
        #{sendStatus,jdbcType=INTEGER},
      </if>
      <if test="receiveStatus != null">
        #{receiveStatus,jdbcType=INTEGER},
      </if>
      <if test="paymentStatus != null">
        #{paymentStatus,jdbcType=INTEGER},
      </if>
      <if test="gmtCreate != null">
        #{gmtCreate,jdbcType=TIMESTAMP},
      </if>
      <if test="gmtModified != null">
        #{gmtModified,jdbcType=TIMESTAMP},
      </if>
    </trim>
  </insert>
  <select id="countByExample" parameterType="com.wuage.order.entity.OrderStageExample" resultType="java.lang.Long">
    select count(*) from tc_order_stage
    <if test="_parameter != null">
      <include refid="Example_Where_Clause" />
    </if>
  </select>
  <update id="updateByExampleSelective" parameterType="map">
    update tc_order_stage
    <set>
      <if test="record.id != null">
        id = #{record.id,jdbcType=BIGINT},
      </if>
      <if test="record.stageSeq != null">
        stage_seq = #{record.stageSeq,jdbcType=VARCHAR},
      </if>
      <if test="record.sumMoney != null">
        sum_money = #{record.sumMoney,jdbcType=BIGINT},
      </if>
      <if test="record.payTime != null">
        pay_time = #{record.payTime,jdbcType=TIMESTAMP},
      </if>
      <if test="record.payTimeout != null">
        pay_timeout = #{record.payTimeout,jdbcType=TIMESTAMP},
      </if>
      <if test="record.sendTime != null">
        send_time = #{record.sendTime,jdbcType=TIMESTAMP},
      </if>
      <if test="record.receiveTime != null">
        receive_time = #{record.receiveTime,jdbcType=TIMESTAMP},
      </if>
      <if test="record.receiveTimeout != null">
        receive_timeout = #{record.receiveTimeout,jdbcType=TIMESTAMP},
      </if>
      <if test="record.delayReceiveTimeout != null">
        delay_receive_timeout = #{record.delayReceiveTimeout,jdbcType=TIMESTAMP},
      </if>
      <if test="record.orderId != null">
        order_id = #{record.orderId,jdbcType=BIGINT},
      </if>
      <if test="record.status != null">
        status = #{record.status,jdbcType=SMALLINT},
      </if>
      <if test="record.sendStatus != null">
        send_status = #{record.sendStatus,jdbcType=INTEGER},
      </if>
      <if test="record.receiveStatus != null">
        receive_status = #{record.receiveStatus,jdbcType=INTEGER},
      </if>
      <if test="record.paymentStatus != null">
        payment_status = #{record.paymentStatus,jdbcType=INTEGER},
      </if>
      <if test="record.gmtCreate != null">
        gmt_create = #{record.gmtCreate,jdbcType=TIMESTAMP},
      </if>
      <if test="record.gmtModified != null">
        gmt_modified = #{record.gmtModified,jdbcType=TIMESTAMP},
      </if>
    </set>
    <if test="_parameter != null">
      <include refid="Update_By_Example_Where_Clause" />
    </if>
  </update>
  <update id="updateByExample" parameterType="map">
    update tc_order_stage
    set id = #{record.id,jdbcType=BIGINT},
      stage_seq = #{record.stageSeq,jdbcType=VARCHAR},
      sum_money = #{record.sumMoney,jdbcType=BIGINT},
      pay_time = #{record.payTime,jdbcType=TIMESTAMP},
      pay_timeout = #{record.payTimeout,jdbcType=TIMESTAMP},
      send_time = #{record.sendTime,jdbcType=TIMESTAMP},
      receive_time = #{record.receiveTime,jdbcType=TIMESTAMP},
      receive_timeout = #{record.receiveTimeout,jdbcType=TIMESTAMP},
      delay_receive_timeout = #{record.delayReceiveTimeout,jdbcType=TIMESTAMP},
      order_id = #{record.orderId,jdbcType=BIGINT},
      status = #{record.status,jdbcType=SMALLINT},
      send_status = #{record.sendStatus,jdbcType=INTEGER},
      receive_status = #{record.receiveStatus,jdbcType=INTEGER},
      payment_status = #{record.paymentStatus,jdbcType=INTEGER},
      gmt_create = #{record.gmtCreate,jdbcType=TIMESTAMP},
      gmt_modified = #{record.gmtModified,jdbcType=TIMESTAMP}
    <if test="_parameter != null">
      <include refid="Update_By_Example_Where_Clause" />
    </if>
  </update>
  <update id="updateByPrimaryKeySelective" parameterType="com.wuage.order.entity.OrderStage">
    update tc_order_stage
    <set>
      <if test="stageSeq != null">
        stage_seq = #{stageSeq,jdbcType=VARCHAR},
      </if>
      <if test="sumMoney != null">
        sum_money = #{sumMoney,jdbcType=BIGINT},
      </if>
      <if test="payTime != null">
        pay_time = #{payTime,jdbcType=TIMESTAMP},
      </if>
      <if test="payTimeout != null">
        pay_timeout = #{payTimeout,jdbcType=TIMESTAMP},
      </if>
      <if test="sendTime != null">
        send_time = #{sendTime,jdbcType=TIMESTAMP},
      </if>
      <if test="receiveTime != null">
        receive_time = #{receiveTime,jdbcType=TIMESTAMP},
      </if>
      <if test="receiveTimeout != null">
        receive_timeout = #{receiveTimeout,jdbcType=TIMESTAMP},
      </if>
      <if test="delayReceiveTimeout != null">
        delay_receive_timeout = #{delayReceiveTimeout,jdbcType=TIMESTAMP},
      </if>
      <if test="orderId != null">
        order_id = #{orderId,jdbcType=BIGINT},
      </if>
      <if test="status != null">
        status = #{status,jdbcType=SMALLINT},
      </if>
      <if test="sendStatus != null">
        send_status = #{sendStatus,jdbcType=INTEGER},
      </if>
      <if test="receiveStatus != null">
        receive_status = #{receiveStatus,jdbcType=INTEGER},
      </if>
      <if test="paymentStatus != null">
        payment_status = #{paymentStatus,jdbcType=INTEGER},
      </if>
      <if test="gmtCreate != null">
        gmt_create = #{gmtCreate,jdbcType=TIMESTAMP},
      </if>
      <if test="gmtModified != null">
        gmt_modified = #{gmtModified,jdbcType=TIMESTAMP},
      </if>
    </set>
    where id = #{id,jdbcType=BIGINT}
  </update>
  <update id="updateByPrimaryKey" parameterType="com.wuage.order.entity.OrderStage">
    update tc_order_stage
    set stage_seq = #{stageSeq,jdbcType=VARCHAR},
      sum_money = #{sumMoney,jdbcType=BIGINT},
      pay_time = #{payTime,jdbcType=TIMESTAMP},
      pay_timeout = #{payTimeout,jdbcType=TIMESTAMP},
      send_time = #{sendTime,jdbcType=TIMESTAMP},
      receive_time = #{receiveTime,jdbcType=TIMESTAMP},
      receive_timeout = #{receiveTimeout,jdbcType=TIMESTAMP},
      delay_receive_timeout = #{delayReceiveTimeout,jdbcType=TIMESTAMP},
      order_id = #{orderId,jdbcType=BIGINT},
      status = #{status,jdbcType=SMALLINT},
      send_status = #{sendStatus,jdbcType=INTEGER},
      receive_status = #{receiveStatus,jdbcType=INTEGER},
      payment_status = #{paymentStatus,jdbcType=INTEGER},
      gmt_create = #{gmtCreate,jdbcType=TIMESTAMP},
      gmt_modified = #{gmtModified,jdbcType=TIMESTAMP}
    where id = #{id,jdbcType=BIGINT}
  </update>
  <resultMap id="BaseResultMap" type="com.wuage.order.entity.OrderStage">
    <id column="id" jdbcType="BIGINT" property="id" />
    <result column="stage_seq" jdbcType="VARCHAR" property="stageSeq" />
    <result column="sum_money" jdbcType="BIGINT" property="sumMoney" />
    <result column="pay_time" jdbcType="TIMESTAMP" property="payTime" />
    <result column="pay_timeout" jdbcType="TIMESTAMP" property="payTimeout" />
    <result column="send_time" jdbcType="TIMESTAMP" property="sendTime" />
    <result column="receive_timeout" jdbcType="TIMESTAMP" property="receiveTimeout" />
    <result column="delay_receive_timeout" jdbcType="TIMESTAMP" property="delayReceiveTimeout" />
    <result column="order_id" jdbcType="BIGINT" property="orderId" />
    <result column="status" jdbcType="SMALLINT" property="status" />
    <result column="send_status" jdbcType="INTEGER" property="sendStatus" />
    <result column="receive_status" jdbcType="INTEGER" property="receiveStatus" />
    <result column="payment_status" jdbcType="INTEGER" property="paymentStatus" />
    <result column="gmt_create" jdbcType="TIMESTAMP" property="gmtCreate" />
    <result column="gmt_modified" jdbcType="TIMESTAMP" property="gmtModified" />
  </resultMap>
  <sql id="Example_Where_Clause">
    <where>
      <foreach collection="oredCriteria" item="criteria" separator="or">
        <if test="criteria.valid">
          <trim prefix="(" prefixOverrides="and" suffix=")">
            <foreach collection="criteria.criteria" item="criterion">
              <choose>
                <when test="criterion.noValue">
                  and ${criterion.condition}
                </when>
                <when test="criterion.singleValue">
                  and ${criterion.condition} #{criterion.value}
                </when>
                <when test="criterion.betweenValue">
                  and ${criterion.condition} #{criterion.value} and #{criterion.secondValue}
                </when>
                <when test="criterion.listValue">
                  and ${criterion.condition}
                  <foreach close=")" collection="criterion.value" item="listItem" open="(" separator=",">
                    #{listItem}
                  </foreach>
                </when>
              </choose>
            </foreach>
          </trim>
        </if>
      </foreach>
    </where>
  </sql>
  <sql id="Update_By_Example_Where_Clause">
    <where>
      <foreach collection="example.oredCriteria" item="criteria" separator="or">
        <if test="criteria.valid">
          <trim prefix="(" prefixOverrides="and" suffix=")">
            <foreach collection="criteria.criteria" item="criterion">
              <choose>
                <when test="criterion.noValue">
                  and ${criterion.condition}
                </when>
                <when test="criterion.singleValue">
                  and ${criterion.condition} #{criterion.value}
                </when>
                <when test="criterion.betweenValue">
                  and ${criterion.condition} #{criterion.value} and #{criterion.secondValue}
                </when>
                <when test="criterion.listValue">
                  and ${criterion.condition}
                  <foreach close=")" collection="criterion.value" item="listItem" open="(" separator=",">
                    #{listItem}
                  </foreach>
                </when>
              </choose>
            </foreach>
          </trim>
        </if>
      </foreach>
    </where>
  </sql>
  <sql id="Base_Column_List">
    id, stage_seq, sum_money, pay_time, pay_timeout, send_time, receive_timeout, delay_receive_timeout, 
    order_id, status, send_status, receive_status, payment_status, gmt_create, gmt_modified
  </sql>
  <select id="selectByExample" parameterType="com.wuage.order.entity.OrderStageExample" resultMap="BaseResultMap">
    select
    <if test="distinct">
      distinct
    </if>
    <include refid="Base_Column_List" />
    from tc_order_stage
    <if test="_parameter != null">
      <include refid="Example_Where_Clause" />
    </if>
    <if test="orderByClause != null">
      order by ${orderByClause}
    </if>
    <if test="limitStart &gt;= 0">
       limit ${limitStart} , ${pageSize}
    </if>
  </select>
  <select id="selectByPrimaryKey" parameterType="java.lang.Long" resultMap="BaseResultMap">
    select 
    <include refid="Base_Column_List" />
    from tc_order_stage
    where id = #{id,jdbcType=BIGINT}
  </select>
  <delete id="deleteByPrimaryKey" parameterType="java.lang.Long">
    delete from tc_order_stage
    where id = #{id,jdbcType=BIGINT}
  </delete>
  <delete id="deleteByExample" parameterType="com.wuage.order.entity.OrderStageExample">
    delete from tc_order_stage
    <if test="_parameter != null">
      <include refid="Example_Where_Clause" />
    </if>
  </delete>
  <insert id="insert" parameterType="com.wuage.order.entity.OrderStage">
    insert into tc_order_stage (id, stage_seq, sum_money, 
      pay_time, pay_timeout, send_time, 
      receive_timeout, delay_receive_timeout, 
      order_id, status, send_status, 
      receive_status, payment_status, gmt_create, 
      gmt_modified)
    values (#{id,jdbcType=BIGINT}, #{stageSeq,jdbcType=VARCHAR}, #{sumMoney,jdbcType=BIGINT}, 
      #{payTime,jdbcType=TIMESTAMP}, #{payTimeout,jdbcType=TIMESTAMP}, #{sendTime,jdbcType=TIMESTAMP}, 
      #{receiveTimeout,jdbcType=TIMESTAMP}, #{delayReceiveTimeout,jdbcType=TIMESTAMP}, 
      #{orderId,jdbcType=BIGINT}, #{status,jdbcType=SMALLINT}, #{sendStatus,jdbcType=INTEGER}, 
      #{receiveStatus,jdbcType=INTEGER}, #{paymentStatus,jdbcType=INTEGER}, #{gmtCreate,jdbcType=TIMESTAMP}, 
      #{gmtModified,jdbcType=TIMESTAMP})
  </insert>
  <insert id="insertSelective" parameterType="com.wuage.order.entity.OrderStage">
    insert into tc_order_stage
    <trim prefix="(" suffix=")" suffixOverrides=",">
      <if test="id != null">
        id,
      </if>
      <if test="stageSeq != null">
        stage_seq,
      </if>
      <if test="sumMoney != null">
        sum_money,
      </if>
      <if test="payTime != null">
        pay_time,
      </if>
      <if test="payTimeout != null">
        pay_timeout,
      </if>
      <if test="sendTime != null">
        send_time,
      </if>
      <if test="receiveTimeout != null">
        receive_timeout,
      </if>
      <if test="delayReceiveTimeout != null">
        delay_receive_timeout,
      </if>
      <if test="orderId != null">
        order_id,
      </if>
      <if test="status != null">
        status,
      </if>
      <if test="sendStatus != null">
        send_status,
      </if>
      <if test="receiveStatus != null">
        receive_status,
      </if>
      <if test="paymentStatus != null">
        payment_status,
      </if>
      <if test="gmtCreate != null">
        gmt_create,
      </if>
      <if test="gmtModified != null">
        gmt_modified,
      </if>
    </trim>
    <trim prefix="values (" suffix=")" suffixOverrides=",">
      <if test="id != null">
        #{id,jdbcType=BIGINT},
      </if>
      <if test="stageSeq != null">
        #{stageSeq,jdbcType=VARCHAR},
      </if>
      <if test="sumMoney != null">
        #{sumMoney,jdbcType=BIGINT},
      </if>
      <if test="payTime != null">
        #{payTime,jdbcType=TIMESTAMP},
      </if>
      <if test="payTimeout != null">
        #{payTimeout,jdbcType=TIMESTAMP},
      </if>
      <if test="sendTime != null">
        #{sendTime,jdbcType=TIMESTAMP},
      </if>
      <if test="receiveTimeout != null">
        #{receiveTimeout,jdbcType=TIMESTAMP},
      </if>
      <if test="delayReceiveTimeout != null">
        #{delayReceiveTimeout,jdbcType=TIMESTAMP},
      </if>
      <if test="orderId != null">
        #{orderId,jdbcType=BIGINT},
      </if>
      <if test="status != null">
        #{status,jdbcType=SMALLINT},
      </if>
      <if test="sendStatus != null">
        #{sendStatus,jdbcType=INTEGER},
      </if>
      <if test="receiveStatus != null">
        #{receiveStatus,jdbcType=INTEGER},
      </if>
      <if test="paymentStatus != null">
        #{paymentStatus,jdbcType=INTEGER},
      </if>
      <if test="gmtCreate != null">
        #{gmtCreate,jdbcType=TIMESTAMP},
      </if>
      <if test="gmtModified != null">
        #{gmtModified,jdbcType=TIMESTAMP},
      </if>
    </trim>
  </insert>
  <select id="countByExample" parameterType="com.wuage.order.entity.OrderStageExample" resultType="java.lang.Long">
    select count(*) from tc_order_stage
    <if test="_parameter != null">
      <include refid="Example_Where_Clause" />
    </if>
  </select>
  <update id="updateByExampleSelective" parameterType="map">
    update tc_order_stage
    <set>
      <if test="record.id != null">
        id = #{record.id,jdbcType=BIGINT},
      </if>
      <if test="record.stageSeq != null">
        stage_seq = #{record.stageSeq,jdbcType=VARCHAR},
      </if>
      <if test="record.sumMoney != null">
        sum_money = #{record.sumMoney,jdbcType=BIGINT},
      </if>
      <if test="record.payTime != null">
        pay_time = #{record.payTime,jdbcType=TIMESTAMP},
      </if>
      <if test="record.payTimeout != null">
        pay_timeout = #{record.payTimeout,jdbcType=TIMESTAMP},
      </if>
      <if test="record.sendTime != null">
        send_time = #{record.sendTime,jdbcType=TIMESTAMP},
      </if>
      <if test="record.receiveTimeout != null">
        receive_timeout = #{record.receiveTimeout,jdbcType=TIMESTAMP},
      </if>
      <if test="record.delayReceiveTimeout != null">
        delay_receive_timeout = #{record.delayReceiveTimeout,jdbcType=TIMESTAMP},
      </if>
      <if test="record.orderId != null">
        order_id = #{record.orderId,jdbcType=BIGINT},
      </if>
      <if test="record.status != null">
        status = #{record.status,jdbcType=SMALLINT},
      </if>
      <if test="record.sendStatus != null">
        send_status = #{record.sendStatus,jdbcType=INTEGER},
      </if>
      <if test="record.receiveStatus != null">
        receive_status = #{record.receiveStatus,jdbcType=INTEGER},
      </if>
      <if test="record.paymentStatus != null">
        payment_status = #{record.paymentStatus,jdbcType=INTEGER},
      </if>
      <if test="record.gmtCreate != null">
        gmt_create = #{record.gmtCreate,jdbcType=TIMESTAMP},
      </if>
      <if test="record.gmtModified != null">
        gmt_modified = #{record.gmtModified,jdbcType=TIMESTAMP},
      </if>
    </set>
    <if test="_parameter != null">
      <include refid="Update_By_Example_Where_Clause" />
    </if>
  </update>
  <update id="updateByExample" parameterType="map">
    update tc_order_stage
    set id = #{record.id,jdbcType=BIGINT},
      stage_seq = #{record.stageSeq,jdbcType=VARCHAR},
      sum_money = #{record.sumMoney,jdbcType=BIGINT},
      pay_time = #{record.payTime,jdbcType=TIMESTAMP},
      pay_timeout = #{record.payTimeout,jdbcType=TIMESTAMP},
      send_time = #{record.sendTime,jdbcType=TIMESTAMP},
      receive_timeout = #{record.receiveTimeout,jdbcType=TIMESTAMP},
      delay_receive_timeout = #{record.delayReceiveTimeout,jdbcType=TIMESTAMP},
      order_id = #{record.orderId,jdbcType=BIGINT},
      status = #{record.status,jdbcType=SMALLINT},
      send_status = #{record.sendStatus,jdbcType=INTEGER},
      receive_status = #{record.receiveStatus,jdbcType=INTEGER},
      payment_status = #{record.paymentStatus,jdbcType=INTEGER},
      gmt_create = #{record.gmtCreate,jdbcType=TIMESTAMP},
      gmt_modified = #{record.gmtModified,jdbcType=TIMESTAMP}
    <if test="_parameter != null">
      <include refid="Update_By_Example_Where_Clause" />
    </if>
  </update>
  <update id="updateByPrimaryKeySelective" parameterType="com.wuage.order.entity.OrderStage">
    update tc_order_stage
    <set>
      <if test="stageSeq != null">
        stage_seq = #{stageSeq,jdbcType=VARCHAR},
      </if>
      <if test="sumMoney != null">
        sum_money = #{sumMoney,jdbcType=BIGINT},
      </if>
      <if test="payTime != null">
        pay_time = #{payTime,jdbcType=TIMESTAMP},
      </if>
      <if test="payTimeout != null">
        pay_timeout = #{payTimeout,jdbcType=TIMESTAMP},
      </if>
      <if test="sendTime != null">
        send_time = #{sendTime,jdbcType=TIMESTAMP},
      </if>
      <if test="receiveTimeout != null">
        receive_timeout = #{receiveTimeout,jdbcType=TIMESTAMP},
      </if>
      <if test="delayReceiveTimeout != null">
        delay_receive_timeout = #{delayReceiveTimeout,jdbcType=TIMESTAMP},
      </if>
      <if test="orderId != null">
        order_id = #{orderId,jdbcType=BIGINT},
      </if>
      <if test="status != null">
        status = #{status,jdbcType=SMALLINT},
      </if>
      <if test="sendStatus != null">
        send_status = #{sendStatus,jdbcType=INTEGER},
      </if>
      <if test="receiveStatus != null">
        receive_status = #{receiveStatus,jdbcType=INTEGER},
      </if>
      <if test="paymentStatus != null">
        payment_status = #{paymentStatus,jdbcType=INTEGER},
      </if>
      <if test="gmtCreate != null">
        gmt_create = #{gmtCreate,jdbcType=TIMESTAMP},
      </if>
      <if test="gmtModified != null">
        gmt_modified = #{gmtModified,jdbcType=TIMESTAMP},
      </if>
    </set>
    where id = #{id,jdbcType=BIGINT}
  </update>
  <update id="updateByPrimaryKey" parameterType="com.wuage.order.entity.OrderStage">
    update tc_order_stage
    set stage_seq = #{stageSeq,jdbcType=VARCHAR},
      sum_money = #{sumMoney,jdbcType=BIGINT},
      pay_time = #{payTime,jdbcType=TIMESTAMP},
      pay_timeout = #{payTimeout,jdbcType=TIMESTAMP},
      send_time = #{sendTime,jdbcType=TIMESTAMP},
      receive_timeout = #{receiveTimeout,jdbcType=TIMESTAMP},
      delay_receive_timeout = #{delayReceiveTimeout,jdbcType=TIMESTAMP},
      order_id = #{orderId,jdbcType=BIGINT},
      status = #{status,jdbcType=SMALLINT},
      send_status = #{sendStatus,jdbcType=INTEGER},
      receive_status = #{receiveStatus,jdbcType=INTEGER},
      payment_status = #{paymentStatus,jdbcType=INTEGER},
      gmt_create = #{gmtCreate,jdbcType=TIMESTAMP},
      gmt_modified = #{gmtModified,jdbcType=TIMESTAMP}
    where id = #{id,jdbcType=BIGINT}
  </update>
  <resultMap id="BaseResultMap" type="com.wuage.order.entity.OrderStage">
    <id column="id" jdbcType="BIGINT" property="id" />
    <result column="stage_seq" jdbcType="VARCHAR" property="stageSeq" />
    <result column="sum_money" jdbcType="BIGINT" property="sumMoney" />
    <result column="pay_time" jdbcType="TIMESTAMP" property="payTime" />
    <result column="pay_timeout" jdbcType="TIMESTAMP" property="payTimeout" />
    <result column="send_time" jdbcType="TIMESTAMP" property="sendTime" />
    <result column="receive_timeout" jdbcType="TIMESTAMP" property="receiveTimeout" />
    <result column="delay_receive_timeout" jdbcType="TIMESTAMP" property="delayReceiveTimeout" />
    <result column="order_id" jdbcType="BIGINT" property="orderId" />
    <result column="status" jdbcType="SMALLINT" property="status" />
    <result column="send_status" jdbcType="INTEGER" property="sendStatus" />
    <result column="receive_status" jdbcType="INTEGER" property="receiveStatus" />
    <result column="payment_status" jdbcType="INTEGER" property="paymentStatus" />
    <result column="gmt_create" jdbcType="TIMESTAMP" property="gmtCreate" />
    <result column="gmt_modified" jdbcType="TIMESTAMP" property="gmtModified" />
  </resultMap>
  <sql id="Example_Where_Clause">
    <where>
      <foreach collection="oredCriteria" item="criteria" separator="or">
        <if test="criteria.valid">
          <trim prefix="(" prefixOverrides="and" suffix=")">
            <foreach collection="criteria.criteria" item="criterion">
              <choose>
                <when test="criterion.noValue">
                  and ${criterion.condition}
                </when>
                <when test="criterion.singleValue">
                  and ${criterion.condition} #{criterion.value}
                </when>
                <when test="criterion.betweenValue">
                  and ${criterion.condition} #{criterion.value} and #{criterion.secondValue}
                </when>
                <when test="criterion.listValue">
                  and ${criterion.condition}
                  <foreach close=")" collection="criterion.value" item="listItem" open="(" separator=",">
                    #{listItem}
                  </foreach>
                </when>
              </choose>
            </foreach>
          </trim>
        </if>
      </foreach>
    </where>
  </sql>
  <sql id="Update_By_Example_Where_Clause">
    <where>
      <foreach collection="example.oredCriteria" item="criteria" separator="or">
        <if test="criteria.valid">
          <trim prefix="(" prefixOverrides="and" suffix=")">
            <foreach collection="criteria.criteria" item="criterion">
              <choose>
                <when test="criterion.noValue">
                  and ${criterion.condition}
                </when>
                <when test="criterion.singleValue">
                  and ${criterion.condition} #{criterion.value}
                </when>
                <when test="criterion.betweenValue">
                  and ${criterion.condition} #{criterion.value} and #{criterion.secondValue}
                </when>
                <when test="criterion.listValue">
                  and ${criterion.condition}
                  <foreach close=")" collection="criterion.value" item="listItem" open="(" separator=",">
                    #{listItem}
                  </foreach>
                </when>
              </choose>
            </foreach>
          </trim>
        </if>
      </foreach>
    </where>
  </sql>
  <sql id="Base_Column_List">
    id, stage_seq, sum_money, pay_time, pay_timeout, send_time, receive_timeout, delay_receive_timeout, 
    order_id, status, send_status, receive_status, payment_status, gmt_create, gmt_modified
  </sql>
  <select id="selectByExample" parameterType="com.wuage.order.entity.OrderStageExample" resultMap="BaseResultMap">
    select
    <if test="distinct">
      distinct
    </if>
    <include refid="Base_Column_List" />
    from tc_order_stage
    <if test="_parameter != null">
      <include refid="Example_Where_Clause" />
    </if>
    <if test="orderByClause != null">
      order by ${orderByClause}
    </if>
    <if test="limitStart &gt;= 0">
       limit ${limitStart} , ${pageSize}
    </if>
  </select>
  <select id="selectByPrimaryKey" parameterType="java.lang.Long" resultMap="BaseResultMap">
    select 
    <include refid="Base_Column_List" />
    from tc_order_stage
    where id = #{id,jdbcType=BIGINT}
  </select>
  <delete id="deleteByPrimaryKey" parameterType="java.lang.Long">
    delete from tc_order_stage
    where id = #{id,jdbcType=BIGINT}
  </delete>
  <delete id="deleteByExample" parameterType="com.wuage.order.entity.OrderStageExample">
    delete from tc_order_stage
    <if test="_parameter != null">
      <include refid="Example_Where_Clause" />
    </if>
  </delete>
  <insert id="insert" parameterType="com.wuage.order.entity.OrderStage">
    insert into tc_order_stage (id, stage_seq, sum_money, 
      pay_time, pay_timeout, send_time, 
      receive_timeout, delay_receive_timeout, 
      order_id, status, send_status, 
      receive_status, payment_status, gmt_create, 
      gmt_modified)
    values (#{id,jdbcType=BIGINT}, #{stageSeq,jdbcType=VARCHAR}, #{sumMoney,jdbcType=BIGINT}, 
      #{payTime,jdbcType=TIMESTAMP}, #{payTimeout,jdbcType=TIMESTAMP}, #{sendTime,jdbcType=TIMESTAMP}, 
      #{receiveTimeout,jdbcType=TIMESTAMP}, #{delayReceiveTimeout,jdbcType=TIMESTAMP}, 
      #{orderId,jdbcType=BIGINT}, #{status,jdbcType=SMALLINT}, #{sendStatus,jdbcType=INTEGER}, 
      #{receiveStatus,jdbcType=INTEGER}, #{paymentStatus,jdbcType=INTEGER}, #{gmtCreate,jdbcType=TIMESTAMP}, 
      #{gmtModified,jdbcType=TIMESTAMP})
  </insert>
  <insert id="insertSelective" parameterType="com.wuage.order.entity.OrderStage">
    insert into tc_order_stage
    <trim prefix="(" suffix=")" suffixOverrides=",">
      <if test="id != null">
        id,
      </if>
      <if test="stageSeq != null">
        stage_seq,
      </if>
      <if test="sumMoney != null">
        sum_money,
      </if>
      <if test="payTime != null">
        pay_time,
      </if>
      <if test="payTimeout != null">
        pay_timeout,
      </if>
      <if test="sendTime != null">
        send_time,
      </if>
      <if test="receiveTimeout != null">
        receive_timeout,
      </if>
      <if test="delayReceiveTimeout != null">
        delay_receive_timeout,
      </if>
      <if test="orderId != null">
        order_id,
      </if>
      <if test="status != null">
        status,
      </if>
      <if test="sendStatus != null">
        send_status,
      </if>
      <if test="receiveStatus != null">
        receive_status,
      </if>
      <if test="paymentStatus != null">
        payment_status,
      </if>
      <if test="gmtCreate != null">
        gmt_create,
      </if>
      <if test="gmtModified != null">
        gmt_modified,
      </if>
    </trim>
    <trim prefix="values (" suffix=")" suffixOverrides=",">
      <if test="id != null">
        #{id,jdbcType=BIGINT},
      </if>
      <if test="stageSeq != null">
        #{stageSeq,jdbcType=VARCHAR},
      </if>
      <if test="sumMoney != null">
        #{sumMoney,jdbcType=BIGINT},
      </if>
      <if test="payTime != null">
        #{payTime,jdbcType=TIMESTAMP},
      </if>
      <if test="payTimeout != null">
        #{payTimeout,jdbcType=TIMESTAMP},
      </if>
      <if test="sendTime != null">
        #{sendTime,jdbcType=TIMESTAMP},
      </if>
      <if test="receiveTimeout != null">
        #{receiveTimeout,jdbcType=TIMESTAMP},
      </if>
      <if test="delayReceiveTimeout != null">
        #{delayReceiveTimeout,jdbcType=TIMESTAMP},
      </if>
      <if test="orderId != null">
        #{orderId,jdbcType=BIGINT},
      </if>
      <if test="status != null">
        #{status,jdbcType=SMALLINT},
      </if>
      <if test="sendStatus != null">
        #{sendStatus,jdbcType=INTEGER},
      </if>
      <if test="receiveStatus != null">
        #{receiveStatus,jdbcType=INTEGER},
      </if>
      <if test="paymentStatus != null">
        #{paymentStatus,jdbcType=INTEGER},
      </if>
      <if test="gmtCreate != null">
        #{gmtCreate,jdbcType=TIMESTAMP},
      </if>
      <if test="gmtModified != null">
        #{gmtModified,jdbcType=TIMESTAMP},
      </if>
    </trim>
  </insert>
  <select id="countByExample" parameterType="com.wuage.order.entity.OrderStageExample" resultType="java.lang.Long">
    select count(*) from tc_order_stage
    <if test="_parameter != null">
      <include refid="Example_Where_Clause" />
    </if>
  </select>
  <update id="updateByExampleSelective" parameterType="map">
    update tc_order_stage
    <set>
      <if test="record.id != null">
        id = #{record.id,jdbcType=BIGINT},
      </if>
      <if test="record.stageSeq != null">
        stage_seq = #{record.stageSeq,jdbcType=VARCHAR},
      </if>
      <if test="record.sumMoney != null">
        sum_money = #{record.sumMoney,jdbcType=BIGINT},
      </if>
      <if test="record.payTime != null">
        pay_time = #{record.payTime,jdbcType=TIMESTAMP},
      </if>
      <if test="record.payTimeout != null">
        pay_timeout = #{record.payTimeout,jdbcType=TIMESTAMP},
      </if>
      <if test="record.sendTime != null">
        send_time = #{record.sendTime,jdbcType=TIMESTAMP},
      </if>
      <if test="record.receiveTimeout != null">
        receive_timeout = #{record.receiveTimeout,jdbcType=TIMESTAMP},
      </if>
      <if test="record.delayReceiveTimeout != null">
        delay_receive_timeout = #{record.delayReceiveTimeout,jdbcType=TIMESTAMP},
      </if>
      <if test="record.orderId != null">
        order_id = #{record.orderId,jdbcType=BIGINT},
      </if>
      <if test="record.status != null">
        status = #{record.status,jdbcType=SMALLINT},
      </if>
      <if test="record.sendStatus != null">
        send_status = #{record.sendStatus,jdbcType=INTEGER},
      </if>
      <if test="record.receiveStatus != null">
        receive_status = #{record.receiveStatus,jdbcType=INTEGER},
      </if>
      <if test="record.paymentStatus != null">
        payment_status = #{record.paymentStatus,jdbcType=INTEGER},
      </if>
      <if test="record.gmtCreate != null">
        gmt_create = #{record.gmtCreate,jdbcType=TIMESTAMP},
      </if>
      <if test="record.gmtModified != null">
        gmt_modified = #{record.gmtModified,jdbcType=TIMESTAMP},
      </if>
    </set>
    <if test="_parameter != null">
      <include refid="Update_By_Example_Where_Clause" />
    </if>
  </update>
  <update id="updateByExample" parameterType="map">
    update tc_order_stage
    set id = #{record.id,jdbcType=BIGINT},
      stage_seq = #{record.stageSeq,jdbcType=VARCHAR},
      sum_money = #{record.sumMoney,jdbcType=BIGINT},
      pay_time = #{record.payTime,jdbcType=TIMESTAMP},
      pay_timeout = #{record.payTimeout,jdbcType=TIMESTAMP},
      send_time = #{record.sendTime,jdbcType=TIMESTAMP},
      receive_timeout = #{record.receiveTimeout,jdbcType=TIMESTAMP},
      delay_receive_timeout = #{record.delayReceiveTimeout,jdbcType=TIMESTAMP},
      order_id = #{record.orderId,jdbcType=BIGINT},
      status = #{record.status,jdbcType=SMALLINT},
      send_status = #{record.sendStatus,jdbcType=INTEGER},
      receive_status = #{record.receiveStatus,jdbcType=INTEGER},
      payment_status = #{record.paymentStatus,jdbcType=INTEGER},
      gmt_create = #{record.gmtCreate,jdbcType=TIMESTAMP},
      gmt_modified = #{record.gmtModified,jdbcType=TIMESTAMP}
    <if test="_parameter != null">
      <include refid="Update_By_Example_Where_Clause" />
    </if>
  </update>
  <update id="updateByPrimaryKeySelective" parameterType="com.wuage.order.entity.OrderStage">
    update tc_order_stage
    <set>
      <if test="stageSeq != null">
        stage_seq = #{stageSeq,jdbcType=VARCHAR},
      </if>
      <if test="sumMoney != null">
        sum_money = #{sumMoney,jdbcType=BIGINT},
      </if>
      <if test="payTime != null">
        pay_time = #{payTime,jdbcType=TIMESTAMP},
      </if>
      <if test="payTimeout != null">
        pay_timeout = #{payTimeout,jdbcType=TIMESTAMP},
      </if>
      <if test="sendTime != null">
        send_time = #{sendTime,jdbcType=TIMESTAMP},
      </if>
      <if test="receiveTimeout != null">
        receive_timeout = #{receiveTimeout,jdbcType=TIMESTAMP},
      </if>
      <if test="delayReceiveTimeout != null">
        delay_receive_timeout = #{delayReceiveTimeout,jdbcType=TIMESTAMP},
      </if>
      <if test="orderId != null">
        order_id = #{orderId,jdbcType=BIGINT},
      </if>
      <if test="status != null">
        status = #{status,jdbcType=SMALLINT},
      </if>
      <if test="sendStatus != null">
        send_status = #{sendStatus,jdbcType=INTEGER},
      </if>
      <if test="receiveStatus != null">
        receive_status = #{receiveStatus,jdbcType=INTEGER},
      </if>
      <if test="paymentStatus != null">
        payment_status = #{paymentStatus,jdbcType=INTEGER},
      </if>
      <if test="gmtCreate != null">
        gmt_create = #{gmtCreate,jdbcType=TIMESTAMP},
      </if>
      <if test="gmtModified != null">
        gmt_modified = #{gmtModified,jdbcType=TIMESTAMP},
      </if>
    </set>
    where id = #{id,jdbcType=BIGINT}
  </update>
  <update id="updateByPrimaryKey" parameterType="com.wuage.order.entity.OrderStage">
    update tc_order_stage
    set stage_seq = #{stageSeq,jdbcType=VARCHAR},
      sum_money = #{sumMoney,jdbcType=BIGINT},
      pay_time = #{payTime,jdbcType=TIMESTAMP},
      pay_timeout = #{payTimeout,jdbcType=TIMESTAMP},
      send_time = #{sendTime,jdbcType=TIMESTAMP},
      receive_timeout = #{receiveTimeout,jdbcType=TIMESTAMP},
      delay_receive_timeout = #{delayReceiveTimeout,jdbcType=TIMESTAMP},
      order_id = #{orderId,jdbcType=BIGINT},
      status = #{status,jdbcType=SMALLINT},
      send_status = #{sendStatus,jdbcType=INTEGER},
      receive_status = #{receiveStatus,jdbcType=INTEGER},
      payment_status = #{paymentStatus,jdbcType=INTEGER},
      gmt_create = #{gmtCreate,jdbcType=TIMESTAMP},
      gmt_modified = #{gmtModified,jdbcType=TIMESTAMP}
    where id = #{id,jdbcType=BIGINT}
  </update>
  <resultMap id="BaseResultMap" type="com.wuage.order.entity.OrderStage">
    <id column="id" jdbcType="BIGINT" property="id" />
    <result column="stage_seq" jdbcType="VARCHAR" property="stageSeq" />
    <result column="sum_money" jdbcType="BIGINT" property="sumMoney" />
    <result column="pay_timeout" jdbcType="TIMESTAMP" property="payTimeout" />
    <result column="receive_timeout" jdbcType="TIMESTAMP" property="receiveTimeout" />
    <result column="delay_receive_timeout" jdbcType="TIMESTAMP" property="delayReceiveTimeout" />
    <result column="order_id" jdbcType="BIGINT" property="orderId" />
    <result column="status" jdbcType="SMALLINT" property="status" />
    <result column="send_status" jdbcType="INTEGER" property="sendStatus" />
    <result column="receive_status" jdbcType="INTEGER" property="receiveStatus" />
    <result column="payment_status" jdbcType="INTEGER" property="paymentStatus" />
    <result column="gmt_create" jdbcType="TIMESTAMP" property="gmtCreate" />
    <result column="gmt_modified" jdbcType="TIMESTAMP" property="gmtModified" />
  </resultMap>
  <sql id="Example_Where_Clause">
    <where>
      <foreach collection="oredCriteria" item="criteria" separator="or">
        <if test="criteria.valid">
          <trim prefix="(" prefixOverrides="and" suffix=")">
            <foreach collection="criteria.criteria" item="criterion">
              <choose>
                <when test="criterion.noValue">
                  and ${criterion.condition}
                </when>
                <when test="criterion.singleValue">
                  and ${criterion.condition} #{criterion.value}
                </when>
                <when test="criterion.betweenValue">
                  and ${criterion.condition} #{criterion.value} and #{criterion.secondValue}
                </when>
                <when test="criterion.listValue">
                  and ${criterion.condition}
                  <foreach close=")" collection="criterion.value" item="listItem" open="(" separator=",">
                    #{listItem}
                  </foreach>
                </when>
              </choose>
            </foreach>
          </trim>
        </if>
      </foreach>
    </where>
  </sql>
  <sql id="Update_By_Example_Where_Clause">
    <where>
      <foreach collection="example.oredCriteria" item="criteria" separator="or">
        <if test="criteria.valid">
          <trim prefix="(" prefixOverrides="and" suffix=")">
            <foreach collection="criteria.criteria" item="criterion">
              <choose>
                <when test="criterion.noValue">
                  and ${criterion.condition}
                </when>
                <when test="criterion.singleValue">
                  and ${criterion.condition} #{criterion.value}
                </when>
                <when test="criterion.betweenValue">
                  and ${criterion.condition} #{criterion.value} and #{criterion.secondValue}
                </when>
                <when test="criterion.listValue">
                  and ${criterion.condition}
                  <foreach close=")" collection="criterion.value" item="listItem" open="(" separator=",">
                    #{listItem}
                  </foreach>
                </when>
              </choose>
            </foreach>
          </trim>
        </if>
      </foreach>
    </where>
  </sql>
  <sql id="Base_Column_List">
    id, stage_seq, sum_money, pay_timeout, receive_timeout, delay_receive_timeout, order_id, 
    status, send_status, receive_status, payment_status, gmt_create, gmt_modified
  </sql>
  <select id="selectByExample" parameterType="com.wuage.order.entity.OrderStageExample" resultMap="BaseResultMap">
    select
    <if test="distinct">
      distinct
    </if>
    <include refid="Base_Column_List" />
    from tc_order_stage
    <if test="_parameter != null">
      <include refid="Example_Where_Clause" />
    </if>
    <if test="orderByClause != null">
      order by ${orderByClause}
    </if>
    <if test="limitStart &gt;= 0">
       limit ${limitStart} , ${pageSize}
    </if>
  </select>
  <select id="selectByPrimaryKey" parameterType="java.lang.Long" resultMap="BaseResultMap">
    select 
    <include refid="Base_Column_List" />
    from tc_order_stage
    where id = #{id,jdbcType=BIGINT}
  </select>
  <delete id="deleteByPrimaryKey" parameterType="java.lang.Long">
    delete from tc_order_stage
    where id = #{id,jdbcType=BIGINT}
  </delete>
  <delete id="deleteByExample" parameterType="com.wuage.order.entity.OrderStageExample">
    delete from tc_order_stage
    <if test="_parameter != null">
      <include refid="Example_Where_Clause" />
    </if>
  </delete>
  <insert id="insert" parameterType="com.wuage.order.entity.OrderStage">
    insert into tc_order_stage (id, stage_seq, sum_money, 
      pay_timeout, receive_timeout, delay_receive_timeout, 
      order_id, status, send_status, 
      receive_status, payment_status, gmt_create, 
      gmt_modified)
    values (#{id,jdbcType=BIGINT}, #{stageSeq,jdbcType=VARCHAR}, #{sumMoney,jdbcType=BIGINT}, 
      #{payTimeout,jdbcType=TIMESTAMP}, #{receiveTimeout,jdbcType=TIMESTAMP}, #{delayReceiveTimeout,jdbcType=TIMESTAMP}, 
      #{orderId,jdbcType=BIGINT}, #{status,jdbcType=SMALLINT}, #{sendStatus,jdbcType=INTEGER}, 
      #{receiveStatus,jdbcType=INTEGER}, #{paymentStatus,jdbcType=INTEGER}, #{gmtCreate,jdbcType=TIMESTAMP}, 
      #{gmtModified,jdbcType=TIMESTAMP})
  </insert>
  <insert id="insertSelective" parameterType="com.wuage.order.entity.OrderStage">
    insert into tc_order_stage
    <trim prefix="(" suffix=")" suffixOverrides=",">
      <if test="id != null">
        id,
      </if>
      <if test="stageSeq != null">
        stage_seq,
      </if>
      <if test="sumMoney != null">
        sum_money,
      </if>
      <if test="payTimeout != null">
        pay_timeout,
      </if>
      <if test="receiveTimeout != null">
        receive_timeout,
      </if>
      <if test="delayReceiveTimeout != null">
        delay_receive_timeout,
      </if>
      <if test="orderId != null">
        order_id,
      </if>
      <if test="status != null">
        status,
      </if>
      <if test="sendStatus != null">
        send_status,
      </if>
      <if test="receiveStatus != null">
        receive_status,
      </if>
      <if test="paymentStatus != null">
        payment_status,
      </if>
      <if test="gmtCreate != null">
        gmt_create,
      </if>
      <if test="gmtModified != null">
        gmt_modified,
      </if>
    </trim>
    <trim prefix="values (" suffix=")" suffixOverrides=",">
      <if test="id != null">
        #{id,jdbcType=BIGINT},
      </if>
      <if test="stageSeq != null">
        #{stageSeq,jdbcType=VARCHAR},
      </if>
      <if test="sumMoney != null">
        #{sumMoney,jdbcType=BIGINT},
      </if>
      <if test="payTimeout != null">
        #{payTimeout,jdbcType=TIMESTAMP},
      </if>
      <if test="receiveTimeout != null">
        #{receiveTimeout,jdbcType=TIMESTAMP},
      </if>
      <if test="delayReceiveTimeout != null">
        #{delayReceiveTimeout,jdbcType=TIMESTAMP},
      </if>
      <if test="orderId != null">
        #{orderId,jdbcType=BIGINT},
      </if>
      <if test="status != null">
        #{status,jdbcType=SMALLINT},
      </if>
      <if test="sendStatus != null">
        #{sendStatus,jdbcType=INTEGER},
      </if>
      <if test="receiveStatus != null">
        #{receiveStatus,jdbcType=INTEGER},
      </if>
      <if test="paymentStatus != null">
        #{paymentStatus,jdbcType=INTEGER},
      </if>
      <if test="gmtCreate != null">
        #{gmtCreate,jdbcType=TIMESTAMP},
      </if>
      <if test="gmtModified != null">
        #{gmtModified,jdbcType=TIMESTAMP},
      </if>
    </trim>
  </insert>
  <select id="countByExample" parameterType="com.wuage.order.entity.OrderStageExample" resultType="java.lang.Long">
    select count(*) from tc_order_stage
    <if test="_parameter != null">
      <include refid="Example_Where_Clause" />
    </if>
  </select>
  <update id="updateByExampleSelective" parameterType="map">
    update tc_order_stage
    <set>
      <if test="record.id != null">
        id = #{record.id,jdbcType=BIGINT},
      </if>
      <if test="record.stageSeq != null">
        stage_seq = #{record.stageSeq,jdbcType=VARCHAR},
      </if>
      <if test="record.sumMoney != null">
        sum_money = #{record.sumMoney,jdbcType=BIGINT},
      </if>
      <if test="record.payTimeout != null">
        pay_timeout = #{record.payTimeout,jdbcType=TIMESTAMP},
      </if>
      <if test="record.receiveTimeout != null">
        receive_timeout = #{record.receiveTimeout,jdbcType=TIMESTAMP},
      </if>
      <if test="record.delayReceiveTimeout != null">
        delay_receive_timeout = #{record.delayReceiveTimeout,jdbcType=TIMESTAMP},
      </if>
      <if test="record.orderId != null">
        order_id = #{record.orderId,jdbcType=BIGINT},
      </if>
      <if test="record.status != null">
        status = #{record.status,jdbcType=SMALLINT},
      </if>
      <if test="record.sendStatus != null">
        send_status = #{record.sendStatus,jdbcType=INTEGER},
      </if>
      <if test="record.receiveStatus != null">
        receive_status = #{record.receiveStatus,jdbcType=INTEGER},
      </if>
      <if test="record.paymentStatus != null">
        payment_status = #{record.paymentStatus,jdbcType=INTEGER},
      </if>
      <if test="record.gmtCreate != null">
        gmt_create = #{record.gmtCreate,jdbcType=TIMESTAMP},
      </if>
      <if test="record.gmtModified != null">
        gmt_modified = #{record.gmtModified,jdbcType=TIMESTAMP},
      </if>
    </set>
    <if test="_parameter != null">
      <include refid="Update_By_Example_Where_Clause" />
    </if>
  </update>
  <update id="updateByExample" parameterType="map">
    update tc_order_stage
    set id = #{record.id,jdbcType=BIGINT},
      stage_seq = #{record.stageSeq,jdbcType=VARCHAR},
      sum_money = #{record.sumMoney,jdbcType=BIGINT},
      pay_timeout = #{record.payTimeout,jdbcType=TIMESTAMP},
      receive_timeout = #{record.receiveTimeout,jdbcType=TIMESTAMP},
      delay_receive_timeout = #{record.delayReceiveTimeout,jdbcType=TIMESTAMP},
      order_id = #{record.orderId,jdbcType=BIGINT},
      status = #{record.status,jdbcType=SMALLINT},
      send_status = #{record.sendStatus,jdbcType=INTEGER},
      receive_status = #{record.receiveStatus,jdbcType=INTEGER},
      payment_status = #{record.paymentStatus,jdbcType=INTEGER},
      gmt_create = #{record.gmtCreate,jdbcType=TIMESTAMP},
      gmt_modified = #{record.gmtModified,jdbcType=TIMESTAMP}
    <if test="_parameter != null">
      <include refid="Update_By_Example_Where_Clause" />
    </if>
  </update>
  <update id="updateByPrimaryKeySelective" parameterType="com.wuage.order.entity.OrderStage">
    update tc_order_stage
    <set>
      <if test="stageSeq != null">
        stage_seq = #{stageSeq,jdbcType=VARCHAR},
      </if>
      <if test="sumMoney != null">
        sum_money = #{sumMoney,jdbcType=BIGINT},
      </if>
      <if test="payTimeout != null">
        pay_timeout = #{payTimeout,jdbcType=TIMESTAMP},
      </if>
      <if test="receiveTimeout != null">
        receive_timeout = #{receiveTimeout,jdbcType=TIMESTAMP},
      </if>
      <if test="delayReceiveTimeout != null">
        delay_receive_timeout = #{delayReceiveTimeout,jdbcType=TIMESTAMP},
      </if>
      <if test="orderId != null">
        order_id = #{orderId,jdbcType=BIGINT},
      </if>
      <if test="status != null">
        status = #{status,jdbcType=SMALLINT},
      </if>
      <if test="sendStatus != null">
        send_status = #{sendStatus,jdbcType=INTEGER},
      </if>
      <if test="receiveStatus != null">
        receive_status = #{receiveStatus,jdbcType=INTEGER},
      </if>
      <if test="paymentStatus != null">
        payment_status = #{paymentStatus,jdbcType=INTEGER},
      </if>
      <if test="gmtCreate != null">
        gmt_create = #{gmtCreate,jdbcType=TIMESTAMP},
      </if>
      <if test="gmtModified != null">
        gmt_modified = #{gmtModified,jdbcType=TIMESTAMP},
      </if>
    </set>
    where id = #{id,jdbcType=BIGINT}
  </update>
  <update id="updateByPrimaryKey" parameterType="com.wuage.order.entity.OrderStage">
    update tc_order_stage
    set stage_seq = #{stageSeq,jdbcType=VARCHAR},
      sum_money = #{sumMoney,jdbcType=BIGINT},
      pay_timeout = #{payTimeout,jdbcType=TIMESTAMP},
      receive_timeout = #{receiveTimeout,jdbcType=TIMESTAMP},
      delay_receive_timeout = #{delayReceiveTimeout,jdbcType=TIMESTAMP},
      order_id = #{orderId,jdbcType=BIGINT},
      status = #{status,jdbcType=SMALLINT},
      send_status = #{sendStatus,jdbcType=INTEGER},
      receive_status = #{receiveStatus,jdbcType=INTEGER},
      payment_status = #{paymentStatus,jdbcType=INTEGER},
      gmt_create = #{gmtCreate,jdbcType=TIMESTAMP},
      gmt_modified = #{gmtModified,jdbcType=TIMESTAMP}
    where id = #{id,jdbcType=BIGINT}
  </update>
</mapper>