<?xml version="1.0" encoding="UTF-8"?>
<!DOCTYPE generatorConfiguration
        PUBLIC "-//mybatis.org//DTD MyBatis Generator Configuration 1.0//EN"
        "http://mybatis.org/dtd/mybatis-generator-config_1_0.dtd">
<generatorConfiguration>
    
    <context id="DB2Tables"    targetRuntime="MyBatis3">
        <plugin type="com.mybatis.run.generate.PagePluigin" />    
        <commentGenerator type="com.mybatis.run.generate.MyCommentGenerator">
            <property name="suppressDate" value="true"/>
            <property name="suppressAllComments" value="true"/>
            <property name="addRemarkComments" value="true"/>
        </commentGenerator>
        <!--数据库链接地址账号密码-->
        <jdbcConnection driverClass="com.mysql.jdbc.Driver" connectionURL="jdbc:mysql://rdsbx1cyyjivxv7o479h.mysql.rds.aliyuncs.com:3306/order_db" userId="order_db" password="WN%BulLrh9BUR3F">
        </jdbcConnection>
        <javaTypeResolver>
            <property name="forceBigDecimals" value="false"/>
        </javaTypeResolver>
        <!--生成Model类存放位置-->
        <javaModelGenerator targetPackage="com.wuage.order.entity" targetProject="src/main/java">
            <property name="enableSubPackages" value="true"/>
            <property name="trimStrings" value="true"/>
        </javaModelGenerator>
        <!--生成映射文件存放位置-->
        <sqlMapGenerator targetPackage="com.wuage.order.dao" targetProject="src/main/java">
            <property name="enableSubPackages" value="true"/>
        </sqlMapGenerator>
        <!--生成Dao类存放位置-->
        <!-- 客户端代码，生成易于使用的针对Model对象和XML配置文件 的代码
                type="ANNOTATEDMAPPER",生成Java Model 和基于注解的Mapper对象
                type="MIXEDMAPPER",生成基于注解的Java Model 和相应的Mapper对象
                type="XMLMAPPER",生成SQLMap XML文件和独立的Mapper接口
        -->
        <javaClientGenerator type="XMLMAPPER" targetPackage="com.wuage.order.dao" targetProject="src/main/java">
            <property name="enableSubPackages" value="true"/>
        </javaClientGenerator>
        <!--生成对应表及类名-->
        <table tableName="tc_order_offer" domainObjectName="OrderOffer"   enableUpdateByPrimaryKey="true" enableDeleteByPrimaryKey="true" ></table>
        <table tableName="tc_order" domainObjectName="Order"   enableUpdateByPrimaryKey="true" enableDeleteByPrimaryKey="true" ></table>
        <table tableName="tc_carrier" domainObjectName="Carrier"   enableUpdateByPrimaryKey="true" enableDeleteByPrimaryKey="true" ></table>
        <table tableName="tc_delay_receive" domainObjectName="DelayReceive"   enableUpdateByPrimaryKey="true" enableDeleteByPrimaryKey="true" ></table>
        <table tableName="tc_driver" domainObjectName="Driver"   enableUpdateByPrimaryKey="true" enableDeleteByPrimaryKey="true" ></table>
        <table tableName="tc_logistics_address" domainObjectName="LogisticsAddress"   enableUpdateByPrimaryKey="true" enableDeleteByPrimaryKey="true" ></table>
        <table tableName="tc_logistics" domainObjectName="Logistics"   enableUpdateByPrimaryKey="true" enableDeleteByPrimaryKey="true" ></table>
        <table tableName="tc_attachment" domainObjectName="Attachment"   enableUpdateByPrimaryKey="true" enableDeleteByPrimaryKey="true" ></table>
        <table tableName="tc_order_group" domainObjectName="OrderGroup"   enableUpdateByPrimaryKey="true" enableDeleteByPrimaryKey="true" ></table>
        <table tableName="tcr_order_invoice" domainObjectName="OrderInvoice"   enableUpdateByPrimaryKey="true" enableDeleteByPrimaryKey="true" ></table>
        <table tableName="tc_order_invoice_detail" domainObjectName="OrderInvoiceDetail"   enableUpdateByPrimaryKey="true" enableDeleteByPrimaryKey="true" ></table>
        <table tableName="tc_order_operation_log" domainObjectName="OrderOperationLog"   enableUpdateByPrimaryKey="true" enableDeleteByPrimaryKey="true" ></table>
        <table tableName="tc_order_stage" domainObjectName="OrderStage"   enableUpdateByPrimaryKey="true" enableDeleteByPrimaryKey="true" ></table>        
    </context>
</generatorConfiguration>